-- MySQL dump 10.13  Distrib 5.7.12, for osx10.9 (x86_64)
--
-- Host: localhost    Database: socia
-- ------------------------------------------------------
-- Server version	5.6.26

/*!40101 SET @OLD_CHARACTER_SET_CLIENT=@@CHARACTER_SET_CLIENT */;
/*!40101 SET @OLD_CHARACTER_SET_RESULTS=@@CHARACTER_SET_RESULTS */;
/*!40101 SET @OLD_COLLATION_CONNECTION=@@COLLATION_CONNECTION */;
/*!40101 SET NAMES utf8 */;
/*!40103 SET @OLD_TIME_ZONE=@@TIME_ZONE */;
/*!40103 SET TIME_ZONE='+00:00' */;
/*!40014 SET @OLD_UNIQUE_CHECKS=@@UNIQUE_CHECKS, UNIQUE_CHECKS=0 */;
/*!40014 SET @OLD_FOREIGN_KEY_CHECKS=@@FOREIGN_KEY_CHECKS, FOREIGN_KEY_CHECKS=0 */;
/*!40101 SET @OLD_SQL_MODE=@@SQL_MODE, SQL_MODE='NO_AUTO_VALUE_ON_ZERO' */;
/*!40111 SET @OLD_SQL_NOTES=@@SQL_NOTES, SQL_NOTES=0 */;

--
-- Table structure for table `crm_address`
--

DROP TABLE IF EXISTS `crm_address`;
/*!40101 SET @saved_cs_client     = @@character_set_client */;
/*!40101 SET character_set_client = utf8 */;
CREATE TABLE `crm_address` (
  `crm_address_id` int(11) NOT NULL,
  `street` varchar(45) DEFAULT NULL,
  `ext_num` varchar(45) DEFAULT NULL,
  `int_num` varchar(45) DEFAULT NULL,
  `suburb` varchar(45) DEFAULT NULL,
  `city` varchar(45) DEFAULT NULL,
  `state` varchar(45) DEFAULT NULL,
  `country` varchar(45) DEFAULT NULL,
  `zip_code` int(11) DEFAULT NULL,
  `status` varchar(45) DEFAULT NULL,
  PRIMARY KEY (`crm_address_id`)
) ENGINE=InnoDB DEFAULT CHARSET=utf8;
/*!40101 SET character_set_client = @saved_cs_client */;

--
-- Dumping data for table `crm_address`
--

LOCK TABLES `crm_address` WRITE;
/*!40000 ALTER TABLE `crm_address` DISABLE KEYS */;
INSERT INTO `crm_address` VALUES (1,'Calle 21','101','102','San Pedro de los Pinos','Benito Juarez','Ciudad de México','México',3800,'A'),(2,'Calle 23','103','104','San Pedro de los Pinos','Benito Juarez','Ciudad de México','México',3800,'A'),(5,'La Montaña','23','','Los Pastores','Naucalpan de Juárez','México','',53340,NULL),(11,'La Montaña','23','0','Los Pastores','Naucalpan','México','México',53440,NULL),(17,'La Montaña','23','0','Los Pastores','Naucalpan','México','México',53340,'A'),(18,'NARCISO MENDOZA','236','0','LOMA BONITA','NEZAHUALCOYOTL','MEXICO','MEXICO',57940,'A');
/*!40000 ALTER TABLE `crm_address` ENABLE KEYS */;
UNLOCK TABLES;

--
-- Table structure for table `crm_appointment`
--

DROP TABLE IF EXISTS `crm_appointment`;
/*!40101 SET @saved_cs_client     = @@character_set_client */;
/*!40101 SET character_set_client = utf8 */;
CREATE TABLE `crm_appointment` (
  `crm_appointment_id` int(11) NOT NULL,
  `date` datetime DEFAULT NULL,
  `crm_client_id` int(11) NOT NULL,
  `crm_user_id` int(11) NOT NULL,
  `crm_contact_id` int(11) NOT NULL,
  `crm_bdm_id` int(11) NOT NULL,
  `crm_address_id` int(11) NOT NULL,
  `subject` varchar(255) DEFAULT NULL,
  PRIMARY KEY (`crm_appointment_id`),
  KEY `fk_crm_appointments_crm_client1_idx` (`crm_client_id`),
  KEY `fk_crm_appointments_crm_users1_idx` (`crm_user_id`),
  KEY `fk_crm_appointments_crm_contact1_idx` (`crm_contact_id`),
  KEY `fk_crm_appointment_crm_user1_idx` (`crm_bdm_id`),
  CONSTRAINT `fk_crm_appointment_crm_user1` FOREIGN KEY (`crm_bdm_id`) REFERENCES `crm_user` (`crm_user_id`) ON DELETE NO ACTION ON UPDATE NO ACTION,
  CONSTRAINT `fk_crm_appointments_crm_client1` FOREIGN KEY (`crm_client_id`) REFERENCES `crm_client` (`crm_client_id`) ON DELETE NO ACTION ON UPDATE NO ACTION,
  CONSTRAINT `fk_crm_appointments_crm_contact1` FOREIGN KEY (`crm_contact_id`) REFERENCES `crm_contact` (`crm_contact_id`) ON DELETE NO ACTION ON UPDATE NO ACTION,
  CONSTRAINT `fk_crm_appointments_crm_users1` FOREIGN KEY (`crm_user_id`) REFERENCES `crm_user` (`crm_user_id`) ON DELETE NO ACTION ON UPDATE NO ACTION
) ENGINE=InnoDB DEFAULT CHARSET=utf8;
/*!40101 SET character_set_client = @saved_cs_client */;

--
-- Dumping data for table `crm_appointment`
--

LOCK TABLES `crm_appointment` WRITE;
/*!40000 ALTER TABLE `crm_appointment` DISABLE KEYS */;
INSERT INTO `crm_appointment` VALUES (0,'2017-01-25 12:55:00',1,2,1,1,0,'Revisar cotizaciones con cliente'),(2,'2017-01-26 13:25:00',7,2,6,1,0,'Realizar mejoras en diagnostico'),(3,'2017-01-31 13:50:00',1,2,1,1,1,'Se revisarán detalles de diagnóstico'),(4,'2017-01-06 09:45:00',7,2,6,3,17,'Se  revisará cotización y posible concurso'),(5,'2017-01-12 13:00:00',1,2,2,1,2,'Cita con tal');
/*!40000 ALTER TABLE `crm_appointment` ENABLE KEYS */;
UNLOCK TABLES;

--
-- Table structure for table `crm_bl_details`
--

DROP TABLE IF EXISTS `crm_bl_details`;
/*!40101 SET @saved_cs_client     = @@character_set_client */;
/*!40101 SET character_set_client = utf8 */;
CREATE TABLE `crm_bl_details` (
  `crm_diagnosis_id` int(11) NOT NULL DEFAULT '0',
  `crm_client_id` int(11) DEFAULT NULL,
  `crm_business_line_id` int(11) DEFAULT NULL,
  `currentBrand` int(11) DEFAULT NULL,
  `equipmentBrand` varchar(50) DEFAULT NULL,
  `equipmentType` int(11) DEFAULT NULL,
  `equipmentQty` int(11) DEFAULT NULL,
  `unitPrice` decimal(12,2) DEFAULT NULL,
  `currentVendor` varchar(50) DEFAULT NULL,
  `serviceContract` varchar(3) DEFAULT NULL,
  `specialConfig` varchar(255) DEFAULT NULL,
  `requirementsNeeded` varchar(3) DEFAULT NULL,
  `demo` varchar(3) DEFAULT NULL,
  `sales` varchar(3) DEFAULT NULL,
  `executive` varchar(50) DEFAULT NULL,
  `gainFactor` varchar(50) DEFAULT NULL,
  `decisionMaker` varchar(50) DEFAULT NULL,
  `position` varchar(50) DEFAULT NULL,
  `phone` varchar(50) DEFAULT NULL,
  `email` varchar(50) DEFAULT NULL,
  `requirements` varchar(255) DEFAULT NULL,
  `nextStep` varchar(255) DEFAULT NULL,
  `commercialProposal` varchar(255) DEFAULT NULL,
  `deliverBy` varchar(45) DEFAULT NULL,
  `lease` varchar(45) DEFAULT NULL,
  `nextTender` varchar(45) DEFAULT NULL,
  KEY `fk_crm_client_id_idx` (`crm_client_id`),
  KEY `fk_crm_business_line_id_idx` (`crm_business_line_id`),
  KEY `fk_crm_diagnosis_id_idx` (`crm_diagnosis_id`),
  CONSTRAINT `fk_crm_business_line_id` FOREIGN KEY (`crm_business_line_id`) REFERENCES `crm_business_line` (`crm_business_line_id`) ON DELETE NO ACTION ON UPDATE NO ACTION,
  CONSTRAINT `fk_crm_client_id` FOREIGN KEY (`crm_client_id`) REFERENCES `crm_client` (`crm_client_id`) ON DELETE NO ACTION ON UPDATE NO ACTION,
  CONSTRAINT `fk_crm_diagnosis_id` FOREIGN KEY (`crm_diagnosis_id`) REFERENCES `crm_diagnosis` (`crm_diagnosis_id`) ON DELETE NO ACTION ON UPDATE NO ACTION
) ENGINE=InnoDB DEFAULT CHARSET=latin1 COMMENT='Detalles de lineas de negocio del diagnostico';
/*!40101 SET character_set_client = @saved_cs_client */;

--
-- Dumping data for table `crm_bl_details`
--

LOCK TABLES `crm_bl_details` WRITE;
/*!40000 ALTER TABLE `crm_bl_details` DISABLE KEYS */;
INSERT INTO `crm_bl_details` VALUES (1,7,1,1,'HP',1,1,100.00,'DCM',' ',' ',' ',' ',' ',' ',' ',' ',' ',' ',' ',' ','  ',' ',' ',' ','   '),(2,1,1,3,NULL,2,NULL,NULL,NULL,'NO','Configuración de centro de costos en los equipos',NULL,'SI','SI',NULL,NULL,NULL,NULL,NULL,NULL,NULL,NULL,NULL,NULL,'NO',NULL),(3,1,12,17,NULL,NULL,300,345.00,'2017-01-31','N/A',NULL,'SI','SI','NO','Pedro Gomez','Mejorar Precio y congelarlo por periodos de 3 mese',NULL,'Jefe de Compras','57578490',NULL,'Mandar cotizaciones los últimos días del mes',NULL,NULL,'ENTREGA A 89 SUCURSALES','N/A','ENTREGA A 89 SUCURSALES');
/*!40000 ALTER TABLE `crm_bl_details` ENABLE KEYS */;
UNLOCK TABLES;

--
-- Table structure for table `crm_brand`
--

DROP TABLE IF EXISTS `crm_brand`;
/*!40101 SET @saved_cs_client     = @@character_set_client */;
/*!40101 SET character_set_client = utf8 */;
CREATE TABLE `crm_brand` (
  `crm_brand_id` int(11) NOT NULL,
  `crm_business_line_id` int(11) NOT NULL,
  `description` varchar(45) DEFAULT NULL,
  PRIMARY KEY (`crm_brand_id`),
  KEY `crm_brand_id` (`crm_brand_id`)
) ENGINE=InnoDB DEFAULT CHARSET=latin1;
/*!40101 SET character_set_client = @saved_cs_client */;

--
-- Dumping data for table `crm_brand`
--

LOCK TABLES `crm_brand` WRITE;
/*!40000 ALTER TABLE `crm_brand` DISABLE KEYS */;
INSERT INTO `crm_brand` VALUES (1,1,'HP'),(2,1,'RICOH'),(3,1,'XEROX'),(4,1,'BROTHER'),(5,1,'KYOCERA'),(6,1,'TOSHIBA'),(7,1,'KODAK'),(8,1,'FUJITSU'),(9,1,'LEXMARK'),(10,1,'CANON'),(11,1,'KONICA MINOLTA'),(12,1,'EPSON'),(13,1,'SHARP'),(14,1,'SAMSUNG'),(15,1,'DELL'),(16,1,'PANASONIC'),(17,12,'XEROX ECOLOGICO'),(18,2,'HP'),(19,2,'LENOVO'),(20,2,'DELL'),(21,2,'ASUS'),(22,2,'ACER'),(23,2,'PANASONIC'),(24,2,'APPLE'),(25,2,'TOSHIBA'),(26,2,'SAMSUNG'),(27,4,'HP'),(28,4,'LENOVO'),(29,4,'IBM'),(30,4,'CISCO'),(31,4,'APPLE'),(32,4,'DELL'),(33,4,'HUAWEI'),(34,15,'HP'),(35,15,'CISCO'),(36,15,'DLINK'),(37,15,'LINKSIS'),(38,15,'HUAWEI'),(39,3,'PANASONIC'),(40,3,'HP'),(41,3,'LENOVO'),(42,6,'HIGH VISION'),(43,6,'PELCO'),(44,6,'PANASONIC'),(45,6,'SAMSUNG'),(46,6,'AXIS'),(47,6,'BOLIDE'),(48,6,'BOSCH'),(49,6,'VIVOTEK'),(50,6,'DAHUA'),(51,6,'MOBOTIX'),(52,6,'HIKVISION'),(53,9,'APPLE'),(54,9,'HP'),(55,9,'LENOVO'),(56,9,'SAMSUNG'),(57,9,'ASUS'),(58,9,'ACER'),(59,9,'GENERICA'),(60,13,'MICROSOFT'),(61,13,'KARSPERSKY'),(62,13,'MCAFFE'),(63,13,'ADOBE'),(64,1,'OTRO'),(65,2,'OTRO'),(66,3,'OTRO'),(67,4,'OTRO'),(68,5,'OTRO'),(69,6,'OTRO'),(70,7,'OTRO'),(71,8,'OTRO'),(72,9,'OTRO'),(73,10,'OTRO'),(74,11,'OTRO'),(75,12,'OTRO'),(76,13,'OTRO'),(77,14,'OTRO'),(78,15,'OTRO'),(79,16,'OTRO'),(80,17,'OTRO');
/*!40000 ALTER TABLE `crm_brand` ENABLE KEYS */;
UNLOCK TABLES;

--
-- Table structure for table `crm_business_line`
--

DROP TABLE IF EXISTS `crm_business_line`;
/*!40101 SET @saved_cs_client     = @@character_set_client */;
/*!40101 SET character_set_client = utf8 */;
CREATE TABLE `crm_business_line` (
  `crm_business_line_id` int(11) NOT NULL,
  `name` varchar(45) DEFAULT NULL,
  PRIMARY KEY (`crm_business_line_id`)
) ENGINE=InnoDB DEFAULT CHARSET=utf8;
/*!40101 SET character_set_client = @saved_cs_client */;

--
-- Dumping data for table `crm_business_line`
--

LOCK TABLES `crm_business_line` WRITE;
/*!40000 ALTER TABLE `crm_business_line` DISABLE KEYS */;
INSERT INTO `crm_business_line` VALUES (1,'Servicios de Impresión'),(2,'Cómputo'),(3,'Cómputo de uso rudo'),(4,'Servidores'),(5,'Almacenamiento'),(6,'CCTV'),(7,'Telecom'),(8,'Video conferencia'),(9,'Movilidad (Tabletas y handhelds)'),(10,'Accesorios y refacciones'),(11,'Imagen y video'),(12,'Papel'),(13,'Software'),(14,'Implant / servicios / mantenimiento'),(15,'Redes'),(16,'Digitalización'),(17,'Otros');
/*!40000 ALTER TABLE `crm_business_line` ENABLE KEYS */;
UNLOCK TABLES;

--
-- Table structure for table `crm_call`
--

DROP TABLE IF EXISTS `crm_call`;
/*!40101 SET @saved_cs_client     = @@character_set_client */;
/*!40101 SET character_set_client = utf8 */;
CREATE TABLE `crm_call` (
  `crm_call_id` int(11) NOT NULL,
  `comments` varchar(255) DEFAULT NULL,
  `crm_client_id` int(11) NOT NULL,
  `crm_user_id` int(11) NOT NULL,
  `crm_contact_id` int(11) NOT NULL,
  `date_call` datetime DEFAULT NULL,
  `status` int(11) DEFAULT NULL,
  `letter` int(11) DEFAULT NULL,
  `competition` int(11) DEFAULT NULL,
  PRIMARY KEY (`crm_call_id`),
  KEY `fk_crm_call_crm_client1_idx` (`crm_client_id`),
  KEY `fk_crm_call_crm_users1_idx` (`crm_user_id`),
  KEY `fk_crm_call_crm_contact1_idx` (`crm_contact_id`),
  CONSTRAINT `fk_crm_call_crm_client1` FOREIGN KEY (`crm_client_id`) REFERENCES `crm_client` (`crm_client_id`) ON DELETE NO ACTION ON UPDATE NO ACTION,
  CONSTRAINT `fk_crm_call_crm_contact1` FOREIGN KEY (`crm_contact_id`) REFERENCES `crm_contact` (`crm_contact_id`) ON DELETE NO ACTION ON UPDATE NO ACTION,
  CONSTRAINT `fk_crm_call_crm_users1` FOREIGN KEY (`crm_user_id`) REFERENCES `crm_user` (`crm_user_id`) ON DELETE NO ACTION ON UPDATE NO ACTION
) ENGINE=InnoDB DEFAULT CHARSET=utf8;
/*!40101 SET character_set_client = @saved_cs_client */;

--
-- Dumping data for table `crm_call`
--

LOCK TABLES `crm_call` WRITE;
/*!40000 ALTER TABLE `crm_call` DISABLE KEYS */;
INSERT INTO `crm_call` VALUES (0,'Observaciones',1,2,1,'2017-01-23 13:42:00',3,1,NULL),(1,'prueba',1,2,1,'2017-01-24 13:42:00',3,1,NULL),(2,'Observaciones',7,2,6,'2017-01-25 13:42:00',2,0,NULL),(3,'Observaciones',1,2,1,'2017-01-26 13:42:00',1,0,NULL),(4,'Observaciones',8,2,7,'2017-01-27 13:42:00',2,0,NULL),(5,'Llamada sin éxito',7,2,1,'2017-01-23 12:47:08',3,0,NULL),(8,'Llamada con éxito',8,2,8,'2017-01-24 12:58:02',1,1,NULL),(9,'Parece que le puede interesar',9,2,1,'2017-01-25 12:59:03',2,0,NULL),(10,'Primer llamada',8,2,1,'2017-01-26 00:00:00',1,0,NULL),(12,'obs',7,2,1,'2017-01-27 12:59:27',2,0,NULL),(13,'obs',8,2,1,'2017-01-23 12:59:56',3,0,NULL),(16,'Se habló con el de equis',12,2,11,'2017-01-24 13:06:27',2,1,NULL),(19,'No interesado',15,2,14,'2017-01-25 12:01:52',2,1,NULL),(20,'No se interesó',9,2,15,'2017-01-30 23:44:40',3,1,NULL),(22,'Se envió carta',15,2,14,'2017-01-30 06:35:36',2,1,0),(24,'Se interesó',8,2,8,'2017-01-30 06:39:02',2,1,0),(25,'Se hará cita',7,2,6,'2017-01-30 06:41:51',1,1,1),(26,'Observaciones de la llamada',1,2,2,'2017-01-30 06:45:03',1,0,1),(27,'Observaciones',15,2,14,'2017-01-30 06:46:36',3,0,0),(28,'Llamada muy productiva, posible cotización para concurso',1,2,1,'2017-01-30 13:06:11',1,1,1),(29,'La llamada tuvo posibles buenos desenlaces',12,2,11,'2017-01-31 10:02:10',2,0,1),(30,'No se llegó a una conclusión, se volverá a marcar',16,2,16,'2017-01-31 10:03:15',3,0,0),(31,'Llamada de prueba',12,2,11,'2017-01-31 11:46:19',1,1,1),(32,'Nos confirmo pago',1,2,1,'2017-01-31 12:04:26',1,0,1);
/*!40000 ALTER TABLE `crm_call` ENABLE KEYS */;
UNLOCK TABLES;

--
-- Table structure for table `crm_client`
--

DROP TABLE IF EXISTS `crm_client`;
/*!40101 SET @saved_cs_client     = @@character_set_client */;
/*!40101 SET character_set_client = utf8 */;
CREATE TABLE `crm_client` (
  `crm_client_id` int(11) NOT NULL,
  `company_name` varchar(45) DEFAULT NULL,
  `status` varchar(45) DEFAULT NULL,
  `crm_bdm_id` int(11) NOT NULL,
  `date_created` date DEFAULT NULL,
  `client_type` char(1) DEFAULT 'P',
  `crm_user_id` int(11) NOT NULL,
  `crm_bdm_id2` int(11) DEFAULT NULL,
  `rfc` varchar(15) DEFAULT NULL,
  `business_turn` varchar(45) DEFAULT NULL,
  `street` varchar(45) DEFAULT NULL,
  `ext_num` varchar(45) DEFAULT NULL,
  `int_num` varchar(45) DEFAULT NULL,
  `suburb` varchar(45) DEFAULT NULL,
  `city` varchar(45) DEFAULT NULL,
  `state` varchar(45) DEFAULT NULL,
  `country` varchar(45) DEFAULT NULL,
  `zip_code` int(11) DEFAULT NULL,
  `employees` int(11) DEFAULT NULL,
  `annual_sales` decimal(12,4) DEFAULT NULL,
  `website` varchar(255) DEFAULT NULL,
  `branch` int(11) DEFAULT NULL,
  `phone` varchar(45) DEFAULT NULL,
  PRIMARY KEY (`crm_client_id`),
  KEY `fk_crm_client_crm_users1_idx` (`crm_bdm_id`),
  KEY `fk_crm_client_crm_users2_idx` (`crm_user_id`),
  KEY `fk_crm_user_id_crmusers2_idx` (`crm_user_id`),
  CONSTRAINT `fk_crm_client_crm_users1` FOREIGN KEY (`crm_bdm_id`) REFERENCES `crm_user` (`crm_user_id`) ON DELETE NO ACTION ON UPDATE NO ACTION,
  CONSTRAINT `fk_crm_client_crm_users2` FOREIGN KEY (`crm_user_id`) REFERENCES `crm_user` (`crm_user_id`) ON DELETE NO ACTION ON UPDATE NO ACTION,
  CONSTRAINT `fk_crm_user_id_crm_users2` FOREIGN KEY (`crm_user_id`) REFERENCES `crm_user` (`crm_user_id`) ON DELETE NO ACTION ON UPDATE NO ACTION
) ENGINE=InnoDB DEFAULT CHARSET=utf8;
/*!40101 SET character_set_client = @saved_cs_client */;

--
-- Dumping data for table `crm_client`
--

LOCK TABLES `crm_client` WRITE;
/*!40000 ALTER TABLE `crm_client` DISABLE KEYS */;
INSERT INTO `crm_client` VALUES (1,'PRUEBA S.A. DE C.V.','A',1,NULL,'P',2,NULL,NULL,NULL,NULL,NULL,NULL,NULL,NULL,NULL,NULL,NULL,NULL,NULL,NULL,NULL,NULL),(7,'PRUEBA 2 S.A. DE C.V.','A',1,NULL,'P',2,NULL,NULL,NULL,NULL,NULL,NULL,NULL,NULL,NULL,NULL,NULL,NULL,NULL,NULL,NULL,NULL),(8,'OTRO S.A. DE C.V.','A',1,NULL,'A',2,NULL,NULL,NULL,NULL,NULL,NULL,NULL,NULL,NULL,NULL,NULL,NULL,NULL,NULL,NULL,NULL),(9,'Unix S.A.','A',1,NULL,'A',2,NULL,NULL,NULL,NULL,NULL,NULL,NULL,NULL,NULL,NULL,NULL,NULL,NULL,NULL,NULL,NULL),(12,'SERPAPROSA','A',1,NULL,'A',2,NULL,NULL,NULL,NULL,NULL,NULL,NULL,NULL,NULL,NULL,NULL,NULL,NULL,NULL,NULL,NULL),(15,'Bimbo S.A. de C.V.','A',1,NULL,'P',2,NULL,NULL,NULL,NULL,NULL,NULL,NULL,NULL,NULL,NULL,NULL,NULL,NULL,NULL,NULL,NULL),(16,'Linux S.A.','A',2,NULL,'P',2,NULL,NULL,NULL,NULL,NULL,NULL,NULL,NULL,NULL,NULL,NULL,NULL,NULL,NULL,NULL,NULL);
/*!40000 ALTER TABLE `crm_client` ENABLE KEYS */;
UNLOCK TABLES;

--
-- Table structure for table `crm_client_address`
--

DROP TABLE IF EXISTS `crm_client_address`;
/*!40101 SET @saved_cs_client     = @@character_set_client */;
/*!40101 SET character_set_client = utf8 */;
CREATE TABLE `crm_client_address` (
  `crm_client_id` int(11) NOT NULL,
  `crm_address_id` int(11) NOT NULL,
  KEY `fk_crm_mvs_address_crm_client1_idx` (`crm_client_id`),
  KEY `fk_crm_mvs_address_crm_address1_idx` (`crm_address_id`),
  CONSTRAINT `fk_crm_mvs_address_crm_address1` FOREIGN KEY (`crm_address_id`) REFERENCES `crm_address` (`crm_address_id`) ON DELETE NO ACTION ON UPDATE NO ACTION,
  CONSTRAINT `fk_crm_mvs_address_crm_client1` FOREIGN KEY (`crm_client_id`) REFERENCES `crm_client` (`crm_client_id`) ON DELETE NO ACTION ON UPDATE NO ACTION
) ENGINE=InnoDB DEFAULT CHARSET=utf8;
/*!40101 SET character_set_client = @saved_cs_client */;

--
-- Dumping data for table `crm_client_address`
--

LOCK TABLES `crm_client_address` WRITE;
/*!40000 ALTER TABLE `crm_client_address` DISABLE KEYS */;
INSERT INTO `crm_client_address` VALUES (1,1),(1,2),(7,17),(8,18);
/*!40000 ALTER TABLE `crm_client_address` ENABLE KEYS */;
UNLOCK TABLES;

--
-- Table structure for table `crm_client_consecutives`
--

DROP TABLE IF EXISTS `crm_client_consecutives`;
/*!40101 SET @saved_cs_client     = @@character_set_client */;
/*!40101 SET character_set_client = utf8 */;
CREATE TABLE `crm_client_consecutives` (
  `crm_client_id` int(11) NOT NULL,
  `table` varchar(45) DEFAULT NULL,
  `consecutive` int(11) DEFAULT NULL,
  PRIMARY KEY (`crm_client_id`)
) ENGINE=InnoDB DEFAULT CHARSET=utf8;
/*!40101 SET character_set_client = @saved_cs_client */;

--
-- Dumping data for table `crm_client_consecutives`
--

LOCK TABLES `crm_client_consecutives` WRITE;
/*!40000 ALTER TABLE `crm_client_consecutives` DISABLE KEYS */;
/*!40000 ALTER TABLE `crm_client_consecutives` ENABLE KEYS */;
UNLOCK TABLES;

--
-- Table structure for table `crm_client_contact`
--

DROP TABLE IF EXISTS `crm_client_contact`;
/*!40101 SET @saved_cs_client     = @@character_set_client */;
/*!40101 SET character_set_client = utf8 */;
CREATE TABLE `crm_client_contact` (
  `crm_client_id` int(11) NOT NULL,
  `crm_contact_id` int(11) NOT NULL,
  KEY `fk_crm_mvs_contact_crm_client1_idx` (`crm_client_id`),
  KEY `fk_crm_mvs_contact_crm_contact1_idx` (`crm_contact_id`),
  CONSTRAINT `fk_crm_mvs_contact_crm_client1` FOREIGN KEY (`crm_client_id`) REFERENCES `crm_client` (`crm_client_id`) ON DELETE NO ACTION ON UPDATE NO ACTION,
  CONSTRAINT `fk_crm_mvs_contact_crm_contact1` FOREIGN KEY (`crm_contact_id`) REFERENCES `crm_contact` (`crm_contact_id`) ON DELETE NO ACTION ON UPDATE NO ACTION
) ENGINE=InnoDB DEFAULT CHARSET=utf8;
/*!40101 SET character_set_client = @saved_cs_client */;

--
-- Dumping data for table `crm_client_contact`
--

LOCK TABLES `crm_client_contact` WRITE;
/*!40000 ALTER TABLE `crm_client_contact` DISABLE KEYS */;
INSERT INTO `crm_client_contact` VALUES (1,1),(1,2),(7,6),(8,7),(8,8),(9,1),(15,14),(9,15),(12,11),(16,16);
/*!40000 ALTER TABLE `crm_client_contact` ENABLE KEYS */;
UNLOCK TABLES;

--
-- Table structure for table `crm_company_division`
--

DROP TABLE IF EXISTS `crm_company_division`;
/*!40101 SET @saved_cs_client     = @@character_set_client */;
/*!40101 SET character_set_client = utf8 */;
CREATE TABLE `crm_company_division` (
  `company_division_id` int(11) NOT NULL,
  `name` varchar(45) DEFAULT NULL,
  PRIMARY KEY (`company_division_id`)
) ENGINE=InnoDB DEFAULT CHARSET=utf8;
/*!40101 SET character_set_client = @saved_cs_client */;

--
-- Dumping data for table `crm_company_division`
--

LOCK TABLES `crm_company_division` WRITE;
/*!40000 ALTER TABLE `crm_company_division` DISABLE KEYS */;
INSERT INTO `crm_company_division` VALUES (1,'Compras'),(2,'Finanzas'),(3,'Sistemas'),(4,'Usuario Final');
/*!40000 ALTER TABLE `crm_company_division` ENABLE KEYS */;
UNLOCK TABLES;

--
-- Table structure for table `crm_consecutives`
--

DROP TABLE IF EXISTS `crm_consecutives`;
/*!40101 SET @saved_cs_client     = @@character_set_client */;
/*!40101 SET character_set_client = utf8 */;
CREATE TABLE `crm_consecutives` (
  `concept` varchar(45) NOT NULL,
  `consecutive` int(11) NOT NULL,
  PRIMARY KEY (`concept`,`consecutive`)
) ENGINE=InnoDB DEFAULT CHARSET=utf8;
/*!40101 SET character_set_client = @saved_cs_client */;

--
-- Dumping data for table `crm_consecutives`
--

LOCK TABLES `crm_consecutives` WRITE;
/*!40000 ALTER TABLE `crm_consecutives` DISABLE KEYS */;
INSERT INTO `crm_consecutives` VALUES ('addresses',19),('appointment',6),('calls',33),('clients',17),('contacts',17),('quotations',53),('tenders',15);
/*!40000 ALTER TABLE `crm_consecutives` ENABLE KEYS */;
UNLOCK TABLES;

--
-- Table structure for table `crm_contact`
--

DROP TABLE IF EXISTS `crm_contact`;
/*!40101 SET @saved_cs_client     = @@character_set_client */;
/*!40101 SET character_set_client = utf8 */;
CREATE TABLE `crm_contact` (
  `crm_contact_id` int(11) NOT NULL,
  `first_name` varchar(45) DEFAULT NULL,
  `last_name` varchar(45) DEFAULT NULL,
  `phone` varchar(45) DEFAULT NULL,
  `cellphone` varchar(45) DEFAULT NULL,
  `email` varchar(45) DEFAULT NULL,
  `status` varchar(45) DEFAULT NULL,
  `date_created` date DEFAULT NULL,
  `id_position` int(11) DEFAULT NULL,
  `company_division_id` int(11) DEFAULT NULL,
  `birthday` date DEFAULT NULL,
  PRIMARY KEY (`crm_contact_id`),
  KEY `fk_id_position_idx` (`id_position`),
  KEY `fk_company_division_id_idx` (`company_division_id`),
  CONSTRAINT `fk_company_division_id` FOREIGN KEY (`company_division_id`) REFERENCES `crm_company_division` (`company_division_id`) ON DELETE NO ACTION ON UPDATE NO ACTION,
  CONSTRAINT `fk_id_position` FOREIGN KEY (`id_position`) REFERENCES `crm_position` (`id_position`) ON DELETE NO ACTION ON UPDATE NO ACTION
) ENGINE=InnoDB DEFAULT CHARSET=utf8;
/*!40101 SET character_set_client = @saved_cs_client */;

--
-- Dumping data for table `crm_contact`
--

LOCK TABLES `crm_contact` WRITE;
/*!40000 ALTER TABLE `crm_contact` DISABLE KEYS */;
INSERT INTO `crm_contact` VALUES (1,'Ana','Bobana','12345678ext.1234',NULL,'ana@company.com','A',NULL,5,1,NULL),(2,'Pepe','Pecas','87654321ext.9009',NULL,'pepe@company.com','A',NULL,3,3,NULL),(3,'Lalo','Landa','75930248ext. ',NULL,'lalo@company.com','A',NULL,2,4,NULL),(6,'Bruno D¡az','lastName','12345678ext. ',NULL,'bruno@socia.com.mx','A',NULL,1,2,NULL),(7,'Bruno D¡az','lastName','12345678ext.9002',NULL,'bruno@socia.com.mx','A',NULL,6,1,NULL),(8,'Jos‚','Ramos','56785678ext.7006',NULL,'jose.ramos@test.com','A','2016-11-29',1,2,NULL),(11,'Ricardo','Madrazo','56273000ext.9009',NULL,'ricardo.madrazod@panamericano.com','A','2017-01-09',1,3,NULL),(14,'Rosa','Mendiola','55657690ext.9700',NULL,'rosa.mendiola@bimbo.com','A','2017-01-16',2,1,NULL),(15,'Maria','Alonso','55657690ext.4354',NULL,'maria.alonso@test.com','A',NULL,2,1,NULL),(16,'Pepe','Madero','557890849ext.9000',NULL,'pmadero@linux.com','A','2017-01-31',3,2,NULL);
/*!40000 ALTER TABLE `crm_contact` ENABLE KEYS */;
UNLOCK TABLES;

--
-- Table structure for table `crm_days_off`
--

DROP TABLE IF EXISTS `crm_days_off`;
/*!40101 SET @saved_cs_client     = @@character_set_client */;
/*!40101 SET character_set_client = utf8 */;
CREATE TABLE `crm_days_off` (
  `date` date NOT NULL,
  PRIMARY KEY (`date`)
) ENGINE=InnoDB DEFAULT CHARSET=utf8;
/*!40101 SET character_set_client = @saved_cs_client */;

--
-- Dumping data for table `crm_days_off`
--

LOCK TABLES `crm_days_off` WRITE;
/*!40000 ALTER TABLE `crm_days_off` DISABLE KEYS */;
INSERT INTO `crm_days_off` VALUES ('2016-11-21'),('2017-02-06'),('2017-03-20'),('2017-04-13'),('2017-04-14'),('2017-05-01'),('2017-11-20'),('2017-12-25');
/*!40000 ALTER TABLE `crm_days_off` ENABLE KEYS */;
UNLOCK TABLES;

--
-- Table structure for table `crm_diagnosis`
--

DROP TABLE IF EXISTS `crm_diagnosis`;
/*!40101 SET @saved_cs_client     = @@character_set_client */;
/*!40101 SET character_set_client = utf8 */;
CREATE TABLE `crm_diagnosis` (
  `crm_diagnosis_id` int(11) NOT NULL,
  `date_updated` date DEFAULT NULL,
  `crm_user_id` int(11) DEFAULT NULL,
  `crm_client_id` int(11) NOT NULL,
  PRIMARY KEY (`crm_diagnosis_id`),
  KEY `pk_crm_diagnosis` (`crm_diagnosis_id`),
  KEY `fk_crm_user_id_idx` (`crm_user_id`),
  CONSTRAINT `fk_crm_user_id` FOREIGN KEY (`crm_user_id`) REFERENCES `crm_user` (`crm_user_id`) ON DELETE NO ACTION ON UPDATE NO ACTION
) ENGINE=InnoDB DEFAULT CHARSET=latin1;
/*!40101 SET character_set_client = @saved_cs_client */;

--
-- Dumping data for table `crm_diagnosis`
--

LOCK TABLES `crm_diagnosis` WRITE;
/*!40000 ALTER TABLE `crm_diagnosis` DISABLE KEYS */;
INSERT INTO `crm_diagnosis` VALUES (1,'2017-01-31',1,7),(2,'2017-01-31',1,1),(3,'2017-01-31',1,1);
/*!40000 ALTER TABLE `crm_diagnosis` ENABLE KEYS */;
UNLOCK TABLES;

--
-- Table structure for table `crm_directory`
--

DROP TABLE IF EXISTS `crm_directory`;
/*!40101 SET @saved_cs_client     = @@character_set_client */;
/*!40101 SET character_set_client = utf8 */;
CREATE TABLE `crm_directory` (
  `crm_directory_id` int(11) NOT NULL,
  `first_name` varchar(45) DEFAULT NULL,
  `last_name` varchar(45) DEFAULT NULL,
  `position` varchar(45) DEFAULT NULL,
  `phone` varchar(45) DEFAULT NULL,
  `cell_phone` varchar(45) DEFAULT NULL,
  `email` varchar(45) DEFAULT NULL,
  `comments` varchar(45) DEFAULT NULL,
  `company_division_id` int(11) NOT NULL,
  `date_of_birth` datetime DEFAULT NULL,
  `crm_client_id` int(11) NOT NULL,
  `status` varchar(45) DEFAULT NULL,
  PRIMARY KEY (`crm_directory_id`),
  KEY `fk_crm_directory_company_division1_idx` (`company_division_id`),
  KEY `fk_crm_directory_crm_client1_idx` (`crm_client_id`),
  CONSTRAINT `fk_crm_directory_company_division1` FOREIGN KEY (`company_division_id`) REFERENCES `crm_company_division` (`company_division_id`) ON DELETE NO ACTION ON UPDATE NO ACTION,
  CONSTRAINT `fk_crm_directory_crm_client1` FOREIGN KEY (`crm_client_id`) REFERENCES `crm_client` (`crm_client_id`) ON DELETE NO ACTION ON UPDATE NO ACTION
) ENGINE=InnoDB DEFAULT CHARSET=utf8;
/*!40101 SET character_set_client = @saved_cs_client */;

--
-- Dumping data for table `crm_directory`
--

LOCK TABLES `crm_directory` WRITE;
/*!40000 ALTER TABLE `crm_directory` DISABLE KEYS */;
/*!40000 ALTER TABLE `crm_directory` ENABLE KEYS */;
UNLOCK TABLES;

--
-- Table structure for table `crm_equipment_type`
--

DROP TABLE IF EXISTS `crm_equipment_type`;
/*!40101 SET @saved_cs_client     = @@character_set_client */;
/*!40101 SET character_set_client = utf8 */;
CREATE TABLE `crm_equipment_type` (
  `crm_equipment_type_id` int(11) NOT NULL,
  `crm_business_line_id` int(11) DEFAULT NULL,
  `description` varchar(45) DEFAULT NULL,
  PRIMARY KEY (`crm_equipment_type_id`)
) ENGINE=InnoDB DEFAULT CHARSET=utf8;
/*!40101 SET character_set_client = @saved_cs_client */;

--
-- Dumping data for table `crm_equipment_type`
--

LOCK TABLES `crm_equipment_type` WRITE;
/*!40000 ALTER TABLE `crm_equipment_type` DISABLE KEYS */;
INSERT INTO `crm_equipment_type` VALUES (1,1,'MULTIFUNCIONAL'),(2,1,'IMPRESORA'),(3,1,'SCANNER'),(4,1,'COPIADORA'),(5,2,'DESKTOP'),(6,2,'PORTATILES'),(7,2,'ALL IN ONE'),(8,15,'SWITCHES'),(9,15,'ROUTERS'),(10,15,'ACCESS POINT'),(11,3,'PORTATILES'),(12,3,'TABLETA'),(13,3,'PDA\'S'),(14,6,'CAMARA INTERIOR'),(15,6,'CAMARA CON INFRARROJOS'),(16,6,'CAMARAS ANTIVANDALICAS'),(17,6,'CAMARAS IP'),(18,6,'CAMARAS CON MOVIMIENTO Y ZOOM'),(19,6,'CAMARAS OCULTAS'),(20,9,'7\" / WIFI'),(21,9,'10\" / WIFI'),(22,9,'7\" / 3G O 4G'),(23,9,'10\" / 3G O 4G'),(24,13,'SISTEMA OPERATIVO'),(25,13,'LICENCIAS OFFICE'),(26,13,'ANTIVIRUS'),(27,13,'CRM DYNAMICS'),(28,13,'SOFTWARE PROGRAMACION'),(29,13,'SQL SERVER'),(30,1,'OTRO'),(31,2,'OTRO'),(32,3,'OTRO'),(33,4,'OTRO'),(34,5,'OTRO'),(35,6,'OTRO'),(36,7,'OTRO'),(37,8,'OTRO'),(38,9,'OTRO'),(39,10,'OTRO'),(40,11,'OTRO'),(41,12,'OTRO'),(42,13,'OTRO'),(43,14,'OTRO'),(44,15,'OTRO'),(45,16,'OTRO'),(46,17,'OTRO');
/*!40000 ALTER TABLE `crm_equipment_type` ENABLE KEYS */;
UNLOCK TABLES;

--
-- Table structure for table `crm_goal`
--

DROP TABLE IF EXISTS `crm_goal`;
/*!40101 SET @saved_cs_client     = @@character_set_client */;
/*!40101 SET character_set_client = utf8 */;
CREATE TABLE `crm_goal` (
  `crm_goal_id` int(11) NOT NULL,
  `calls` int(11) DEFAULT NULL,
  `appointments` int(11) DEFAULT NULL,
  `quotations` int(11) DEFAULT NULL,
  `calls_scope` decimal(12,2) DEFAULT NULL,
  `appointments_scope` decimal(12,2) DEFAULT NULL,
  `quotations_scope` decimal(12,2) DEFAULT NULL,
  `date_updated` datetime DEFAULT NULL,
  `crm_client_id` int(11) NOT NULL,
  PRIMARY KEY (`crm_goal_id`),
  KEY `fk_crm_goal_crm_client1_idx` (`crm_client_id`),
  CONSTRAINT `fk_crm_goal_crm_client1` FOREIGN KEY (`crm_client_id`) REFERENCES `crm_client` (`crm_client_id`) ON DELETE NO ACTION ON UPDATE NO ACTION
) ENGINE=InnoDB DEFAULT CHARSET=utf8;
/*!40101 SET character_set_client = @saved_cs_client */;

--
-- Dumping data for table `crm_goal`
--

LOCK TABLES `crm_goal` WRITE;
/*!40000 ALTER TABLE `crm_goal` DISABLE KEYS */;
/*!40000 ALTER TABLE `crm_goal` ENABLE KEYS */;
UNLOCK TABLES;

--
-- Table structure for table `crm_item`
--

DROP TABLE IF EXISTS `crm_item`;
/*!40101 SET @saved_cs_client     = @@character_set_client */;
/*!40101 SET character_set_client = utf8 */;
CREATE TABLE `crm_item` (
  `crm_item_id` varchar(25) NOT NULL,
  `description_1` varchar(255) DEFAULT NULL,
  `description_2` varchar(255) DEFAULT NULL,
  `unit` varchar(15) DEFAULT NULL,
  `currency` varchar(3) DEFAULT NULL,
  `tax` decimal(12,2) DEFAULT NULL,
  `last_price` decimal(12,6) DEFAULT NULL,
  PRIMARY KEY (`crm_item_id`)
) ENGINE=InnoDB DEFAULT CHARSET=utf8;
/*!40101 SET character_set_client = @saved_cs_client */;

--
-- Dumping data for table `crm_item`
--

LOCK TABLES `crm_item` WRITE;
/*!40000 ALTER TABLE `crm_item` DISABLE KEYS */;
INSERT INTO `crm_item` VALUES (' 944011L','THINKPAD T440P 14.1 CI74710MQSYST 8GB, 1TB CDRW/DVDRWWIN8 PRO 64SPC0A13A9',' ','PZA','MXN',0.16,0.000000),(' 960-000947','CAMARA WEB LOGITECH C270 HD720P FOTO 3PMPX MICROFONO PC',' ','PZA','MXN',0.16,0.000000),(' 9930069','VIDEO CARD PNY NVIDIA QUADRO 0751492576084 3,324.55 16,622.75CTLR K620, 2GB 384 NUCLEOS DVI-DLDP',' ','PZA','MXN',0.16,0.000000),(' E581416','4GB DDR3 1333MHZ SODIMM MODULE .',' ','PZA','MXN',0.16,0.000000),(' KB-383','TECLADO MICROSOFT WIRELESS 800 ESPAÑOL NEGRO (BLISTER)',' ','PZA','MXN',0.16,0.000000),(' KVR16N11S8/4','VALUERAM 4GB DIMM DDR3-1600 SR X8 NON-ECC CL11',' ','PZA','MXN',0.16,0.000000),(' LH55DBDPLGA/ZA','PANTALLA SAMSUNG LED 55\" FHD VGA DVI HDMI USB LAN 12X7 3YW',' ','PZA','MXN',0.16,0.000000),(' LS24D390H ','MONITOR LED SAMSUNG  24\" WIDE VGA HDMI 1920X1080 NEGRO',' ','PZA','USD',0.16,0.000000),(' LVCW-002','CAMARA WEB USB 1.3MPX C/MICROFO NO BASE DE CLIP NEGRA 25CPS ACTECK',' ','PZA','MXN',0.16,0.000000),(' MS-721',' MOUSE OPTICO MICROSOFT ALAMBRICO 200 USB',' ','PZA','MXN',0.16,0.000000),(' SE2416H','MONITOR DELL 24 | SE2416H',' ','PZA','USD',0.16,0.000000),('000','ARRANQUE UPS',' ','PZA','MXN',0.16,0.000000),('001680','EQUIPO PORTATIL HP 440 G3 ',' ','PZA','MXN',0.16,0.000000),('002','2\" CLAMP BASE ONLY THESE ARE \"BULK PACKED\", SO NO RETAIL PACKAGING',' ','PZA','USD',0.16,20.000000),('006R01146','006R01146, TONER XEROX CC WC WCP 165 175',' ','PZA','MXN',0.16,4050.000000),('00MJ095','8GB FC 4 PORT HOST INTERFACE CARD',' ','PZA','USD',0.16,0.000000),('00MJ119','FLASHCOPY UPGRADE',' ','PZA','USD',0.16,0.000000),('00MJ141','300 GB 15,000 RPM 6 GB SAS 2.5 INCH HDD',' ','PZA','USD',0.16,0.000000),('00MJ170','5M FIBER CABLE (LC)',' ','PZA','USD',0.16,0.000000),('00MJ248','1.8M, 10A/120V, C13 TO NEMA 5-15P (US/CHICAGO) LINE CORD',' ','PZA','USD',0.16,0.000000),('00Y3270','TARJETA QLOGIC ENET AND 8GB FC EXP CARD (CFFH) FOR BLADECENTER',' ','PZA','USD',0.16,904.180000),('0134C001AA','CAMARA CANON POWERSHOT ELPH160 NEGRA',' ','PZA','MXN',0.16,0.000000),('0141SJ','JABRA - AUDÍFONO BLUETOOTH STEALTH - NEGRO/ROJO',' ','PZA','MXN',0.16,0.000000),('021-10257','021-10257, OFFICE STD 2013 SNGL OLP NL',' ','PZA','USD',0.16,325.100000),('021-10554','OFFICESTD 2016 SNGL OLP NL',' ','PZA','USD',0.16,290.500000),('059-08268','WORD 2013 32-BIT/X64 ENGLISH DVD',' ','Pza','MXN',0.16,1362.430000),('059-08277','WORD 2013 32-BIT/X64 SPANISH LATAM NOT TO PUERTO RICO DVD',' ','Pza','MXN',0.16,1362.430000),('065-07516','EXCEL 2013 32-BIT/X64 ENGLISH DVD',' ','Pza','MXN',0.16,1362.430000),('065-07525','EXCEL 2013 32-BIT/X64 SPANISH LATAM NOT TO PUERTO RICO DVD',' ','Pza','MXN',0.16,1362.430000),('076-05069','PROJECT 2013 32-BIT/X64 ENGLISH DVD',' ','Pza','MXN',0.16,7802.940000),('076-05078','PROJECT 2013 32-BIT/X64 SPANISH DVD',' ','Pza','MXN',0.16,7802.940000),('077-06369','ACCESS 2013 32-BIT/X64 ENGLISH DVD',' ','Pza','MXN',0.16,1362.430000),('077-06378','ACCESS 2013 32-BIT/X64 SPANISH LATAM NOT TO PUERTO RICO DVD',' ','Pza','MXN',0.16,1362.430000),('079-05836','POWERPOINT 2013 32-BIT/X64 ENGLISH DVD',' ','Pza','MXN',0.16,1362.320000),('079-05845','POWERPOINT 2013 32-BIT/X64 SPANISH LATAM NOT TO PUERTO RICO DVD',' ','Pza','MXN',0.16,1362.320000),('0A34069','LENOVO WIRELESS KEYBOARD & MOUSE II  LA SPANISH (WITHOUT BATTERY)',' ','PZA','MXN',0.16,599.000000),('0B47089','LENOVO MINI-DISPLAYPORT TO HDMI ADAPTER',' ','PZA','MXN',0.16,0.000000),('0B47322','THINKPAD 500GB, 7200RPM, 7MM SATA 3 HARD DRIVE (HASWELL)',' ','PZA','MXN',0.16,0.000000),('0E71OZZ0-ER1EA','STMC ENDPOINT PROTECTION 12.1 PER USER RENEWAL ESSENTIAL 12 MONTHS EXPRESS BAND A',' ','PZA','MXN',0.16,0.000000),('1','Servidor',NULL,NULL,NULL,NULL,NULL),('1000195929','JABRA - AUDÍFONO BLUETOOTH MOTION - NEGRO/PLATA',' ','PZA','MXN',0.16,0.000000),('10012 USB/R','NO BREAK KOBLENZ 10012,1000VA/600W, LINEA PRO, 8 CONT, USB,RJ11, VENTILADOR INT, 350 JOULES, 60 MIN.',' ','Pza','MXN',0.16,0.000000),('1084C001AA','CAMARA CANON POWERSHOT ELPH 190 IS , 20MP, 10X, LCD 2.7, WIFI NFC, ESTABILIZADOR, COLOR NEGRO',' ','PZA','MXN',0.16,0.000000),('1093C001AA','CAMARA CANON POWERSHOT ELPH 180 PLATA ',' ','PZA','MXN',0.16,0.000000),('109R00773','109R00773, XEROX 5790 FUSOR WORKCENTRE ',' ','PZA','USD',0.16,315.970000),('10A6A035LS','THINKCENTRE M93P TORRE  INTEL CORE I74770, 8GB (2 X 4GB), 1TB 7200RPM,  INTEL GRAPHICS INTEGRATED, DVD RECORDABLE, INTEL GIGABIT ETHERNET, CARD READER, WINDOWS 7 PRO/ WINDOWS 8 PRO64, ENERGY STAR',' ','Pza','MXN',0.16,11841.610000),('10A6A0A900','THINKCENTRE M93P TORRE  INTEL CORE I74770, 8GB (2 X 4GB), 1TB 7200RPM,  INTEL GRAPHICS INTEGRATED, DVD RECORDABLE, INTEL GIGABIT ETHERNET, CARD READER, WINDOWS 7 PRO 64/ WINDOWS 8 PRO 64 RM, ENERGY STAR',' ','Pza','MXN',0.16,11841.610000),('10A6A0HGLS','THINKCENTRE M93P TORRE  INTEL CORE I74770 VPRO, 8GB (2 X 4GB 1600MHZ UDIMM DDR3), 1TB 7200RPM SATA3 3.5\",  INTEL GRAPHICS INTEGRATED, DVD RECORDABLE, INTEL GIGABIT ETHERNET, CARD READER, ENERGY STAR, INTRUSSION SWITCH, WINDOWS 8.1 PRO 64/ WINDOWS 7 PRO 64',', ENERGY STAR','Pza','MXN',0.16,11841.610000),('10A6A0RQLS','THINKCENTRE M93P TORRE  INTEL CORE I7-4790 VPRO, 8GB 1600MHZ UDIMM DDR3 , 1TB 7200RPM SATA3 3.5\",  GRAFICOS INTEGRADOS, OPTICO, INTEL GIGABIT ETHERNET, LECTOR DE TARJETAS, SENSOR DE APERTURA, WINDOWS 8.1 PRO 64/ WINDOWS 7 PRO 64, ENERGY STAR',' ','Pza','MXN',0.16,11841.610000),('10A8S3MT0E','THINKCENTRE M93P, CORE I5-4570, W8P64, 8.0GB, 1X500GB SATA, SATA DVD-R,  (4X3), 4YR OS INTL DEL',' ','PZA','MXN',0.16,0.000000),('10ABA00XLS','THINKCENTRE M93P TINY INTEL CORE I54570T , 4GB LOW VOLTAGE, 500GB 7200RPM,  INTEL INTEGRATED HD GRAPHICS, SLIM DVD RECORDABLE, INTEL JACKSON PEAK WIFI, INTEL GIGABIT ETHERNET, VESA MOUNT BRACKET KIT, WINDOWS 8 PRO 64 DG WINDOWS 7 PRO 32, ENERGY STAR',' ','Pza','MXN',0.16,10026.800000),('10ABA02LLS','THINKCENTRE M93P TINY INTEL CORE I54570T, 4GB LOW VOLTAGE, 500GB 7200RPM,  INTEL INTEGRATED HD GRAPHICS, SLIM DVD RECORDABLE, INTEL WIFI 7260, INTEL GIGABIT ETHERNET, VESA MOUNT BRACKET KIT, WINDOWS 8.1 PRO 64 DG WINDOWS 7 PRO 64, ENERGY STAR',' ','Pza','MXN',0.16,10026.800000),('10ABA042LS','THINKCENTRE M93P TINY INTEL CORE I5-4590T, 4GB 1600MHZ SODIMM DDR3 LV, 500GB 7200RPM SATA 2.5\" SLIM,  GRAFICOS INTEGRADOS, SLIM DVD, INTEL WIFI 7260AC, INTEL GIGABIT ETHERNET, MONTAJE VESA, SENSOR DE APERTURA, WINDOWS 8.1 PRO 64 DG WINDOWS 7 PRO 64, ENERG','Y STAR','Pza','MXN',0.16,10026.800000),('10AGA01LLS','THINKCENTRE M83 TORRE INTEL CORE I5 4430, 4GB, 500GB 7200RPM, INTEL INTEGRATED HD GRAPHICS, DVD RECORDABLE, INTEL GIGABIT ETHERNET, CARD READER,  WINDOWS 7 PRO 64/ WINDOWS 8 PRO 32 RM, ENERGY STAR',' ','Pza','MXN',0.16,9237.110000),('10AGA08PLS','THINKCENTRE M83 TORRE INTEL CORE I5 4430, 4GB, 500GB 7200RPM, INTEL INTEGRATED HD GRAPHICS, DVD RECORDABLE, INTEL GIGABIT ETHERNET, CARD READER,  WINDOWS 7 PRO 64/ WINDOWS 8.1 PRO 64 RM, ENERGY STAR',' ','PZA','MXN',0.16,0.000000),('10AGA0DWLS ','THINKCENTRE M83 TORRE INTEL CORE I5 4460, 4GB 1600MHZ UDIMM DDR3, 500GB 7200RPM SATA 3.5\", GRAFICOS INTEGRADOS, OPTICO, INTEL GIGABIT ETHERNET, LECTOR DE TARJETAS, SENSOR DE APERTURA, WINDOWS 7 PRO 64/ WINDOWS 8.1 PRO 64 RM, ENERGY STAR',' ','Pza','MXN',0.16,9237.110000),('10AHA02NLS','THINKCENTRE M83 SFF INTEL CORE I54440S, 4GB, 500GB 7200RPM,  INTEL INTEGRATED GRAPHICS, DVD RECORDABLE, INTEL GIGABIT ETHERNET, MEDIA CARD READER, INTRUSION SWITCH, WINDOWS 7 PRO 64/ WINDOWS 8 PRO 64 RM, ENERGY STAR',' ','Pza','MXN',0.16,9192.780000),('10AHA0LYLS','THINKCENTRE M83 SFF INTEL CORE I54440S, 4GB 1600MHZ UDIMM DDR3, 500GB 7200RPM SATA 2.5\",  INTEL INTEGRATED GRAPHICS, DVD RECORDABLE, INTEL GIGABIT ETHERNET, MEDIA CARD READER, INTRUSION SWITCH, WINDOWS 8.1 PRO 64/ WINDOWS 7 PRO 64 RM, ENERGY STAR',' ','Pza','MXN',0.16,9192.780000),('10AHA0UJLS','THINKCENTRE M83 SFF INTEL CORE I5-4460, 4GB 1600MHZ UDIMM DDR3, 500GB 7200RPM SATA 2.5\", GRAFICOS INTEGRADOS, OPTICO, INTEL GIGABIT ETHERNET, LECTOR DE TARJETAS, SENSOR DE APERTURA, WINDOWS 8.1 PRO 64/ WINDOWS 7 PRO 64 RM, ENERGY STAR',' ','Pza','MXN',0.16,9192.780000),('10AMA018LS','THINKCENTRE M83 SFF CORE I5-4590 3.3 GHZ / 8GB / 500GB / WINDOWS 8.1 PRO',' ','PZA','MXN',0.16,0.000000),('10AX0030LS','THINKCENTRE M73 TINY CORE I3 4130 3.4GHZ/4GB/500GB/SLIM DVD/VIDEO INTEL/GIGABIT/VESA MOUNT/ WIN7 PRO',' ','PZA','MXN',0.16,0.000000),('10AXA0CB00','THINKCENTRE M73E TINY INTEL CORE I3 4130T, 4GB, 500GB 7200RPM, INTEGRATED GRAPHICS INTEL , SLIM DVD RECORDABLE, INTEL GIGABIT ETHERNET, USB KEYBOARD, WIFI CARD CANYON PEAK, INTRUSION SWITCH, VESA MOUNT BRACKET, WINDOWS 7 PRO 64/ WINDOWS 8 PRO 64 RM (GABIN','ETE 1 LITRO) ENERGY STAR, 3AÑOS GARANTIA OS','Pza','MXN',0.16,7525.770000),('10AXA0UULS','THINKCENTRE M73E TINY INTEL CORE I3 4130T, 4GB 1600MHZ SODIMM DDR3 LV, 500GB 7200RPM, INTEGRATED GRAPHICS INTEL , WIRELESS N7260 AC, SLIM DVD RECORDABLE, INTEL GIGABIT ETHERNET, USB KEYBOARD, INTRUSSION SWITCH, VESA MOUNT BRACKET, WINDOWS 8.1 PRO 64/ WIND','OWS 7 PRO 64 RM, ENERGY STAR','Pza','MXN',0.16,7927.840000),('10AXA1E6LS','THINKCENTRE M73E TINY INTEL CORE I3 4150T, 4GB 1600MHZ SODIMM DDR3 LV, 500GB 7200RPM SATA 2.5\", GRAFICOS INTEGRADOS, WIRELESS N7260 AC, SLIM DVD, INTEL GIGABIT ETHERNET,  SENSOR DE APERTURA, MONTAJE VESA, WINDOWS 8.1 PRO 64/ WINDOWS 7 PRO 64 RM, ENERGY ST','AR','PZA','USD',0.16,0.000000),('10AXA1E6LS ','THINKCENTRE M73E TINY INTEL CORE I3 4150T, 4GB 1600MHZ SODIMM DDR3 LV, 500GB 7200RPM SATA 2.5\", GRAFICOS INTEGRADOS, WIRELESS N7260 AC, SLIM DVD, INTEL GIGABIT ETHERNET,  SENSOR DE APERTURA, MONTAJE VESA, WINDOWS 8.1 PRO 64/ WINDOWS 7 PRO 64 RM, ENERGY ST','AR','Pza','MXN',0.16,7927.840000),('10AYA00Q00','THINKCENTRE M73 TINY INTEL PENTIUM DC G3220T, 4GB, 500GB 5400 RPM, INTEL GRAPHICS INTEGRATED, INTRUSION SWITCH, WINDOWS 8 PRO DG W7 PRO, ENERGY STAR',' ','Pza','MXN',0.16,6340.210000),('10AYA01ULS','THINKCENTRE M73 TINY INTEL PENTIUM DUAL CORE G3220T, 4GB 1600MHZ SODIMM DDR3 LV, 500GB 7200RPM SATA 2.5\", INTEL GRAPHICS INTEGRATED, INTRUSION SWITCH, WINDOWS 8.1 PRO 64DG W7 PRO 64',' ','Pza','MXN',0.16,6587.630000),('10AYA025LM ','THINKCENTRE M73E TINY INTEL CELERON G1820T, 2GB, 500GB 5400RPM SATA, INTEL GRAPHICS INTEGRATED, INTEL GIGABIT ETHERNET, WINDOWS 8.1 64 SL',' ','Pza','MXN',0.16,5340.210000),('10AYA037LM  ','THINKCENTRE M73E TINY INTEL CELERON G1840T, 4GB, 500GB 7200RPM SATA, GRAFICOS INTEGRADOS, SENSOR DE APERTURA, GIGABIT ETHERNET, WINDOWS 8.1 64 SL',' ','Pza','MXN',0.16,5340.210000),('10AYA038LS ','THINKCENTRE M73 TINY INTEL PENTIUM DUAL CORE G3240T, 4GB 1600MHZ SODIMM DDR3 LV, 500GB 7200RPM SATA 2.5\", GRAFICOS INTEGRADOS, SENSOR DE APERTURA, WINDOWS 8.1 PRO 64DG W7 PRO 64',' ','Pza','MXN',0.16,6587.630000),('10B2A00100','THINKCENTRE M73 TORRE  INTEL CORE I3 4130, 4GB, 500GB 7200RPM, INTEL INTEGRATED HD GRAPHICS, DVD RECORDABLE, INTEL GIGABIT ETHERNET, CARD READER,  WINDOWS 7 PRO 64/ WINDOWS 8 PRO 64 RM, ENERGY STAR',' ','Pza','MXN',0.16,7680.410000),('10B2A003LS','THINKCENTRE M73 TORRE  INTEL CORE I3 4130, 4GB 1600MHZ UDIMM DDR3, 500GB 7200RPM SATA3 3.5\", INTEL INTEGRATED HD GRAPHICS, DVD RECORDABLE, INTEL GIGABIT ETHERNET, CARD READER, INTRUSSION SWITCH, WINDOWS 8.1 PRO 64/ WINDOWS 7 PRO 64, ENERGY STAR',' ','Pza','MXN',0.16,7752.580000),('10B2A00SLS','THINKCENTRE M73 TORRE  INTEL CORE I3 4150, 4GB 1600MHZ UDIMM DDR3, 500GB 7200RPM SATA3 3.5\", INTEL INTEGRATED HD GRAPHICS, DVD RECORDABLE, INTEL GIGABIT ETHERNET, CARD READER, INTRUSSION SWITCH, WINDOWS 8.1 PRO 64/ WINDOWS 7 PRO 64, ENERGY STAR',' ','Pza','MXN',0.16,7752.580000),('10B4A0GHLS','THINKCENTRE M73E SFF INTEL CORE I3 4130, 4GB 1600MHZ UDIMM DDR3,  1TB 7200RPM SATA 3.5\", INTEGRATED GRAPHICS INTEL , MEDIA CARD READER, DVD RECORDABLE, INTEL GIGABIT ETHERNET, INTRUSION SWITCH, WINDOWS 7 PRO 64/ WINDOWS 8.1 PRO 64 RM, ENERGY STAR',' ','Pza','MXN',0.16,8432.990000),('10B4A0GJLS','THINKCENTRE M73E SFF INTEL CORE I3 4130, 2GB 1600MHZ UDIMM DDR3, 500GB 7200RPM SATA3 3.5\", INTEGRATED GRAPHICS INTEL , MEDIA CARD READER, DVD RECORDABLE, INTEL GIGABIT ETHERNET, INTRUSION SWITCH, WINDOWS 8.1 PRO 64/ WINDOWS 7 PRO 64, ENERGY STAR',' ','Pza','MXN',0.16,7814.430000),('10B4A0GKLS','THINKCENTRE M73E SFF INTEL PENTIUM G3220,  4GB 1600MHZ UDIMM DDR3 , 500GB 7200RPM SATA3 3.5\", INTEGRATED GRAPHICS INTEL , MEDIA CARD READER, DVD RECORDABLE, INTEL GIGABIT ETHERNET, INTRUSION SWITCH, WINDOWS 8.1 PRO 64/ WINDOWS 7 PRO 64 RM, ENERGY STAR',' ','Pza','MXN',0.16,6886.600000),('10B4A0TMLS  ','THINKCENTRE M73E SFF INTEL PENTIUM G3240,  4GB 1600MHZ UDIMM DDR3 , 500GB 7200RPM SATA3 3.5\", GRAFICOS INTEGRADOS , LECTOR DE TARJETAS, OPTICO, INTEL GIGABIT ETHERNET, SENSOR DE APERTURA, WINDOWS 8.1 PRO 64/ WINDOWS 7 PRO 64 RM, ENERGY STAR',' ','Pza','MXN',0.16,6886.600000),('10B4A0TNLS ','THINKCENTRE M73E SFF INTEL CORE I3 4150, 2GB 1600MHZ UDIMM DDR3, 500GB 7200RPM SATA3 3.5\", GRAFICOS INTEGRADOS , LECTOR DE TARJETAS, OPTICO, INTEL GIGABIT ETHERNET, SENSOR DE APERTURA, WINDOWS 8.1 PRO 64/ WINDOWS 7 PRO 64, ENERGY STAR',' ','Pza','MXN',0.16,7814.430000),('10B4A0TPLS ','THINKCENTRE M73E SFF INTEL CORE I3 4150, 4GB 1600MHZ UDIMM DDR3,  1TB 7200RPM SATA 3.5\", GRAFICOS INTEGRADOS, LECTOR DE TARJETAS, OPTICO, INTEL GIGABIT ETHERNET, SENSOR DE APERTURA, WINDOWS 7 PRO 64/ WINDOWS 8.1 PRO 64 RM, ENERGY STAR',' ','Pza','MXN',0.16,7909.000000),('10B4A14ALS','10B4A14ALS, THINKCENTRE M73 SFF INTEL CORE I3 4150, 4GB 1600MHZ UDIMM DDR3,  500GB 7200RPM SATA 3.5\", GRAFICOS INTEGRADOS, LECTOR DE TARJETAS, DVD REGRABABLE, INTEL GIGABIT ETHERNET, SENSOR DE APERTURA, WINDOWS 7 PRO 64/ WINDOWS 8.1 PRO 64 RM, ENERGY STAR',' ','PZA','MXN',0.16,7412.000000),('10BNA00ALS','THINKCENTRE M78 TORRE AMD APU A45300B, 4GB, 500GB 7200RPM SATA, DVD RECORDABLE, INTEGRATED VIDEO, GIGABIT ETHERNET, CARD READER, WINDOWS 8 PRO 64 DG WIN 7 PROFESSIONAL 64, ENERGY STAR',' ','Pza','MXN',0.16,6288.660000),('10BNA01N00','THINKCENTRE M78 TORRE AMD APU A6 5400, 4GB, 500GB 7200RPM SATA, DVD RECORDABLE, INTEGRATED VIDEO, GIGABIT ETHERNET, CARD READER, WINDOWS 7 PRO64/WINDOWS 8 PRO, ENERGY STAR',' ','Pza','MXN',0.16,6762.890000),('10BSA001LM','THINKCENTRE M78 SFF AMD APU A65400B, 4GB, 1TB 7200RPM SATA, DVD RECORDABLE, INTEGRATED VIDEO, GIGABIT ETHERNET, MEDIA CARD READER, WINDOWS 8 SL, ENERGY STAR',' ','Pza','MXN',0.16,6288.660000),('10GSCTO1WW','DESKTOP TC M700_INTEL_H110_ES_SFF_R',' ','PZA','MXN',0.16,0.000000),('10K4000ALM','IDEACENTRE S200Z 19.5\" W LED NEGRA, INTEL CELERON N3050 , 4GB RAM DDR3, 500G 7200RPM HD, DVD RECORDABLE, GRAFICOS INTEGRADOS, WIFI INTEL 3165+BT, HDMI, WINDOWS 10 HOME',' ','PZA','MXN',0.16,0.000000),('110XI4TT','IMP. 110XI4 TT/DT/4IN/203DPI/ZNET-INT/USB 14IPS/64MB FLASH/RS232/PARLELO',' ','PZA','USD',0.16,2208.000000),('125-01261','VS TEAM FOUNDATION SVR 2013 ENGLISH DVD',' ','Pza','MXN',0.16,6631.710000),('125-01271','VS TEAM FOUNDATION SVR 2013 SPANISH DVD',' ','Pza','MXN',0.16,6631.710000),('126-01891','VSTUDIO FOUNDATN SVR CAL 2013 ENGLISH MLP DEVICE CAL',' ','Pza','MXN',0.16,6631.710000),('126-01892','VSTUDIO FOUNDATN SVR CAL 2013 ENGLISH MLP USER CAL',' ','Pza','MXN',0.16,7626.540000),('126-01899','VSTUDIO FOUNDATN SVR CAL 2013 SPANISH MLP DEVICE CAL',' ','Pza','MXN',0.16,6631.710000),('126-01908','VSTUDIO FOUNDATN SVR CAL 2013 SPANISH MLP USER CAL',' ','Pza','MXN',0.16,7626.540000),('13VG308ASIRII','13VG308ASIRII, VARI FOCAL LENS. FOCAL LENGTH: 3-8MM',' ','PZA','USD',0.16,35.800000),('1452DS6','THINKVISION LT1421 WIDE MOBILE MONITOR WITH SCREEN COVER (14INCH, USB, 1366 X 768)',' ','Pza','MXN',0.16,1849.992200),('1453HB1','THINKVISION LT1953 19INCH WLED MONITOR 1440X900',' ','Pza','MXN',0.16,1876.288700),('151498','CABLE MHL MANHATTN MICRO USB A HDMI MACHO, CON USB-A P/ ALIMENTACION ',' ','PZA','MXN',0.16,315.900000),('1562B3S','THINKCENTRE M78 TORRE AMD APU A45300, 4GB, 500GB 7200RPM SATA, DVD RECORDABLE, INTEGRATED VIDEO, GIGABIT ETHERNET, CARD READER, WINDOWS 7 PROFESSIONAL 64, ENERGY STAR',' ','Pza','MXN',0.16,6253.610000),('164-06988','PUBLISHER 2013 32-BIT/X64 ENGLISH DVD',' ','Pza','MXN',0.16,1362.430000),('164-06997','PUBLISHER 2013 32-BIT/X64 SPANISH LATAM NOT TO PUERTO RICO DVD',' ','Pza','MXN',0.16,1362.430000),('18201338','IDEA VISION LI1931E 18.5\" WIDE HD LED, 410MM * 230MM, 16:9 (1366 X 768), VGA, COMPATIBILIDAD VESA, ENERGY STAR, 1YR W',' ','Pza','MXN',0.16,1340.206200),('183823S','THINKPAD TABLET INDIGO NVIDIA TEGRA 2 DUALCORE ARM PROCESSOR, 1GB RAM, 16 GB SDD, 10.1IN 1280X800 LCD, BATERRIA 24W , ANDROID 4.0 (ICE CREAM SANDWICH)  WIFI, PLUMA, MICRO USB, SECURE DIGITAL, CAMARA FRENTE 2 MPX/ATRÁS 5 MPX, NO 3G',' ','Pza','MXN',0.16,6206.185600),('183922S','THINKPAD TABLET INDIGO, NVIDIA TEGRA 2 DUALCORE ARM PROCESSOR, 1GB RAM, 16 GB SDD, 10.1IN 1280X800 LCD, BATERRIA 24W , ANDROID 4.0 (ICE CREAM SANDWICH)  WIFI, MICRO USB, SECURE DIGITAL, CAMARA FRENTE 2 MPX/ATRÁS 5 MPX, NO PLUMA OPTICA, NO 3G',' ','Pza','MXN',0.16,5979.381400),('183927S','THINKPAD TABLET INDIGO, NVIDIA TEGRA 2 DUALCORE ARM PROCESSOR, 1GB RAM, 64 GB SDD, 10.1IN 1280X800 LCD, BATERRIA 24W , ANDROID 4.0 (ICE CREAM SANDWICH)  WIFI,  PLUMA,  MICRO USB, SECURE DIGITAL, CAMARA FRENTE 2 MPX/ATRÁS 5 MPX, NO 3G',' ','Pza','MXN',0.16,7103.092800),('20-R035LA','ALL IN ONE HP, AMD A4 1.8 GHZ, 4 RAM, DD 1TB, W 8.1, PANTALLA DE 20\"',' ','PZA','MXN',0.16,0.000000),('20A8A01CLM','THINKPAD X1 CARBON  14\" HD+ LED, INTEL CORE I5 4200U, 4GB RAM (1 DIMM), 128 HD SSD, 14\" VIDEO INTEGRADO, FPR, INTEL 7260 2X2 + BT 4.0, RAPID CHARGE 3C LIION, CAMERA 720P HD, TECLADO CON BACKLIGHT, ENERGY STAR,  WINDOWS 8.1 PRO 64 + ONELINK DOCK',' ','Pza','MXN',0.16,18659.793800),('20A8A01DLM','THINKPAD X1 CARBON  14\" HD+ LED, INTEL CORE I7 4550U, 8GB RAM (1 DIMM), 128 SSD, VIDEO INTEGRADO, FPR, INTEL 7260 2X2 WIRELESS + BLUETOOTH 4.0, RAPID CHARGE INTEGRATED BATTERY 45W, CAMERA 720P HD, TECLADO CON BACKLIGHT, ENERGY STAR,  WINDOWS 8.1 PRO 64 DG',' W7PRO 64 RM + ONELINK DOCK','Pza','MXN',0.16,21597.938100),('20AM004WLM','LAPTOP LENOVO THINKPAD X240 CI7-4600U 4GB 180GB SSD12.5\"',' ','PZA','MXN',0.16,0.000000),('20AMA07LLM','THINKPAD X240 + DOCKING 65W INTEL CORE I54200, 4GB RAM, 500GB 7200RPM, 12.5\" HD LED IPS, INTEL HD GRAPHICS INTEGRATED, WIFI INTEL 7260 2X2 + BT 4.0, WWAN OPTION, 1GB ETHERNET, FINGERPRINT READER, CAMARA 720P HD, BATERIA 6CELDAS HOT SWAP (3CELL LIPOLYMER I','NTERNA, 3 CELL LIPOLYMER EXTERNA), WINDOWS 7 PRO 64/ WINDOWS 8 PRO 64 RM, ENERGY STAR + DOCKING','Pza','MXN',0.16,16494.845400),('20AMA296LM','THINKPAD X240 INTEL CORE I54200, 4GB RAM, 500GB 7200RPM, 12.5\" HD LED IPS, INTEL HD GRAPHICS INTEGRATED, WIFI INTEL CENTRINO 2X2 + BT 4.0, WWAN OPTION, 1GB ETHERNET, FINGERPRINT READER, CAMARA 720P HD, BATERIA 6CELDAS HOT SWAP (3CELL LIPOLYMER INTERNA, 3 ','CELL LIPOLYMER EXTERNA), WINDOWS 7 PRO 64/ WINDOWS 8 PRO 64 RM, ENERGY STAR + DOCKING 65 W','Pza','MXN',0.16,15030.927800),('20AMA2WJLM','THINKPAD X240 INTEL CORE I5-4210U, 4GB RAM, 500GB 7200RPM, 12.5\" HD LED IPS, INTEL HD GRAPHICS INTEGRATED, WIFI INTEL CENTRINO 2X2 + BT 4.0, WWAN OPTION, 1GB ETHERNET, FINGERPRINT READER, CAMARA 720P HD, BATERIA 6CELDAS HOT SWAP (3CELL LI-POLYMER INTERNA,',' 3 CELL LI-POLYMER EXTERNA), WINDOWS 7 PRO 64/ WINDOWS 8 PRO 64 RM, ENERGY STAR + DOCKING 40A00065US (54.11 USD) + 5USD RETRABAJO','Pza','MXN',0.16,15030.927800),('20ARA03NLM','THINKPAD T440S  INTEL CORE I74600M (3.6 GHZ) 8GB RAM, 180GB SOLID STATE DRIVE, 14.1IN HD+,  VIDEO DISCRETO NVIDIA GRAPHICS 1GB, INTEL WIRELESS 7260 2X2 + BT 4.0, WWAN UPGRADEABLE, 1GB ETHERNET, FINGERPRINT, 720P HD CAMERA, BATERIA 6C HOT SWAP (3CELL FRONT','+3 CELL REAR), TECLADO BACKLIT, WINDOWS 8 PROFESSIONAL 64 DG W7 PRO, ENERGY STAR','Pza','MXN',0.16,22866.776000),('20ARA03TLM','THINKPAD T440S  INTEL CORE I54200, 4GB RAM, 180GB SOLID STATE DRIVE SATA OPAL, 14.1 HD+, INTEL WIRELESS 7260 2X2 + BLUETOOTH 4.0, WWAN UPGRADEABLE, 1GB ETHERNET, FINGERPRINT READER, CAMERA, BATERIA 6C HOT SWAP (3CELL FRONT + 3 CELL REAR), NFC OPTION, WIND','OWS 7 PROFESSIONAL/ WINDOWS 8 PRO 64, ENERGY STAR','Pza','MXN',0.16,18546.391700),('20ARA103LM','THINKPAD T440S  INTEL CORE I74600M (3.6 GHZ) 8GB RAM, 180GB SOLID STATE DRIVE OPAL CAPABLE, 14.1IN HD+,  VIDEO DISCRETO NVIDIA GRAPHICS 1GB, INTEL WIRELESS 7260 ABGN + BT 4.0, WWAN UPGRADABLE, 1GB ETHERNET, FINGERPRINT, 720P HD CAMERA, BATERIA 6C HOT SWAP',' (3CELL FRONT+3 CELL REAR), TECLADO BACKLIT, WINDOWS 8 PROFESSIONAL 64 DG W7 PRO, ENERGY STAR','Pza','MXN',0.16,21649.484500),('20ASA021LM','THINKPAD L440 CORE  I54200M, 4GB RAM, 500 GB, DVD RECORDABLE,  14.0\" HD, WWAN UPGRADABLE, 720P HD CAMERA, INTEL WIRELESS 7260 2X2 BGN + BLUETOOTH 4.0, FINGERPRINT READER, BAT 6 CELDAS , ENERGY STAR, WINDOWS 7 PRO 64/ WINDOWS 8 PRO 64 RM',' ','Pza','MXN',0.16,11548.453600),('20ASA0C6LM','THINKPAD L440 INTEL CORE I3 4000, 4GB RAM, 500GB HD, 14\" HD, VIDEO INTEGRADO, CDRW/DVDRW, INTEL WIRELESS 7260 2X2 + BT 4.0, 1GB ETHERNET, FINGERPRINT, CAMERA 720, 6C LIION, WINDOWS 7 PRO 64/ WINDOWS 8 PRO 64 RM, ENERGY STAR',' ','Pza','MXN',0.16,10257.732000),('20ASA0SNLM','THINKPAD L440 I7 4702 MQ, 6GB RAM, 500GB, GRAFICOS INTEGRADOS, DVD RECORDABLE, 14.0\" HD ANTIGLARE, 6 CELDAS, FINGERPRINT READER, CAMARA 720P HD, INTEL WIRELESS 7260 ABGN+ BLUETOOTH, W8.1PRO 64 DG W7 PRO 64, ENERGY STAR',' ','Pza','MXN',0.16,13164.948400),('20ASA0SPLM','THINKPAD L440 CORE  I5 4200M, 4GB RAM, 500 GB, DVD RECORDABLE,  14.0\" HD, WWAN UPGRADABLE, 720P HD CAMERA, INTEL WIRELESS 7260 ABGN + BLUETOOTH 4.0, FINGERPRINT READER, BAT 6 CELDAS , ENERGY STAR, WINDOWS 7 PRO 64/ WINDOWS 8.1 PRO 64 RM',' ','Pza','MXN',0.16,11721.649500),('20ASA0SQLM','THINKPAD L440 INTEL CORE I3 4000, 4GB RAM, 500GB HD, 14\" HD, VIDEO INTEGRADO, CDRW/DVDRW, INTEL WIRELESS 7260 ABGN+ BT, 1GB ETHERNET, FINGERPRINT, CAMERA 720, 6C LIION, WINDOWS 7 PRO 64/ WINDOWS 8.1 PRO 64 RM, ENERGY STAR + DOCKING + BACKPACK',' ','Pza','MXN',0.16,10398.000000),('20ASA12ELM','THINKPAD L440 CORE  I5-4210M, 4GB RAM, 500 GB, DVD RECORDABLE,  14.0\" HD, WWAN UPGRADABLE, 720P HD CAMERA, INTEL WIRELESS 7260 ABGN + BLUETOOTH 4.0, FINGERPRINT READER, BAT 6 CELDAS , ENERGY STAR, WINDOWS 7 PRO 64/ WINDOWS 8.1 PRO 64 RM',' ','Pza','MXN',0.16,11721.649500),('20ASA20ULM','20ASA20ULM, THINKPAD L440 INTEL CORE I3 4000, 4GB RAM, 500GB HD, 14\" HD, VIDEO INTEGRADO, CDRW/DVDRW, INTEL WIRELESS 7260 AC+ BT, 1GB ETHERNET, FINGERPRINT, CAMERA 720, 6C LIION, WINDOWS 7 PRO 64/ WINDOWS 8.1 PRO 64 RM, ENERGY STAR',' ','PZA','MXN',0.16,9269.000000),('20ASA20V','20ASA20V, THINKPAD L440 INTEL CORE I3 4000, 4GB RAM, 500GB HD, 14\" HD, VIDEO INTEGRADO, CDRW/DVDRW, INTEL WIRELESS 7260 AC+ BT, 1GB ETHERNET, FINGERPRINT, CAMERA 720, 6C LIION, WINDOWS 7 PRO 64/ WINDOWS 8.1 PRO 64 RM, ENERGY STAR, PRO 3 AÑOS DE GARANTIA E','N SITIO','PZA','MXN',0.16,9889.000000),('20ASA20VLM','20ASA20VLM, THINKPAD L440 CORE  I5-4210M, 4GB RAM, 500 GB, DVD RECORDABLE,  14.0\" HD, WWAN UPGRADABLE, 720P HD CAMERA, INTEL WIRELESS 7260 AC + BLUETOOTH 4.0, FINGERPRINT READER, BAT 6 CELDAS , ENERGY STAR, WINDOWS 7 PRO 64/ WINDOWS 8.1 PRO 64 RM',' ','PZA','MXN',0.16,11691.000000),('20AVA09LLM','THINKPAD L540 INTEL CORE I5 4200M, 6GB RAM, 1TB, 15.6IN LCD,INTEGRATED INTEL GRAPHICS, CDRW/DVDRW, INTEL WIRELESS 7260 ABGN + BLUETOOTH, 1GB ETHERNET, CAMERA 720P HD, 6C LIION, FINGERPRINT READER,ENERGY STAR, TECLADO NUMPAD, WINDOWS 7 PRO 64/ WINDOWS 8.1 ','PRO 64 RM','Pza','MXN',0.16,11855.670100),('20AVA0BMLM','THINKPAD L540 INTEL CORE I5-4210M, 6GB RAM, 1TB, 15.6IN LCD,INTEGRATED INTEL GRAPHICS, CDRW/DVDRW, INTEL WIRELESS 7260 ABGN + BLUETOOTH, 1GB ETHERNET, CAMERA 720P HD, 6C LI-ION, FINGERPRINT READER,ENERGY STAR, TECLADO NUMPAD, WINDOWS 7 PRO 64/ WINDOWS 8.1',' PRO 64 RM','Pza','MXN',0.16,11855.670100),('20AWA0UHLM','THINKPAD T440P INTEL CORE I7 4700MQ, 8GB, 1TB 5400, 14.1\" HD, CDRW/DVDRW, WWAN UPGRADABLE, INTEL CENTRINO + BLUETOOTH 4.0, CAMARA 720P HD, FINGERPRINT READER, 6C LIION, ENERGY STAR 4.0, WINDOWS 8 PRO 64 RM',' ','Pza','MXN',0.16,15876.288700),('20AWA0UJLM','20AWA0UJLM THINKPAD T440P INTEL CORE I5-4300M VPRO, 4GB RAM, 500GB 7200RPM HD, 14.1\" HD, CDRW/DVDRW, INTEL 7260 ABGN + BLUETOOTH 4.0, CAMARA 720P HD, FINGERPRINT READER, 6C LI-ION, ENERGY STAR 4.0, WINDOWS 7 PRO 64/ WINDOWS 8.1 PRO 64 RM',' ','PZA','MXN',0.16,13078.000000),('20AWA13HLM','THINKPAD T440P INTEL CORE I7 4710MQ, 8GB, 1TB 5400, 14.1\" HD, CDRW/DVDRW, WWAN UPGRADABLE, INTEL CENTRINO + BLUETOOTH 4.0, CAMARA 720P HD, FINGERPRINT READER, 6C LI-ION, ENERGY STAR 4.0, WINDOWS 8 PRO 64 RM',' ','Pza','MXN',0.16,15876.288700),('20AWA20LLM ','LAPTOP LENOVO THINKPAD T440P CI5-4300M 4GB 500GB DVD-RW 14.1',' ','PZA','MXN',0.16,0.000000),('20AWS4KY0B','THINKPAD T440P, INTEL I7-4600M (2.90 GHZ, 4 MB), 14.0\" 1920X1080 14.0 FHD LED, WINDOWS 7 PROFESSIONAL 64 PREINSTALLED THROUGH DOWNGRADE RIGHTS IN WINDOWS 8 PRO 64, 1X500GB SERIAL ATA, 8.0GB, INTEL HD GRAPHICS 4600, DVD RECORDABLE, INTEL 7260, 720P HD CAME','RA, 6CELL LI-CY, 3YR ONSITE INTL','PZA','MXN',0.16,0.000000),('20B7A03XLM','THINKPAD T440 14IN INTEL CORE I54200U, 4GB RAM, 500GB,  14IN HD, INTEL HD GRAPHICS, INTEL 7260 2X2 + BLUETOOTH 4.0, 6CELLLI, 720P HD CAMERA, WINDOWS 7 PRO 64/ WINDOWS 8 PRO 64 RM, ENERGY STAR',' ','Pza','MXN',0.16,13128.866000),('20B7A10XLM','THINKPAD T440 14IN INTEL CORE I54200U, 4GB RAM, 500GB + 16SSD,  14IN HD, INTEL HD GRAPHICS, INTEL CENTRINO + BLUETOOTH 4.0, 3+3 HOT SWAP, 720P HD CAMERA, WINDOWS 7 PRO 64/ WINDOWS 8 PRO 64 RM, ENERGY STAR + BUNDLE BATERIA 6 CELDAS EXTERNA',' ','Pza','MXN',0.16,14206.185600),('20B7A1GVLM','THINKPAD T440 14IN INTEL CORE I5-4210U, 4GB RAM, 500GB, 16SSD M.2, 14IN HD, GRAFICOS INTEGRADOS, INTEL 7260AGN + BLUETOOTH 4.0, BATERIA 6 CELDAS(3CELDAS + 3CELDAS HOT SWAP), CAMARA 720P HD, WINDOWS 7 PRO 64/ WINDOWS 8.1 PRO 64 RM, ENERGY STAR + BUNDLE BAT','ERIA 6 CELDAS EXTERNA','Pza','MXN',0.16,14206.185600),('20BEA00TLM','THINKPAD T540P INTEL CORE I54200M, 4GB RAM, 500GB 7200RPM HD, 15.6IN HD LED (1366X768), INTEL HD GRAPHICS 4600, CDRW/DVDRW, WIRELESS INTEL 7260 2X2 BGN + BLUETOOTH 4.0, WWAN OPTION , 1GB ETHERNET, NUMPAD, FPR, 720P HD CAMERA, 6CELL CYLINDRICAL, WINDOWS 7 ','PRO 64/ WINDOWS 8 PRO 64, ENERGY STAR','Pza','MXN',0.16,14531.943100),('20BGA04CLM','THINK PAD W540 MOBILE WORKSTATION INTEL CORE I7-4710MQ,8GB RAM, 500GB 7200RPM HD, 15.6\" FHD LCD, NVIDIA QUADRO K1100M 2GB, CDRW/DVDRW, INTEL 7260 ACBGN WIFI+BT 4.0, TPM, WWAN OPTION, 4IN 1 CARD READER/SMARTH CR, COLOR SENSOR, LIT KBD, 1GB ETHERNET, FPR, C','AMERA, 9C LI-ION, WIN 7 PRO 64/WIN 8.1 PRO 64RM','PZA','MXN',0.16,0.000000),('20BN002DLM','THINKPAD 8, 8.3\", ATOM Z3770, 2GB RAM, 64GB EMMC (FLASH STORAGE), WIN8.1 PRO 32 ',' ','Pza','MXN',0.16,8350.515500),('20BU000QLM','THINKPAD T450 20BU000QLM INTEL CORE I5-5200U, 4GB RAM, 500GB 7200RPM, 14IN HD, GRAFICOS INTEGRADOS, INTEL 7265 BGN + BLUETOOTH 4.0, BATERIA 6 CELDAS(3CELDAS + 3CELDAS HOT SWAP), CAMARA 720P HD, WWAN UPGRADABLE, WINDOWS 8.1 PRO 64 RM, ENERGY STAR + BUNDLE ','BATERIA 6 CELDAS EXTERNA 0C52862','PZA','MXN',0.16,0.000000),('20BU000QLM/MX','THINKPAD T450 14\" CI5-5200U 4GB 500GB WIN 8.1 PRO 64',' ','PZA','MXN',0.16,0.000000),('20BUS02F0U','THINKPAD T450 14\" CI5-5300U 8GB 500GB WIN 8.1P 3Y SITIO',' ','PZA','MXN',0.16,0.000000),('20BUS2TP0G','THINKPAD T450, INTEL CORE I5-5300U (2.30GHZ, 3MB) WINDOWS 7 PROFESSIONAL 64 PREINSTALLED THROUGH DOWNGRADE RIGHTS IN WINDOWS 8.1 PRO 64, 8.0GB, 1X180GB SSD SATA III, 14.0 HD+, INTEL HD 5500, INTEL 7265 AGN , 720P HD CAMERA, 3 CELL LIPOLYMER, 3YR ONSITE IN','TL','PZA','MXN',0.16,0.000000),('20BX001BLM','THINKPAD T450S CORE I7- 5600U 2.60GHZ/8GB/180GB SSD/14/VIDEO INT/BT/FPR/VIDEO INT/6C/WIN 8 PRO 64',' ','PZA','MXN',0.16,0.000000),('20C0A01QLS','THINKPAD YOGA INTEL CORE I3 4010, 4GB, 128 SSD, INTEL WIRELESS 7260 + BT, WIN 8.1 PRO 64, 12.5\" FHD ANTIGLARE + PEN, SECURE CHIP, 3 AÑOS GARANTIA CARRY IN, BATERIA 8 CELDAS LI POLYMER',' ','Pza','MXN',0.16,16061.855700),('20C0A020LS','THINKPAD YOGA INTEL CORE I 5 4200, 4GB, 256GB SSD, 720P HD CAMERA, 12.5\" FHD (1920*1080) + TOUCH PEN, INTEL WIRELESS 720 2X2 + BT, BATERIA 8 CELDAS, TECLADO BACKLIT, WINDOWS 8.1 PRO 64, ENERGY STAR 6.0, 3 AÑOS GARANTIA CARRY IN',' ','Pza','MXN',0.16,19690.721600),('20C1002HLM','THINKPAD 10, 10.1\", ATOM Z3795, 4GB RAM, 64GB EMMC (FLASH STORAGE), DIGITIZER PEN, WIN8.1 PRO 64',' ','Pza','MXN',0.16,11443.299000),('20C5004YLS','THINKPAD E440 INTEL CORE I5 4200M, 4GB RAM, 500GB 7200RPM HD, INTEL HD GRAPHICS, CDRW/DVDRW, WIRELESS+BLUETOOTH, 1GB ETHERNET, CAMERA 720P HD, FINGERPRINT, 6C LIION, ENERGY STAR, WINDOWS 7 PRO 64/ WINDOWS 8 PRO 64 RM',' ','Pza','MXN',0.16,10368.041200),('20C5005DLS','THINKPAD E440 14W HD TOUCH SCREEN, INTEL CORE I54200M, 4GB RAM, 500GB 7200RPM HD, INTEL HD GRAPHICS TOUCH, CDRW/DVDRW, INTEL 2X2 BGN +BLUETOOTH, 1GB ETHERNET, CAMERA 720 HD, FINGERPRINT, 6C LIION, ENERGY STAR, WINDOWS 8 PRO 64',' ','Pza','MXN',0.16,11831.224600),('20C5A03MLS','THINKPAD E440 I74702 QM, 8GB RAM, 1TB, GRAFICOS INTEGRADOS, DVD RECORDABLE, 14.0\" HD ANTIGLARE, 6 CELDAS, FINGERPRINT READER, CAMARA 720P HD, INTEL WIRELESS 7260 AC 2X2  + BLUETOOTH, W8PRO 64 DG W7 PRO 64, ENERGY STAR',' ','Pza','MXN',0.16,13154.639200),('20C5A05YLS','THINKPAD E440 14W HD TOUCH SCREEN, INTEL CORE I54200M, 4GB RAM, 500GB 7200RPM HD, INTEL HD GRAPHICS TOUCH, CDRW/DVDRW, INTEL 7260 ACBGN + BLUETOOTH 4.0, 1GB ETHERNET, CAMERA 720 HD, FINGERPRINT, 6C LIION, ENERGY STAR, WINDOWS 8.1 PRO 64',' ','Pza','MXN',0.16,11831.224600),('20C5A08RLS','THINKPAD E440 INTEL CORE I5-4210M, 4GB RAM, 500GB 7200RPM HD, INTEL HD GRAPHICS, CDRW/DVDRW, WIRELESS 7260 ACBGN + BLUETOOTH 4.0, 1GB ETHERNET, CAMERA 720P HD, FINGERPRINT, 6C LI-ION, ENERGY STAR, WINDOWS 7 PRO 64/ WINDOWS 8.1 PRO 64 RM',' ','Pza','MXN',0.16,10536.082500),('20C5A08SLS','THINKPAD E440 14W HD PANTALLA TOUCH, INTEL CORE I5-4210M, 4GB RAM, 500GB 7200RPM HD, GRAFICOS INTEGRADOS, CDRW/DVDRW, INTEL 7260 ACBGN + BLUETOOTH 4.0, 1GB ETHERNET, CAMARA 720 HD, LECTOR DE HUELLAS, BATERIA 6CELDAS LI-ION, ENERGY STAR, WINDOWS 8.1 PRO 64',' ','Pza','MXN',0.16,11831.224600),('20C5S01MLS','THINKPAD E440 INTEL CORE I54200M, 4GB RAM, 500GB 7200RPM HD, INTEL HD GRAPHICS, CDRW/DVDRW, WIRELESS 7260 ACBGN + BLUETOOTH 4.0, 1GB ETHERNET, CAMERA 720P HD, FINGERPRINT, 6C LIION, ENERGY STAR, WINDOWS 7 PRO 64/ WINDOWS 8 PRO 64 RM',' ','Pza','MXN',0.16,10536.082500),('20C60053LS','THINKPAD E540 INTEL CORE I54200M, 4GB RAM, 500GB 7200RPM HD, 15.6IN LCD,INTEGRATED INTEL GRAPHICS, CDRW/DVDRW, INTEL WIRELESS + BLUETOOTH, 1GB ETHERNET, CAMERA 720P HD, 6C LIION, FINGERPRINT READER,ENERGY STAR, TECLADO NUMPAD, WINDOWS 7 PRO 64/ WINDOWS 8 ','PRO 64 RM','Pza','MXN',0.16,11092.783500),('20CLS2K606','THINKPAD X250, INTEL CORE I5-5300U (2.30GHZ, 3MB) WINDOWS 7 PROFESSIONAL 64 PREINSTALLED THROUGH DOWNGRADE RIGHTS IN WINDOWS 8.1 PRO 64, 8.0GB, 1X256GB SATA III, INTEL HD 5500, INTEL 7265AC, 720P HD CAMERA, 3 CELL LI-POLYMER, 3YR ONSITE INTL ',' ','PZA','MXN',0.16,0.000000),('20CMA029LM','THINKPAD X250 20CMA029LM INTEL CORE I5 5200U, 8 GB PC3-12800 DDR3L SDRAM , 500GB 7200RPM, 12.5\" HD, INTEL HD GRAPHICS INTEGRATED, WIFI INTEL 7265 AC+ BT 4.0, WWAN OPTION, 1GB ETHERNET, FINGERPRINT READER, CAMARA 720P HD, BATERIA 6CELDAS HOT SWAP (3CELL LI','POLYMER INTERNA, 3 CELL LI-POLYMER EXTERNA), WINDOWS 7 PRO 64/ WINDOWS 8 PRO 64 RM, ENERGY STAR  + DOCKING 40A00090US','PZA','MXN',0.16,0.000000),('20DF003PLM','THINKPAD E550 INTEL CORE I5-5200U, 8 GB PC3-12800 DDR3L RAM , 500GB HD, 15.6\" W HD ,INTEGRATED INTEL GRAPHICS, CDRW/DVDRW, INTEL WIRELESS 7265 + BLUETOOTH, 1GB ETHERNET, CAMERA 720P HD, 6C LIION, FINGERPRINT READER,ENERGY STAR, TECLADO NUMPAD, WINDOWS 7 P','RO 64/ WINDOWS 8 PRO 64 RM/1/1/1','PZA','MXN',0.16,0.000000),('20DT001KLM','LAPTOP LENOVO THINKPAD 14\" L450 CI5-5200U 4GB 500GB NO OPT ',' ','PZA','MXN',0.16,0.000000),('20EFA00LSM','LENOVO THINK PAD W541 MOBILE WORKSTATION INTEL CORE I7-4710MQ, 16GB, 1TB HD, 15.6\" FHD LCD,NVIDIA QUADRO K1100M 2GB, CDRW/DVDRW, INTEL 7260 AC WIFI-BT 4.0, TPM, WWAN OPTION, COLOR SENSOR, LIT KBD, 1GB ETHERNET, FINGERPRINT, CAMERA, 9C LI-ION, WIN 7 PRO 64','/ WIN 8.1 PRO 64 RM ','PZA','MXN',0.16,0.000000),('20ENA00CLM','THINKPAD P50 INTEL XEON E3 - 3.7 GHZ/8GB/256GB/15.6 FHD LCD/CAM/WINDOWS 7 PRO/10 PRO 64RM',' ','PZA','MXN',0.16,0.000000),('20ENA00PLM','THINKPAD P50 CORE I7 6820HQ VP 2.7GHZ/16GB/1TB/15.6/NVIDIA 2GB/FPR/WIFI + BT/CAM/WIN7 PRO/10 PRO 64',' ','PZA','MXN',0.16,0.000000),('20FQA001LM','THINKPAD X1 YOGA 14\" CI7 6500U 8GB 512 SSD FPR W10PRO / W7PRO',' ','PZA','MXN',0.16,0.000000),('20FUCTO1WW','L460 8GB, 500GB HD 7200RPM SATA3, WINDOWS 10 PRO 64, INTEL CORE I3-6100U MB, TPM , 3 YEAR DEPOT OR CARRY-IN',' ','PZA','MXN',0.16,13146.590000),('20FVA09400','THINKPAD L460 CORE I3 6100U 2.3GHZ /4GB/ 500GB/ 14/VIDEO INT/ DVD RW /WIFI 7260 AC+ BT, FPR/CAM/6C/W10 PRO 64, 3 AÑOS DE GARANTIA,MODULO TPM, MEMORIA 4GB.',' ','PZA','MXN',0.16,0.000000),('20FVA09500','LAPTOP LENOVO THINKPAD L460 CI5-6200U 4GB 500GB 14\" HD WIN 1',' ','PZA','MXN',0.16,0.000000),('20FXA00XLM','THINKPAD T460P 14\" CI5-6300 4G 500GB W10/7PRO64 FP 6CEL 3YW',' ','PZA','MXN',0.16,0.000000),('20FXA014LM','20FXA014LM THINKPAD T460P 14\" CI5-6300 8G 1TB W10/7PRO64 FP 3CEL 3 AÑOS DE GARANTIA EN SITIO',' ','PZA','MXN',0.16,0.000000),('20FXA03T00','THINKPAD T460P CORE I7 6700HQ 2.6G/8GB/1TB/14.1/VID INT/DVD/CENTRINO + BT/FPR/6C/W10 PRO 64',' ','PZA','MXN',0.16,0.000000),('2119A6S','THINKCENTRE M92 TINY INTEL CORE I3 2120T , 4GB, 500GB 7200RPM,  INTEL INTEGRATED HD GRAPHICS, SLIM DVD RECORDABLE, INTEL GIGABIT ETHERNET, USB KB, WINDOWS 7 PROFESSIONAL 64, ENERGY STAR (GABINETE 1 LITRO, VESA MOUNT) ENERGY STAR',' ','Pza','MXN',0.16,8487.530000),('21325999','SYMC NETBACKUP BNDL 5230 APPLIANCE 4TB WITH 4 1GB - 2 10 GB ETHERNET - 2 8 GB, FIBRE CHANNEL WITH ESTÁNDAR SUPPORT INITIAL 12 MONTHS',' ','PZA','USD',0.16,0.000000),('228-10253','SQL SVR STANDARD EDTN 2014 ENGLISH NOT TO US DVD 10 CLT',' ','Pza','MXN',0.16,40230.740000),('232036S','THINKPAD X230 INTEL CORE I53320, 4GB RAM, 500GB 7200RPM HD, 12.5IN 1280X800 LCD, INTEL HD GRAPHICS, INTEL 802.11AGN WIRELESS, ULTRABASE + DVD/RW , WWAN OPTION, BLUETOOTH, 1GB ETHERNET, SECURE CHIP, FINGERPRINT READER, CAMERA, 6C LIION, WINDOWS 7 PROFESSIO','NAL 64.','Pza','MXN',0.16,17703.092800),('2320HPS','THINKPAD X230 INTEL CORE I53320, 4GB RAM, 500GB 7200RPM HD, 12.5\" LCD, INTEL HD GRAPHICS INTEGRATED, WIFI, ULTRABASE WITH DVD/RW, WWAN OPTION, BLUETOOTH, 1GB ETHERNET, SECURE CHIP, FINGERPRINT READER, CAMERA, 6C LIION, WINDOWS 7 PRO 64/ WINDOWS 8 PRO 64 R','M','Pza','MXN',0.16,17837.207100),('23421A1','THINKPAD T430 INTEL CORE I53210M, 4GB RAM, 500GB 7200RPM HD, 14.1IN 1366X768 LCD,, CDRW/DVDRW, WIFI CENTRINO A/G/N WIRELESS, BLUETOOTH, FINGERPRINT READER, 6C LIION, ENERGY STAR 4.0, WINDOWS 7 PRO 64/ WINDOWS 8 PRO 64 RM',' ','Pza','MXN',0.16,13812.371100),('23421W9','THINKPAD T430 INTEL CORE I5 3230M, 4GB RAM, 500GB 7200RPM HD, 14.1IN 1366X768 LCD, INTEL HD GRAPHICS INTEGATED, CAMERA 720P HD, CARD READER, CDRW/DVDRW, WIFI CENTRINO A/G/N WIRELESS, BLUETOOTH, FINGERPRINT READER, 6C LIION, ENERGY STAR 4.0, WINDOWS 7 PRO ','64/ WINDOWS 8 PRO 64 RM','Pza','MXN',0.16,13917.010300),('23422F9','THINKPAD T430 INTEL CORE I7 3520 , 6GB RAM (4+2), 500GB 7200RPM HD, 14.1\" HD, CDRW/DVDRW, WWAN UPGRADABLE, INTEL CENTRINO N6205 2X2, BLUETOOTH 4.0, WWAN UPGRADABLE, CAMARA 720P HD, EXPRESS CARD SLOT & CARD READER 4 EN 1, FINGERPRINT READER, 6C LIION, ENER','GY STAR 4.0, WINDOWS 8 PRO 64 RM','Pza','MXN',0.16,15030.927800),('2347L3S','THINKPAD T430 INTEL CORE I5-3320, 4GB RAM, 500GB 7200RPM HD, 14.1IN 1366X768 LCD, INTEL HD GRAPHICS INTEGATED, CAMERA 720P HD, CARD READER, CDRW/DVDRW, WIFI CENTRINO A/G/N WIRELESS, BLUETOOTH, FINGERPRINT READER, 6C LIION, ENERGY STAR 4.0, WINDOWS 7 PRO 6','4/ WINDOWS 8 PRO 64 RM','Pza','MXN',0.16,13237.113400),('2355A75','THINKPAD T430S  INTEL CORE I53320, 4GB RAM, 180GB SOLID STATE DRIVE, 14.1IN WXGA+ 1440X900,, CDRW/DVDRW, INTEL 802.11AGN, WWAN UPGRADEABLE, BLUETOOTH, 1GB ETHERNET, ULTRANAV, SECURE CHIP, FINGERPRINT RDR, CAMERA, 6C, WINDOWS 7 PROFESSIONAL 64 ',' ','Pza','MXN',0.16,19007.864700),('2355BZ8','THINKPAD T430S  INTEL CORE I73520M (3.6 GHZ) 8GB RAM, 180GB SOLID STATE DRIVE, 14.1IN WXGA+ 16000X900, VIDEO DISCRETO NVIDIA OPTIMUS DE 1GB, CDRW/DVDRW, INTEL 802.11AGN, WWAN UPGRADEABLE, BLUETOOTH, 1GB ETHERNET, ULTRANAV, SECURE CHIP, FINGERPRINT RDR, CA','MERA, 6C, WINDOWS 7 PROFESSIONAL 64.','Pza','MXN',0.16,22866.776000),('237I1-WW9166-T612','AUTODESK AUTOCAD CIVIL 3D 2017 COMMERCIAL NEW SINGLE-USER ELD ANNUAL SUBSCRIPTION WITH BASIC SUPPORT ACE',' ','PZA','USD',0.16,1232.000000),('23947MS','THINKPAD T530 INTEL CORE I53320M, 4GB RAM, 500GB 7200RPM HD, 15.6IN HD 1366X768 LCD, INTEL HD GRAPHICS, CDRW/DVDRW, INTEL 802.11AGN, WWAN OPTION, BLUETOOTH, , 1GB ETHERNET, SECURE CHIP, FPR, CAMERA, 6C LIION, WINDOWS 7 PRO 64/ WINDOWS 8 PRO 64 RM',' ','Pza','MXN',0.16,14531.943100),('2448MB6','THINKVISION  LT1952P 19INCH WIDE FLAT PANEL LED MONITOR 1440X900, 1000:1, 5MS, ANALOG + DVID (HDCP)+DPI, 3 YW. ',' ','Pza','MXN',0.16,2147.071200),('24663K8','THINKPAD L430 INTEL CORE I5 3380, 4GB, 320GB, GRAFICOS INTEGRADOS, 14\" HD LED, WWAN UPGRADABLE, FINGERPRINT READER, INTEL CENTRINO ADVANCED N6205 (2X2 AGN), BT 4.0, CAMARA 720HD, BATERIA 6 CELDAS, EXPRESS CARD SLOT, ENERGY STAR, W8 PRO 64',' ','Pza','MXN',0.16,12370.103100),('24681E6','THINKPAD L430 14.0\" HD ANTIGLARE, INTEL CORE I33110M, 4GB RAM, 320GB,  MULTIBURNER, CAMARA, BLUETOOTH, FINGERPRINT READER,  WINDOWS 8 SL, ENERGY STAR',' ','Pza','MXN',0.16,7628.866000),('24681E7','THINKPAD L430 14.0\" HD ANTIGLARE, PENTIUM DC 2020M, 4GB RAM, 320GB,  MULTIBURNER, CAMARA, BLUETOOTH, FINGERPRINT READER,  WINDOWS 8 SL, ENERGY STAR',' ','Pza','MXN',0.16,6699.859400),('24681G9','THINKPAD L430 14.0\" HD ANTIGLARE, INTEL CORE I33120M, 4GB RAM, 320GB,  MULTIBURNER, CAMARA, BLUETOOTH, FINGERPRINT READER,  WINDOWS 8 SL, ENERGY STAR',' ','Pza','MXN',0.16,7628.866000),('24692RS','THINKPAD L430 INTEL CORE I3 3110M (2.4GHZ), 4GB RAM, 320GB HD, 14IN, VIDEO INTEGRADO, CDRW/DVDRW, INTEL 802.11BGN WIRELESS, 1GB ETHERNET, CAMERA, 6C LIION, WINDOWS 7 PRO 64/ WINDOWS 8 PRO 64 RM, ENERGY STAR',' ','Pza','MXN',0.16,10257.732000),('246932S','THINKPAD L430 CORE  I53230M, 4GB RAM, 320 GB 7200 RPM,  MULTIBURNER,  14.0\" HD ANTIGLARE , CAMERA, BLUETOOTH, FINGERPRINT READER, BAT 6 CELDAS , ENERGY STAR  WINDOWS 7 PRO 64/ WINDOWS 8 PRO 64 RM, ENERGY STAR',' ','Pza','MXN',0.16,11548.453600),('2498-F48','2498-F48 , SWITCH  IBM SYSTEM STORAGE SAN48B-5',' ','PZA','USD',0.16,17732.340000),('24LF452B.AWM','TELEVISOR LG LED 24\" HD 24LF452B.AWM ',' ','PZA','MXN',0.16,0.000000),('2572MB1','THINKVISION LT2252P 22IN WIDE FLAT PANEL LED MONITOR , 1680X1050, 1000:1, 5MS, ANALOG + DP  (HDCP) +DVID,  3 YW',' ','Pza','MXN',0.16,2909.504800),('2580AF1','THINKVISION LS1922 BLACK, 18.5\" WIDE,  1366 X 768, LED,  600:1 , VGA , 3 YW ',' ','Pza','MXN',0.16,1546.391800),('269-09648','OFFICEPROPLUS ALNG LICSAPK OLV NL 1Y ENT',' ','PZA','MXN',0.16,2260.850000),('269-16155','OFFICE PRO 2013 32-BIT/X64 SPANISH LATAM EM NOT TO PUERTO RICO DVD',' ','Pza','MXN',0.16,4954.170000),('2LF-00004','2LF-00004, MICROSFT WIRELESS DESKTOP 800 USB PORT SPANISH LATIN AMERICA',' ','PZA','USD',0.16,17.090000),('2MCW0512G9','SUMINISTRO DE EQUIPO EVAPORADORA MARCA TRANE DE 1 T.R. A 110VOLTS SOLO FRIO MODELO EVAPORADORA',' ','PZA','MXN',0.16,0.000000),('2MCW0518G1','2MCW0518G1 SUMINISTRO DE EQUIPO EVAPORADORA MARCA TRANE DE 1.5  T.R. A 220VOLTS SOLO FRIO MODELO',' ','PZA','MXN',0.16,0.000000),('2MCW0524G1','2MCW0524G1  SUMINISTRO DE EQUIPO EVAPORADORA MARCA TRANE DE 2  T.R. A 220VOLTS SOLO FRIO',' ','PZA','MXN',0.16,0.000000),('2TN6ZC1','CARGADOR PARA LAPTOP DELL LATITUDE D620',' ','PZA','MXN',0.16,0.000000),('2TTB00601000A','2TTB00601000A SUMINISTRO DE EQUIPO CONDENSADORA MARCA TRANE DE 5  T.R. A 220VOLTS SOLO FRIO',' ','PZA','MXN',0.16,0.000000),('2TTB0060A1000A','UNIDAD CONDENSADORA CON DESCARGA DE AIRE HORIZONTAL, MARCA TRANE CON CAPACIDAD NOMINAL',' ','PZA','MXN',0.16,0.000000),('2TTK512G9','2TTK512G9 SUMINISTRO DE EQUIPO CONDENSADORA MARCA TRANE DE 1 T.R. A 110VOLTS SOLO FRIO MODELO  ',' ','PZA','MXN',0.16,0.000000),('2TTK518G1','2TTK518G1 SUMINISTRO DE EQUIPO CONDENSADORA MARCA TRANE DE 1.5  T.R. A 220VOLTS SOLO FRIO',' ','PZA','MXN',0.16,0.000000),('2TTK524G1','SUMINISTRO DE EQUIPO CONDENSADORA MARCA TRANE DE 2  T.R. A 220VOLTS SOLO FRIO',' ','PZA','MXN',0.16,0.000000),('30000JY','MONITOR LED 22\"(21.5) 1920X1 MNTR (VIEWSONIC P/N: VA2212M-LED)',' ','PZA','MXN',0.16,1675.560000),('306119','CABLE VIDEO HDMI 1.3 M-M 1.8M MACHO-MACHO',' ','PZA','MXN',0.16,0.000000),('310345','CABLE MONITOR SVGA 8MM HD15M-H 4.5M, 3 MESES DE GARANTIA',' ','PZA','MXN',0.16,0.000000),('312-03977','EXCHANGE SVR 2010 X64 ENGLISH DVD 5 CLT',' ','PZA','MXN',0.16,16335.920000),('320-9791','MONITOR LED DELL 21.5 P2214H PROFESSIONAL FULLHD 1920X1080 / GIRATORIO / VGA/DISPLAYPORT/ USB/DVI',' ','PZA','MXN',0.16,2634.660000),('3212DE8','THINKCENTRE M92P TORRE  INTEL CORE I73770, 8GB,1TB 7200RPM,  INTEL GRAPHICS INTEGRATED, DVD RECORDABLE, INTEL GIGABIT ETHERNET,  CARD READER 29 EN 1, ENERGY STAR, 4XUSB 3.0, WINDOWS 7 PRO 64/ WINDOWS 8 PRO 64 RM',' ','Pza','MXN',0.16,11841.610000),('3238A8S','THINKCENTRE M92P TINY INTEL CORE I53470T , 4GB, 500GB 7200RPM,  INTEL INTEGRATED HD GRAPHICS, SLIM DVD RECORDABLE, INTEL GIGABIT ETHERNET, WINDOWS 7 PROFESSIONAL 64 (GABINETE 1 LITRO) ENERGY STAR',' ','Pza','MXN',0.16,9763.100000),('32541S6','THINKPAD E430 INTEL CORE I3 3120M,  4GB RAM, 500GB , 14IN LCD VIDEO INTEGRADO, CDRW/DVDRW, INTEL 802.11BGN WIRELESS, 1GB ETHERNET,  BT,CAMERA 720P, 6C LIION, WINDOWS 7 PRO 64/ WINDOWS 8 PRO 64 RM, ENERGY STAR',' ','Pza','MXN',0.16,8762.886600),('32643N2','THINKCENTRE M72E TINY INTEL CORE I3 3220T, 4GB, 500GB 7200RPM, INTEGRATED GRAPHICS INTEL , SLIM DVD RECORDABLE, INTEL GIGABIT ETHERNET, USB KEYBOARD, VESA MOUNT BRACKET, WINDOWS 7 PRO 64/ WINDOWS 8 PRO 64 RM (GABINETE 1 LITRO) ENERGY STAR',' ','Pza','MXN',0.16,7268.040000),('32LF580B','TV LED 32  SMART',' ','PZA','MXN',0.16,4185.000000),('32LF595B','	TELEVISOR LG LED 32\" SMART FULL HD 1080P WEB ',' ','PZA','MXN',0.16,0.000000),('32LH570B','32LH570B, TELEVISION LED LG 32 SMART TV HD HD 2 HDMI 1 USB SMART SHARE 60 HZ',' ','PZA','MXN',0.16,3990.000000),('3352A56','THINKPAD T430U 14IN INTEL CORE I53427U, 4GB RAM, 500GB,  INTEL HD GRAPHICS, WIFI BGN 2X2, BLUETOOTH 4.0, 3C LIPOLY BATTERY, WINDOWS 7 PRO 64/ WINDOWS 8 PRO 64 RM',' ','Pza','MXN',0.16,13077.710100),('3365A48','THINKPAD E430C 14\" W HD ANTIGLARE, INTEL CELERON B820 PROCESSOR (1.70GHZ), 4 GB RAM (1 DIMM), 500 GB 5400RPM, INTEL HD GRAPHICS, THINKPAD B/G/N WIRELESS BT COMBO (1X1 BGN & BT4.0), CAMERA 0.3M, 6 CELL 48WH BATTERY, WINDOWS 7 HOME BASIC 64',' ','Pza','MXN',0.16,6309.278400),('33712FS','THINKPAD X131E AMD  E21800, 4GB RAM, 500GB 7200RPM HD, 11\" HD AG, WWAN CAPABLE\" , AMD RADEON HD 7340 GRAPHICS, NO FPR, 802.11BGN WIRELESS, WWAN UPGRADEABLE,1GB ETHERNET, 6C LIION, WIN7 PRO 64, CAMERA, ENERGY STAR',' ','Pza','MXN',0.16,8223.687900),('33921P2','THINKCENTRE M82 TORRE  INTEL CORE I3 3220, 4GB, 500GB 7200RPM,  INTEL INTEGRATED HD GRAPHICS, DVD RECORDABLE, INTEL GIGABIT ETHERNET, CARD READER,  WINDOWS 7 PRO 64/ WINDOWS 8 PRO 64 RM',' ','Pza','MXN',0.16,7875.710000),('3392A21','THINKCENTRE M82 TORRE  INTEL CORE I3 2120, 4GB, 500GB 7200RPM SATA HDD,  INTEL INTEGRATED HD GRAPHICS, DVD RECORDABLE, INTEL GIGABIT ETHERNET, PCI /PCIE, CARD READER 29 EN 1,  WINDOWS 7 PROFESSIONAL 64 ',' ','Pza','MXN',0.16,7816.490000),('3392A22','THINKCENTRE M82 TORRE INTEL CORE I 5 3470 (3.2GHZ, 6MB CACHE), 4GB, 500GB 7200RPM SATA HDD,  INTEL INTEGRATED HD GRAPHICS, DVD RECORDABLE, INTEL GIGABIT ETHERNET, PCI /PCIE, TOWER, CARD READER 29 EN 1,  WINDOWS 7 PROFESSIONAL 64. ',' ','Pza','MXN',0.16,10258.760000),('3392AU2','THINKCENTRE M82 TORRE INTEL CORE I5 3470, 4GB, 500GB 7200RPM SATA HDD,  INTEL INTEGRATED HD GRAPHICS, DVD RECORDABLE, INTEL GIGABIT ETHERNET, CARD READER,  WINDOWS 7 PRO 64/ WINDOWS 8 PRO 64 RM',' ','Pza','MXN',0.16,9182.470000),('33951N5','THINKCENTRE M82 SFF INTEL CORE I33220, 4GB, 500GB 7200RPM, INTEGRATED INTEL GRAPHICS, DVD RECORDABLE, INTEL GIGABIT ETHERNET,  CARD READER, WINDOWS 8 PRO 64 DG WINDOWS 7 PRO 64',' ','Pza','MXN',0.16,7980.620000),('3395A16','THINKCENTRE M82 SFF INTEL CORE I53550 (3.7 GHZ) , 4GB, 500GB 7200RPM,  INTEL INTEGRATED HD GRAPHICS, DVD RECORDABLE, INTEL GIGABIT ETHERNET, CARD READER 29 EN 1,  WINDOWS 7 PROFESSIONAL 64',' ','Pza','MXN',0.16,10258.760000),('3395B36','THINKCENTRE M82 SFF INTEL CORE I32130, 4GB, 500GB 7200RPM, INTEGRATED INTEL GRAPHICS, DVD RECORDABLE, INTEL GIGABIT ETHERNET,  CARD READER, WINDOWS 8 PRO 64 DG WINDOWS 7 PRO 64',' ','Pza','MXN',0.16,7920.620000),('3395B37','THINKCENTRE M82 SFF INTEL CORE I53470, 4GB, 500GB 7200RPM,  INTEL INTEGRATED GRAPHICS, DVD RECORDABLE, INTEL GIGABIT ETHERNET, CARD READER, WINDOWS 7 PRO 64/ WINDOWS 8 PRO 64 RM',' ','Pza','MXN',0.16,9192.830000),('342650','342650, CABLE USB 1.1 A-B MANHATTAN CABLE USB 1.1 A-B 1.8 M NEGRO ECONOMICO',' ','PZA','MXN',0.16,0.000000),('34352WS','THINKPAD X230T TABLET INTEL CORE I73520M (3.6GHZ), 8GB RAM, SSD 180GB , 12.5IN MULTITOUCH 1280X800 LCD, INTEL HD GRAPHICS, INTEL 802.11AGN WIRELESS, MULTITOUCH, WWAN OPTION, BLUETOOTH, 1GB ETHERNET,  SECURE CHIP, FINGERPRINT READER, CAMERA, 6C LIION, WIND','OWS 7 PROFESSIONAL 64.','Pza','MXN',0.16,20773.719200),('3444AZS','THINKPAD X1 CARBON  14\" HD LED, INTEL CORE I5 3317U (2.6 GHZ), 4GB RAM (1 DIMM), 128 HD SSD, 14\" VIDEO INTEGRADO, FPR, INTEL CENTRINOADVN 6205S (2X2 AGN) WIRELESS, BLUETOOTH, 3C LIION, CAMERA 720P HD, TECLADO CON BACKLIGHT, ENERGY STAR,  WINDOWS 7 PRO 64/',' WINDOWS 8 PRO 64 RM','Pza','MXN',0.16,17969.072200),('3444GVS','THINKPAD X1 CARBON  14\" HD LED, INTEL CORE I5 3337U, 4GB RAM (1 DIMM), 128 HD SSD, 14\" VIDEO INTEGRADO, FPR, INTEL CENTRINOADVN 6205S (2X2 AGN) WIRELESS, BLUETOOTH, 3C LIION, CAMERA 720P HD, TECLADO CON BACKLIGHT, ENERGY STAR,  WINDOWS 7 PRO 64/ WINDOWS 8',' PRO 64 RM','Pza','MXN',0.16,18105.201500),('35781R6','THINKCENTRE M72E SFF INTEL DUAL CORE G1610, 4GB, 500GB 7200RPM SATA, INTEL GRAPHICS INTEGRATED, CARD READER, DVD RECORDABLE,  INTEL GIGABIT ETHERNET, WINDOWS 8 SL',' ','Pza','MXN',0.16,4821.650000),('35781R7','THINKCENTRE M72E SFF INTEL DUAL CORE G1610, 4GB, 500GB 7200RPM SATA, INTEL GRAPHICS INTEGRATED, CARD READER, DVD RECORDABLE,  INTEL GIGABIT ETHERNET, FREE DOS',' ','Pza','MXN',0.16,4170.100000),('35781Z4','THINKCENTRE M72E SFF INTEL PENTIUM G2020, 4GB, 500GB 7200RPM SATA, INTEL GRAPHICS INTEGRATED, CARD READER, DVD RECORDABLE,  INTEL GIGABIT ETHERNET, FREE DOS',' ','Pza','MXN',0.16,4821.820000),('35783B2','THINKCENTRE M72E SFF INTEL CELERON G1620, 4GB, 500GB 7200RPM SATA, INTEL GRAPHICS INTEGRATED, CARD READER, DVD RECORDABLE, INTRUSION SWITCH, INTEL GIGABIT ETHERNET, WINDOWS 8 SL',' ','Pza','MXN',0.16,5010.310000),('3578AK2','THINKCENTRE M72E SFF INTEL DUAL CORE G550, 4GB, 500GB 7200RPM SATA, INTEL GRAPHICS INTEGRATED, CARD READER, DVD RECORDABLE,  INTEL GIGABIT ETHERNET, WINDOWS 8 SL',' ','Pza','MXN',0.16,4785.570000),('3578AK3','THINKCENTRE M72E SFF INTEL DUAL CORE G550, 4GB, 500GB 7200RPM SATA, INTEL GRAPHICS INTEGRATED, CARD READER, DVD RECORDABLE,  INTEL GIGABIT ETHERNET, USB KB, FREE DOS',' ','Pza','MXN',0.16,4081.440000),('3578AK4','THINKCENTRE M72E SFF INTEL PENTIUM G645, 4GB, 500GB 7200RPM SATA, INTEL GRAPHICS INTEGRATED, CARD READER, DVD RECORDABLE,  INTEL GIGABIT ETHERNET, FREE DOS',' ','Pza','MXN',0.16,4785.570000),('3578C7S','THINKCENTRE M72E SFF INTEL CELERON G460, 2GB, 500GB 7200  RPM SATA, INTEL GRAPHICS INTEGRATED, CARD READER, DVD RECORDABLE,  INTEL GIGABIT ETHERNET, FREE DOS',' ','Pza','MXN',0.16,4081.440000),('3578C8S','THINKCENTRE M72E SFF INTEL CELERON G460 (1.8 GHZ), 2GB, 500GB 7200  RPM SATA,  INTEL GRAPHICS INTEGRATED, DVD RECORDABLE, CARD READER,   INTEL GIGABIT ETHERNET, WIN 7 HOME BASIC 32',' ','Pza','MXN',0.16,4785.570000),('35983W8','THINKCENTRE M72E SFF INTEL CORE I3 3220, 4GB, 500GB 7200RPM, INTEGRATED GRAPHICS INTEL , CARD READER, DVD RECORDABLE, INTEL GIGABIT ETHERNET, WINDOWS 7 PRO 64/ WINDOWS 8 PRO 64 RM',' ','Pza','MXN',0.16,7167.010000),('35984S8','THINKCENTRE M72E SFF INTEL PENTIUM 2020, 4GB, 500GB 7200RPM, INTEGRATED GRAPHICS INTEL , CARD READER, DVD RECORDABLE, INTEL GIGABIT ETHERNET, WINDOWS 7 PRO 64/ WINDOWS 8 PRO 64 RM',' ','Pza','MXN',0.16,6340.210000),('35986N7','THINKCENTRE M72E SFF INTEL CORE I3 3220, 2GB, 500GB 7200RPM, INTEGRATED GRAPHICS INTEL , CARD READER, DVD RECORDABLE, INTEL GIGABIT ETHERNET, INTRUSION SWITCH, WINDOWS 7 PRO 64/ WINDOWS 8 PRO 64 RM',' ','Pza','MXN',0.16,7072.160000),('35986N8','THINKCENTRE M72E SFF INTEL CORE I3 3220, 4GB, 1TB, INTEGRATED GRAPHICS INTEL , MEDIA CARD READER, DVD RECORDABLE, INTEL GIGABIT ETHERNET, INTRUSION SWITCH, WINDOWS 7 PRO 64/ WINDOWS 8 PRO 64 RM',' ','Pza','MXN',0.16,7577.320000),('35986Q5','THINKCENTRE M72E SFF INTEL CORE I3 3240, 4GB, 1TB, INTEGRATED GRAPHICS INTEL , MEDIA CARD READER, DVD RECORDABLE, INTEL GIGABIT ETHERNET, INTRUSION SWITCH, WINDOWS 7 PRO 64/ WINDOWS 8 PRO 64 RM',' ','Pza','MXN',0.16,7577.320000),('3598DJ6','THINKCENTRE M72E SFF INTEL PENTIUM G645, 4GB, 500GB 7200RPM, INTEGRATED GRAPHICS INTEL , CARD READER, DVD RECORDABLE, INTEL GIGABIT ETHERNET, WINDOWS 7 PRO 64/ WINDOWS 8 PRO 64 RM',' ','Pza','MXN',0.16,6082.470000),('3598DJ7','THINKCENTRE M72E SFF INTEL CORE I3 2130, 4GB, 500GB 7200RPM, INTEGRATED GRAPHICS INTEL , CARD READER, DVD RECORDABLE, INTEL GIGABIT ETHERNET, WINDOWS 7 PRO 64/ WINDOWS 8 PRO 64 RM',' ','Pza','MXN',0.16,7097.940000),('35S5701','MONO LASER LEXMARK MX410DE',' ','PZA','MXN',0.16,0.000000),('367928S','THINKPAD TABLET 2 10.1\" 1366X768 LCD, INTEL Z2760(1.8GHZ), 2GB RAM, 64GB EMMC (FLASH STORAGE), ,INTEL INTEGRATED HD SGX545 GFX,802.11ABGN WIRELESS,BLUETOOTH,CAMERA,WIN8 PRO 32 ',' ','Pza','MXN',0.16,10376.991600),('368228S','THINKPAD TABLET 2 10.1\" 1366X768 LCD, ATOM Z2760(1.8GHZ), 2GB RAM, 64GB EMMC (FLASH STORAGE), INTEL INTEGRATED HD SGX545 GFX, 802.11ABGN WIRELESS, BLUETOOTH, TABLET PEN, CAMERA, WIN8 PRO 32 ',' ','Pza','MXN',0.16,10770.673200),('36984LS','THINKPAD HELIX 11.6\" 1920X1080 LCD, INTEL I53337U (2.70 GHZ), 4GB RAM, 180GB SOLID STATE DRIVE, , INTEL HD GRAPHICS, INTEL 802.11AGN WIRELESS, BLUETOOTH, ULTRANAV, SECURE CHIP, TABLET PEN, CAMERA, 3C TABLET BATTERY AND 4C BASE KEYBOARD BATTERY, WIN8 PRO 6','4','Pza','MXN',0.16,21283.739500),('381-04124','EXCHANGE STANDARD CAL 2010 ENGLISH MLP 5 DEVICE CAL',' ','Pza','MXN',0.16,5467.080000),('381-04125','EXCHANGE STANDARD CAL 2010 ENGLISH MLP 5 USER CAL',' ','Pza','MXN',0.16,5467.080000),('38561A4','THINKCENTRE M72 TINY INTEL CELERON G550T, 2GB, 500GB 5400 RPM, INTEL GRAPHICS INTEGRATED, WINDOWS 8 SL',' ','Pza','MXN',0.16,4072.160000),('38561A5','THINKCENTRE M72 TINY INTEL CELERON G550T, 2GB, 500GB 5400 RPM, INTEL GRAPHICS INTEGRATED, USB KEYBOARD, NO ODD, FREE DOS',' ','Pza','MXN',0.16,3402.060000),('38561E3','THINKCENTRE M72E TINY INTEL CELERON G1610T, 2GB, 500GB 5400 RPM, INTEL GRAPHICS INTEGRATED, USB KEYBOARD, NO ODD, FREE DOS',' ','Pza','MXN',0.16,3494.850000),('38561E4','THINKCENTRE M72 TINY INTEL CELERON G1610T, 2GB, 500GB 5400 RPM, INTEL GRAPHICS INTEGRATED, USB KEYBOARD, NO ODD, WINDOWS 8 SL',' ','Pza','MXN',0.16,4149.480000),('39464011','TSP100 ECO,THERMAL, AUTO-CUTTER USB,GRAY,USB CABLE, INT PSTSP143IIU',' ','PZA','MXN',0.16,0.000000),('3M2000','PAPEL XEROX BOND BLANCO 85 CARTA 8.5',' ','PZA','MXN',0.16,0.000000),('3M2010','PAPEL XEROX ECOLÓGICO TAMAÑO CARTA 89% BLANCURA 75GM',' ','PZA','MXN',0.16,402.150000),('4000031','STBV4000100 SEAGATE 4TB EXPANSION EXT 4TB 3.5  ',' ','PZA','MXN',0.16,0.000000),('407001P','CANDADO KENSINGTON MICROSAVER ACCS (KENSINGTON P/N: P7500/64068F/25F)',' ','PZA','MXN',0.16,216.680000),('40701P','CANDADO KENSINGTON MICROSAVER ACS CON LAVE, 25% MAS RESITENTE',' ','PZA','MXN',0.16,0.000000),('40A00090US','DOCK LENOVO THINKPAD BASIC - 90W',' ','PZA','MXN',0.16,0.000000),('40L2400UM','TELEVISOR TOSHIBA 40\" LED EDGE 1080P 120HZ',' ','PZA','MXN',0.16,5667.980000),('415652','MP201 SPF, HANDSET(AF2015/1515) HARD DISK DRIVE OPTION TYPE201',' ','PZA','MXN',0.16,10640.000000),('416185','AFICIO MP 301SPF (120V)',' ','PZA','USD',0.16,695.000000),('416441N','MP301  GABINETE FAC 57 ',' ','PZA','USD',0.16,149.000000),('43LH5700','ELEVISION LED LG 43 SMART TV WEBOS FULL HD, 2 HDMI, 2USB, WI-FI,60HZ, SMART ENERGY SAVING DIVX HD',' ','PZA','MXN',0.16,0.000000),('44173403','CINTA ML 620/690 OKIDATA',' ','PZA','MXN',0.16,0.000000),('44173404','CINTA ML 621/691 OKIDATA',' ','PZA','MXN',0.16,0.000000),('45400S6','KINGSTON MODULE 4GB FOR MEM (KINGSTON P/N: KTL-TP3CL/4G)',' ','PZA','MXN',0.16,661.100000),('45400SG','RAM 4G 1600 DDR3L 1DM',' ','PZA','MXN',0.16,0.000000),('45400SJ','RAM 8 GB DDR3L-1600 SDRAM 1DM',' ','PZA','MXN',0.16,0.000000),('45400Z8','45400Z8, KINGSTON 4G DIMM DDR3-1600L',' ','PZA','MXN',0.16,0.000000),('45400ZA','KINGSTON 4G SODIMM DDR3-1600 0740617253740 320.86 641.72MEM A6950118 691740-001 D0H47AV',' ','PZA','MXN',0.16,0.000000),('45400ZB','45400ZB, KINGSTON 4G SODIMM DDR3-1333',' ','PZA','MXN',0.16,0.000000),('45656','PROTECTOR DE PANTALLA EQUIPOS DE ESCRITORIO MARCA LOGITECH',' ','PZA','MXN',0.16,0.000000),('46M4131','IBM 0U 24 C13 32A PDU',' ','PZA','USD',0.16,0.000000),('46M6140','TARJETA EMULEX 8GB FIBRE CHANNEL EXPANSION CARD (CIOV) FOR BLADECENTER',' ','PZA','USD',0.16,557.000000),('48651B4','THINKCENTRE M78 SFF AMD APU A65400B, 4GB, 1TB 7200RPM SATA, DVD RECORDABLE, INTEGRATED VIDEO, GIGABIT ETHERNET, CARD READER, USB KB,  WINDOWS 8 SL',' ','Pza','MXN',0.16,6253.610000),('48J5300','48J5300, J5300 PANTALLA DE LED 48\" FHD SAMSUNG',' ','PZA','MXN',0.16,8906.000000),('48J5300AFXZX','PANTALLA/LED/48/FHD ',' ','PZA','MXN',0.16,0.000000),('4932301','CABLE PARA DIADEMA AVAYA HIC-1',' ','PZA','MXN',0.16,0.000000),('49LH5700','49LH5700, PANTALLA LG 49HL5700 LED SMART TV FULLHD 49 PULGADAS',' ','PZA','MXN',0.16,0.000000),('4PX-01316','SYS CTR ESSNTLS CLT ML 2010 ENGLISH MLP',' ','Pza','MXN',0.16,249.870000),('4PX-01324','SYS CTR ESSNTLS CLT ML 2010 SPANISH MLP',' ','Pza','MXN',0.16,249.870000),('4X40E77328','MALETINES 4X40E77328 THINKPAD ESSENTIAL TOPLOAD CASE',' ','PZA','MXN',0.16,220.000000),('501013','GABINETE RICOH 501013',' ','PZA','USD',0.16,68.000000),('502399','502399PLUG MODULAR RJ45 UTP CAT5E SOLIDO BOTE CON 100 PIEZAS',' ','PZA','MXN',0.16,0.000000),('5047HC2','THINKVISION L1712P 17\", BLACK, 1280 X 1024, LCD, 15 PIN D AND DVID,1000:1, 3 YW',' ','Pza','MXN',0.16,1793.814400),('51400CZ','TOSHIBA DISCO DURO INTERNO 2TB 3.5\" SATA III 7200RPM DESKTOP',' ','PZA','MXN',0.16,0.000000),('51640-A    ','CARTUCHO D/TINTA A NEGRO P/IMP.H.P51640A (122)',' ','PZA','MXN',0.16,0.000000),('52116002','TÓNER NEGRO B6500 OKIDATA',' ','PZA','MXN',0.16,0.000000),('52123603','TÓNER NEGRO B730 OKIDATA',' ','PZA','MXN',0.16,0.000000),('543-05748','OUTLOOK 2013 32-BIT/X64 ENGLISH DVD',' ','Pza','MXN',0.16,1362.320000),('543-05757','OUTLOOK 2013 32-BIT/X64 SPANISH LATAM NOT TO PUERTO RICO DVD',' ','Pza','MXN',0.16,1362.320000),('55LF5950','TELEVISION LED LG 55 SMART TV WEBOS FULL HD 2 HDMI 2 USB WI FI 60 HZ DIVX HD AHORRO DE ENERGIA',' ','PZA','MXN',0.16,0.000000),('57318332','IDEACENTRE C240 18.5\" W NEGRA, INTEL CELERON 847 (1.1GHZ), 4GB RAM DDR3, 500G 7200RPM HD, MULTIBURNER, WIFI, HDMI, CARD READER, WINDOWS 8 PRO 64',' ','PZA','MXN',0.16,0.000000),('57319695','IDEACENTRE C240 18.5\" W NEGRA, INTEL CELERON 847 (1.1GHZ), 2GB RAM DDR3, 500G 7200RPM HD, MULTIBURNER, WIFI, HDMI, CARD READER, FREE DOS',' ','PZA','MXN',0.16,0.000000),('57323806','IDEACENTRE C240 18.5\" W NEGRA, INTEL CELERON 1017U, 2GB RAM DDR3, 500G 7200RPM HD, MULTIBURNER, WIFI, HDMI, CARD READER, FREE DOS',' ','PZA','MXN',0.16,0.000000),('57324554','IDEACENTRE C240 18.5\" W NEGRA, INTEL CELERON 1017U, 2GB RAM DDR3, 500G 7200RPM HD, MULTIBURNER, WIFI, HDMI, CARD READER, FREE DOS',' ','PZA','MXN',0.16,0.000000),('57324556','IDEACENTRE C240 18.5\" W NEGRA, INTEL CELERON 1017U, 4GB RAM DDR3, 500G 7200RPM HD, MULTIBURNER, WIFI, HDMI, CARD READER, WINDOWS 8 PRO 64',' ','PZA','MXN',0.16,0.000000),('57324656','IDEACENTRE C260 19.5\" W LED NEGRA, INTEL DC J1750 (2.41) , 2GB RAM DDR3, 500G 7200RPM HD, DVD RECORDABLE, GRAFICOS INTEGRADOS, WIFI, HDMI, CARD READER, FREE DOS, GARANTIA CI',' ','PZA','MXN',0.16,0.000000),('57326981','IDEACENTRE C260 19.5\" W LED NEGRA, INTEL DC J1800 (2.4G) , 2GB RAM DDR3, 500G 7200RPM HD, DVD RECORDABLE, GRAFICOS INTEGRADOS, WIFI, HDMI, CARD READER, FREE DOS, GARANTIA CI',' ','PZA','MXN',0.16,0.000000),('57328388','H500S, CELERON J1800_2.58G, 2GB, 500GB, CARD READER 7 EN 1, GRAFICOS INTEGRADOS, DVD RECORDABLE, WIFI BGN, FREEDOS SIN MONITOR',' ','Pza','MXN',0.16,3162.930000),('57329734','H500S, CELERON J1800, 4GB, 500GB, CARD READER 7 EN 1, GRAFICOS INTEGRADOS, DVD RECORDABLE, WIFI BGN, W8.1 BING SIN MONITOR',' ','Pza','MXN',0.16,3835.050000),('59301K8','SAMSUNG GALAXY TAB 3 7\" PLUS ',' ','PZA','MXN',0.16,0.000000),('59301KM','IMPRESORA SL-M2020W LASER MONO 21PPM 1200X1200DPI',' ','PZA','MXN',0.16,0.000000),('59359639','LENOVO B490 14\" DUAL CORE B830, 2GB RAM, 320GB 5400RPM , TOUCHPAD, MULTIBURNER, WIRELESS BGN, CAMERA, HDMI, 6 CEL BATTERY. FREEDOS',' ','Pza','MXN',0.16,4113.402100),('59362634','IDEAPAD G485 E300, 2GB, 500GB, DVD RECORDABLE, 14.0 HD LED, CAMARA 0.3M, BATERIA 6 CELDAS,  FREEDOS',' ','Pza','MXN',0.16,3959.793800),('59362680','LENOVO B490 14\" DUAL CORE B830, 2GB RAM, 500GB 5400RPM , TOUCHPAD, MULTIBURNER, WIRELESS BGN, CAMERA, HDMI, 6 CEL BATTERY. WINDOWS 8 SL',' ','Pza','MXN',0.16,4948.453600),('59372691','LENOVO B490 14\" DUAL CORE 1000, 2GB RAM, 500GB 5400RPM , TOUCHPAD, MULTIBURNER, WIRELESS BGN, CAMERA, HDMI, 6 CEL BATTERY. WINDOWS 8 SL',' ','Pza','MXN',0.16,4985.941900),('59374261','IDEAPAD G405,  AMD E12100, 2GB, 500GB,  14\" LCD, DVD RECORDABLE, WIRELESS, CAMARA 0.3 M, BATERIA 6 CELDAS, FREEDOS',' ','Pza','MXN',0.16,3959.793800),('59401794','LENOVO B490 14\" DUAL CORE 1000, 2GB RAM, 500GB 5400RPM , TOUCHPAD, MULTIBURNER, WIRELESS BGN, CAMERA, HDMI, 6 CEL BATTERY. WINDOWS 8 PRO',' ','Pza','MXN',0.16,6134.020600),('59410410','LENOVO B490 14\" DUAL CORE 1005, 2GB RAM, 500GB 5400RPM , TOUCHPAD, MULTIBURNER, WIRELESS BGN, CAMERA, HDMI, 6 CEL BATTERY. WINDOWS 8 SL',' ','Pza','MXN',0.16,4985.941900),('59410454','LENOVO B590 15.6HD\" DUAL CORE 2020M, 4GB RAM, 500GB 5400RPM , TOUCHPAD, MULTIBURNER, WIRELESS BGN + BT 4.0, CAMERA, HDMI, 6 CEL BATTERY. WINDOWS 8 SL',' ','Pza','MXN',0.16,6429.896900),('59412794','LENOVO B490 14\" DUAL CORE 1005, 2GB RAM, 500GB 5400RPM , TOUCHPAD, MULTIBURNER, WIRELESS BGN, CAMERA, HDMI, 6 CEL BATTERY. WINDOWS 8 PRO',' ','Pza','MXN',0.16,6134.020600),('59417965','LENOVO B490 14\" DUAL CORE 1005, 2GB RAM, 500GB 5400RPM , TOUCHPAD, MULTIBURNER, WIRELESS BGN, CAMERA, HDMI, 6 CEL BATTERY. WINDOWS 8 SL',' ','Pza','MXN',0.16,4985.941900),('59418251','LENOVO B40-30 14.0 HD LED ANTIGLARE(FLAT), DUAL CORE N2830, 2G(1*2GBDDRIIIL1600), 500GB 5400RPM , DVD SUPER MULTI, GRAFICOS INTEGRADOS, NONINTEL 1X1 BGN+BT4.0, CAMERA HD 720P WITH DIGITAL MIC, HDMI, FINGERPRINT READER, 4 CELL BATTERY, FREEDOS',' ','Pza','MXN',0.16,3959.793800),('59418252','LENOVO B40-30 14.0 HD LED ANTI-GLARE(FLAT), DUAL CORE N2830, 2G(1*2GBDDRIIIL1600), 500GB 5400RPM , DVD SUPER MULTI, GRAFICOS INTEGRADOS, NON-INTEL 1X1 BGN+BT4.0, CAMERA HD 720P WITH DIGITAL MIC, HDMI, FINGERPRINT READER, 4 CELL BATTERY, WIN 8.1 SL',' ','Pza','MXN',0.16,4985.941900),('59423205','LENOVO B490 14\" CORE I3 3110 , 4G(1*4GBDDRIII1600), 500G 7200RPM, GRAFICOS INTEGRADOS, MULTIBURNER, FINGERPRINT, WIRELESS 1X1 BGN+BT4.0, CAMERA, HDMI, 6 CEL BATTERY, FREEDOS',' ','Pza','MXN',0.16,6072.164900),('59434725','59434725 LENOVO TAB 2 7-10-F TABLET 7\", SISTEMA OPERATIVO ANDROID 4.4, MTK 8382 1.3GHZ QUAD CORE, MEMORIA 1GB RAM, ALMACENAMIENTO 8G, 1 CAMARA POSTERIOR',' ','PZA','MXN',0.16,1146.720000),('5A5-00003','O365XTRAFILESTRGOPN SHRDSVR SNGL SUBSVL OLP NL ANNUAL ADDON QLFD',' ','PZA','MXN',0.16,37.540000),('5SH-00004','KIT TECLADO Y MOUSE MICROSOFT MOD 800 INALAMBRICO NANO/RUSB BULK',' ','PZA','MXN',0.16,0.000000),('5VR-00139','WIN PRO PACK 8.1 32-BIT/64-BIT ENGLISH PUP MEDIALESS WIN TO PRO MC',' ','Pza','MXN',0.16,1368.320000),('5VR-00173','WIN PRO PACK 8.1 32-BIT/64-BIT SPANISH PUP MEDIALESS WIN TO PRO MC',' ','Pza','MXN',0.16,1362.320000),('5WS0A23006','SERVICE PACK 3 AÑOS EN SITIO',' ','Pza','MXN',0.16,270.000000),('60064845','DELL PRECISION M4800',' ','PZA','MXN',0.16,32571.820000),('6010378','DELL 500GB 7200RPM SATA 3GBPS 16MB CACHE 2.5INC',' ','PZA','MXN',0.16,0.000000),('6040017 DE1508','ORIGINAL  AC ADAPTER, DELL LATITUDE/INSPIRON, 19.5V 3.3A, TIP 7.4X5.0, 65W',' ','PZA','MXN',0.16,334.400000),('6040021','DE1908, ORIGINAL AC ADAPTER, DELL LATITUDE/ INSPIRON, 19.5V 4.62A, TIP 7.4X5.0, 90W',' ','PZA','MXN',0.16,449.540000),('6040068','KM742, ORIGINAL BATTERY, DELL LATITUDE E5400 E5500, 11.1V, 6CELL, 5100MAH',' ','Pza','MXN',0.16,0.000000),('6040181 J1KND','ORIGINAL BATTERY, DELL INSPIRON M5020 M5030 VOSTRO 34503550, 11.1V, 6CELL, 4400MAH',' ','PZA','MXN',0.16,0.000000),('6040198 T54FJ','ORIGINAL BATTERY, DELL LATITUDE E5420 E5520 E6420 E6520,11.1V, 6CEL, 5400MAH',' ','PZA','MXN',0.16,0.000000),('6040381','6040381,PK130OF3A14 KEYBOARD DELL INSPIRON N4110 N4050 BLACK SPANISH WITH FRAME BLACK',' ','PZA','USD',0.16,21.000000),('6040385','J79X4, ORIGINAL BATTERY, DELL LATITUDE E6220 E6320,11.1V, 6CELL, 5200MAH, 1 AÑO DE GARANTIA',' ','PZA','MXN',0.16,0.000000),('6099S2C','IBM STORWIZE V3700 2.5-INCH STORAGE CONTROLLER UNIT',' ','PZA','USD',0.16,0.000000),('60A6MAR2US','THINKVISION LT2452P  BLACK, 24\" WIDE,  FLAT PANEL LED,  1920X1200,1000:1,ANALOG + DVID (HDCP)+DP, 3YW',' ','Pza','MXN',0.16,4432.989700),('60ABAAR1US','THINKVISION LT2013S BLACK, 19.5\" WIDE 1600X900 WLED BACKLIT PANEL,  600:1 , VGA, ENERGY STAR 6.0, 3 YW ',' ','Pza','MXN',0.16,1420.000000),('60B8AAR6US','E1922 18.5\" WIDE LED, 1366X768, 3 YR W',' ','Pza','MXN',0.16,1546.391800),('60B9HAR1U','THINKVISION LT2024 MONITOR 19.5\" 1600X900 3WY',' ','PZA','MXN',0.16,0.000000),('60CCMAR2US','MONITOR LENOVO LED 22 WIDE THINKVISION T2254P 1680 X 1050 VGA+HDMI1.4+DP',' ','PZA','MXN',0.16,0.000000),('60DFAAR1US','THINKVISION E2054 19.5\" WIDE IPS LED, 1440 X 900, VGA, 3YRW',' ','PZA','MXN',0.16,1355.000000),('6110050','SH103S3/480G KINGSTON GDD INT 480 GB HYPERX 3K 2.5\" (6.35 CM) SOLID STATE DRIVE',' ','PZA','MXN',0.16,0.000000),('6160131','CE254A HP CLJ P3525 TONER COLLECTION UNIT',' ','PZA','USD',0.16,0.000000),('6161144','CE484A/CC519-67919 FUSSING ASSY OEM LJ CP3525/3530',' ','PZA','USD',0.16,0.000000),('6161484','L2725-60002 / L2728A HP SROLLER REPLACEMENT KIT 100 ADF',' ','PZA','USD',0.16,0.000000),('6161668','6161668, L18650-PR06,BATTERY, HP-COMPAQ PROBOOK 440S,  10.8V, 6CELL,4400MAH CÓDIGO: 6161668',' ','PZA','USD',0.16,57.000000),('6163294','CO2022, AC ADAPTER, HP-COMPAQ NC NW NX TC, 18.5V 6.5A, TIP 7.4X5.0, 120W',' ','PZA','MXN',0.16,0.000000),('6163709','L18650-6EB, BATTERY HP-COMPAQ 6530B 6535B 6730B 6735B 6930P, 10.8V, 6CELL, 5100MAH',' ','PZA','MXN',0.16,0.000000),('6163741','CO1522, AC ADAPTER, HP-COMPAQ PAVILION,ELITEBOOK, 18.5V 3.5A, TIP 7.4X5.0, 65W',' ','PZA','MXN',0.16,334.400000),('6164570','CE248-67901 HP REF ADF MANINTANANCE KIT M455 MFP NO CHPGRP',' ','PZA','USD',0.16,0.000000),('6165278','CE731A MAINTENANCE KIT FOR HP LJ M4555MFP',' ','PZA','USD',0.16,0.000000),('6165825 696694-001','AC ADAPTER SLIM,HP-COMPAQ PROBOOK 440 G2,19.5V 2.31A,TIP 7.4X5.0,45W',' ','PZA','MXN',0.16,0.000000),('6171196','CARGADOR ORIGINAL PARA LAPTOP LENOVO T420',' ','PZA','MXN',0.16,0.000000),('6171293','CARGADOR ORIGINAL PARA LAPTOPN LENOVOT440',' ','PZA','MXN',0.16,0.000000),('6171296','6171296, 42T4702 70+, ORIGINAL BATTERY, IBM-LENOVO THINKPAD L530 L540 L410 510 L420 L520, 10.8V 6CELL,4800MAH',' ','PZA','USD',0.16,57.000000),('62064844','DELL PRECISION M4800',' ','PZA','MXN',0.16,0.000000),('62064850','DELL PRECISION M4800',' ','PZA','MXN',0.16,0.000000),('6240062','FUSER MODULE 60HZ',' ','PZA','USD',0.16,0.000000),('6240117','113R00672 XEROX WC 5645, 56 MODULO XEROGRAFICO',' ','PZA','USD',0.16,0.000000),('6240290','113R00718 XEROX NEW DADH F/ROLL',' ','PZA','USD',0.16,0.000000),('627782S','THINKPAD E431 INTEL CORE I53230M, 4GB RAM, 500GB 7200RPM HD, INTEL HD GRAPHICS, CDRW/DVDRW, THINKPAD 802.11BGN WIRELESS+BLUETOOTH, 1GB ETHERNET, CAMERA 720P HD, FINGERPRINT, 6C LIION, ENERGY STAR, WINDOWS 7 PRO 64/ WINDOWS 8 PRO 64 RM',' ','Pza','MXN',0.16,10298.969100),('62779RS','THINKPAD E431 INTEL CORE I73632QM, 8GB RAM (8GB X 1), 500 GB 7200RPM, MULTIBURNER, 6 CELDAS, ULTRANAVEGADOR, INTEL 2X2 B/G/N WIFI, BLUETOOTH 4.0, FINGERPRINT READER, CAMARA HD 720P,  WINDOWS 8 PROFESSIONAL 64, ENERGY STAR',' ','Pza','MXN',0.16,12955.139000),('6277BVS','THINKPAD E431 INTEL CORE I3 3110M,  4GB RAM, 500GB , 14IN LCD VIDEO INTEGRADO, CDRW/DVDRW, INTEL 802.11BGN WIRELESS, 1GB ETHERNET,  BT,CAMERA 720P, 6C LIION, WINDOWS 7 PRO 64/ WINDOWS 8 PRO 64 RM, ENERGY STAR',' ','Pza','MXN',0.16,8556.701000),('6330ELI','ELIMINADOR GENERICO DELL ',' ','PZA','MXN',0.16,0.000000),('6340503','LEDAS C140A00 DISPLAY LED 14.0 NORMAL 1366X768 PINS LEFT CONN (12X7.4)',' ','PZA','MXN',0.16,927.200000),('6340504','6340504, LEDASC140A01 DISPLAY LED 14.0 SLIM 1366X768 40 PINS RIGHT CONN (12X7.4) UP-DOWN BKT',' ','PZA','USD',0.16,64.000000),('6340527','LEDASC133A01 DISPLAY LED 13.3 SLIM 1366X768 40 PINS RIGHT CONN (11.3X7.1) LEFT-RIGHT(BLADE)',' ','PZA','MXN',0.16,0.000000),('6340599','LEDASC140A10 DISPLAY LED 14.0 SLIM 1366X768 30 PINSRIGHT CONN (12X7.4) UP-DOWN EDP',' ','PZA','MXN',0.16,0.000000),('6370461','0C52863 57+, ORIGINAL BATTERY, IBM-LENOVO THINKPAD W540, 10.8V 6CELL, 5200MAHCÓDIGO: 6370461',' ','PZA','USD',0.16,52.000000),('64018HL','CARTUCHO TONER LEXMARK PREBATE T64X ALTA CAPA  ',' ','PZA','MXN',0.16,0.000000),('642515','3R11543 PAPEL XEROX DOBLECARTA',' ','PZA','MXN',0.16,0.000000),('655710-B21','655710-B21,HP 1TB 6G SATA 7.2K 2.5IN SC MDL HDD',' ','PZA','MXN',0.16,5662.620000),('68852BS','THINKPAD E531 INTEL CORE I53230M, 4GB RAM, 500GB 7200RPM HD, 15.6IN LCD,INTEGRATED INTEL GRAPHICS, CDRW/DVDRW, 802.11BGN WIRELESS, BLUETOOTH, 1GB ETHERNET, CAMERA 720P HD, 6C LIION, FINGERPRINT READER,ENERGY STAR 4.0, TECLADO NUMPAD, WINDOWS 7 PRO 64/ WIN','DOWS 8 PRO 64 RM','Pza','MXN',0.16,11316.494800),('68862XS','THINKPAD E431 14W HD TOUCH SCREEN, INTEL CORE I53230M, 4GB RAM, 500GB 7200RPM HD, INTEL HD GRAPHICS TOUCH, CDRW/DVDRW, INTEL 2X2 BGN +BLUETOOTH, 1GB ETHERNET, CAMERA 720 HD, FINGERPRINT, 6C LIION, ENERGY STAR, WINDOWS 8 PRO 64',' ','Pza','MXN',0.16,11831.224600),('69107KL','LINE CORD - 4.3M, 10A/125V, C13PWR TO NEMA 5-15P (US)',' ','PZA','USD',0.16,0.000000),('69109NB','5M FIBER CABLE (LC) CABL STORAGE CONTROLLER UNIT',' ','PZA','USD',0.16,0.000000),('69109NC','300GB 2.5IN 15K RPM 6GB SAS H CPNT HDD',' ','PZA','USD',0.16,0.000000),('69109NE','8GB FC 4 PORT HOST INTERFACE C CTLR CARD',' ','PZA','USD',0.16,0.000000),('6910A91','FLASH COPY UPGRADE/ 3.5 .9S9E2LVE2SP1200',' ','PZA','USD',0.16,0.000000),('6GQ-00040','OFFICE365 HOME 32/64 EN SUB1YR LATAM EM NOTTOPUERTORICO MEDIALESS',' ','Pza','MXN',0.16,834.330000),('6GQ-00049','OFFICE 365 HOME 32/64 ES SUB1YR LATAMEM NOTTOPUERTORICO MEDIALESS',' ','Pza','MXN',0.16,834.330000),('6JH-00004','TECLADO MICROSOFT MODELO 200USB BULK FOR BUSINESS',' ','PZA','MXN',0.16,0.000000),('6VC-01754','WIN RMT DSKTP SVCS CAL 2012 ENGLISH MLP 5 DEVICE CAL',' ','Pza','MXN',0.16,10102.890000),('6VC-01755','WIN RMT DSKTP SVCS CAL 2012 ENGLISH MLP 20 DEVICE CAL',' ','Pza','MXN',0.16,40411.570000),('6VC-01756','WIN RMT DSKTP SVCS CAL 2012 ENGLISH MLP 5 USER CAL',' ','Pza','MXN',0.16,11618.310000),('6VC-01757','WIN RMT DSKTP SVCS CAL 2012 ENGLISH MLP 20 USER CAL',' ','Pza','MXN',0.16,46473.250000),('6VC-01762','WIN RMT DSKTP SVCS CAL 2012 ENGLISH MLP DEVICE CAL',' ','Pza','MXN',0.16,2020.610000),('6VC-01763','WIN RMT DSKTP SVCS CAL 2012 ENGLISH MLP USER CAL',' ','Pza','MXN',0.16,2323.660000),('6VC-01767','WIN RMT DSKTP SVCS CAL 2012 SPANISH MLP 20 DEVICE CAL',' ','Pza','MXN',0.16,40411.570000),('6VC-01784','WIN RMT DSKTP SVCS CAL 2012 SPANISH MLP 20 USER CAL',' ','Pza','MXN',0.16,46473.250000),('6VC-01835','WIN RMT DSKTP SVCS CAL 2012 SPANISH MLP DEVICE CAL',' ','Pza','MXN',0.16,2020.610000),('6VC-01853','WIN RMT DSKTP SVCS CAL 2012 SPANISH MLP USER CAL',' ','Pza','MXN',0.16,2323.660000),('6VC-01944','WIN RMT DSKTP SVCS CAL 2012 SPANISH MLP 5 DEVICE CAL',' ','Pza','MXN',0.16,10102.890000),('6VC-01962','WIN RMT DSKTP SVCS CAL 2012 SPANISH MLP 5 USER CAL',' ','Pza','MXN',0.16,11618.310000),('70054','PAPEL BOND T/CARTA C/500 HOJAS XEROX ECOLOGICO',' ','PAQ','MXN',0.16,402.150000),('7016-USB/R','NO BREAK KOBLENZ 7016, 700VA / 360W, 6 CONTACTOS, USB, RJ11, 320 JOULES, HASTA 25 MIN.',' ','PZA','MXN',0.16,0.000000),('70472','IMPRESORA HP COLOR PRO 8100',' ','UN','MXN',0.16,0.000000),('70801G6','PROYECTOR EPSON POWER LITE PROJ S31 3200 LUMENES SVGAHDMI/MALETIN',' ','PZA','MXN',0.16,0.000000),('70A29002LA','LENOVO IOMEGA EZ MEDIA & BACKUP NETWORK CENTER 3 TB',' ','PZA','MXN',0.16,0.000000),('7100252','7100252, 9Z.N6RUV.00S KEYBOARD HP-COMPAQ ELITEBOOK 8460P SPANISH BLACK NO FRAME WITH POINT STICK',' ','PZA','USD',0.16,21.000000),('7100253','7100253, KEYBOARD HP- COMPAQ PROBOOK 4530S,4535S, 4730S BLACK SPANISH ( 638179-161 ) ',' ','PZA','USD',0.16,15.000000),('71193','71193, SOPORTE PARA PANTALLA ANTIROBO',' ','UN','MXN',0.16,0.000000),('71298','LECTOR DE CÓDIGO DE BARRAS MARCA HONEYWEELL 1900G XENON, INTERFAZ USB, CONTRASTES 20% ESTANDAR 1D, APILADAS 2 D , POSTALES Y PDF417',' ','UN','MXN',0.16,0.000000),('71403U0','HP LASERJET P3015DN',' ','PZA','MXN',0.16,0.000000),('7140DGP','HP HDMI TO VGA ADAPTER CAN/ENG',' ','PZA','MXN',0.16,0.000000),('726537-B21','726537-B21,HP 9.5MM SATA DVD-RW JB GEN9 KIT',' ','PZA','MXN',0.16,1506.530000),('726719-B21','726719-B21,HP 16GB 2RX4 PC4-2133P-R KIT',' ','PZA','MXN',0.16,3774.100000),('741727-001','ORIGINAL AC ADAPTER, HP-COMPAQ PAVILION 15-N200 , 14-N202, 19.5V 2.31A,TIP 4.5X3.0, 45W',' ','PZA','MXN',0.16,0.000000),('748920-B21','WIN SERVER FOUNDATION HP ROK 2012 R2-15 USUARIOS E/F/I/G/S',' ','PZA','MXN',0.16,0.000000),('762736-002','HP DOCK CONNECTOR TO ETHERNET/VGAADAPTER',' ','PZA','MXN',0.16,0.000000),('765466-B21','765466-B21, HP 2TB 12G SAS 7.2K 2.5IN 512E SC HDD',' ','PZA','MXN',0.16,0.000000),('7875E8U','BLADE SERVER HS23, 2XXEON 8C E5-2650V2 95W 2.6GHZ/1866HZ/20MB,256GB RAM, O/BAY 2.5IN SAS/SATA.16 X 16GB (1X16GB, 2RX4, 1.35V) PC3L-12800 CL11 ECC DDR3 1600MHZVLP RDIMM.7 X 600GB 15,000 RPM, 12GB SAS 2.5 INCH HDD FOR STORWIZE V3700. 6.5TB',' ','PZA','USD',0.16,15400.000000),('79G-03575','OFFICE HOME AND STUDENT 2013 32/64 ENGLISH EM LATAM NOTTOPUERTORICO DVD',' ','Pza','MXN',0.16,1251.390000),('79G-03609','OFFICE HOME AND STUDENT 2013 32/64 SPANISH LATAM EM NOTTOPUERTORICO DVD',' ','Pza','MXN',0.16,1251.390000),('80000','CPU',' ','UN','MXN',0.16,0.000000),('800033-340','800033-340,ZEBRACARD, IX SERIES HIGH CAPACITY COLOR RIBBON FOR ENHANCED ZXP SERIES 3, YMCKO, 280 IMAGES PER ROLL, 20 ROLLS PER CASE, PRICED PER ROLL',' ','PZA','MXN',0.16,0.000000),('803420-005','803420-005,HP DL380 GEN9 E5-2640V3 8SFF LA SVR',' ','PZA','MXN',0.16,54188.220000),('80EQ000HLM','LENOVO E40-70 14.0 HD LED ANTIGLARE(FLAT), CORE I3 4005U, 4G(1*4GBDDRIIIL1600), 500G 5400RPM, DVD SUPER MULTI, GRAFICOS INTEGRADOS, CAMARA HD 720P WITH DIGITAL MIC, FINGERPRINT READER, HDMI, WIRELESS 1X1 BGN+BT4.0, BATERIA 4 CELDAS, W8.1 PRO',' ','Pza','MXN',0.16,8432.989700),('80EQ000JLM','LENOVO E40-70 14.0 HD LED ANTIGLARE(FLAT), CORE I5 4200U, 4G(1*4GBDDRIIIL1600), 500G 5400RPM, DVD SUPER MULTI, GRAFICOS INTEGRADOS, CAMARA HD 720P WITH DIGITAL MIC, FINGERPRINT READER, HDMI, WIRELESS 1X1 BGN+BT4.0, BATERIA 4 CELDAS, W8.1 PRO',' ','Pza','MXN',0.16,9876.288700),('80F600AVLM','80F600AVLM,LENOVO B40-80 14.0 HD LED ANTI-GLARE(FLAT), CORE I3 5005U, 4G(1*4GBDDRIIIL1600), 500G 5400RPM, DVD SUPER MULTI, GRAFICOS INTEGRADOS, CAMARA HD 720P WITH DIGITAL MIC, FINGERPRINT READER, HDMI, VGA, WIRELESS 1X1 BGN+BT4.0, BATERIA 4 CELDAS, WINDE','WS 10 DG WINDOWS 7 PRO','PZA','MXN',0.16,8334.000000),('80F600DXLM','LENOVO B40-80 CORE I3 5005U 2G/4GB/ 500GB/ 14/DVD/VID. INT/WIFI BGN + BT/FPR/CAM/HDMI/VGA/4CEL/W10 PRO/MODULO TPM',' ','PZA','MXN',0.16,0.000000),('80FY000WLM','LENOVO G40-30 14.0 HD TN GL(FLAT), CELERON N2830, 2G(1*2GBDDRIIIL1333), 500GB 5400RPM , DVD SUPER MULTI, GRAFICOS INTEGRADOS, NONINTEL 1X1 BGN+BT4.0, CAMERA HD 720P, HDMI, 4 CELL BATTERY, FREEDOS',' ','Pza','MXN',0.16,3959.752600),('80HE011TLM','IDEAPAD NOTEBOOK TAB YOGA 3PRO 13.3 TCH 5Y71 8G 256GSD W10SL PLATA',' ','PZA','MXN',0.16,0.000000),('80J8000FLM','IDEAPAD NOTEBOOK YOGA3 11.6\" TCH CORE M 5Y10C 4G 128GSD W8.1 PLA',' ','PZA','MXN',0.16,0.000000),('80Q6005WLM','IDEAPAD LENOVO IP 300-14ISK CORE I5 6200U 2.3GHZ/ 4G/ 1TB / 14 / WIN 10 HOME / PLATA',' ','PZA','MXN',0.16,0.000000),('81962-23','AUDIFONO Y MICROFONO DE DIADEMA PLANTRONICS AUDIO 478 DSP ALAMBRICA BINAURAL USB PLEGABLE',' ','PZA','MXN',0.16,0.000000),('81Y9670','DISCOS 300GB 15K 6GBPS SAS 2.5IN G2HS HDD',' ','PZA','USD',0.16,371.000000),('8469B016AA','CAMARA CANON EOS REFLEX 70D 20 MP LCD KIT EF-S 18-135MM IS STM',' ','PZA','MXN',0.16,0.000000),('857-BBDG','MONITOR LED DELL 18.5, E1916H / 1366 X768 / 60 HZ / 3KG / PANTALLA PLANA / VGA',' ','PZA','MXN',0.16,1327.000000),('858-BBCV','MONITOR LED DELL E2016HV 21.5 1600 X 900 / 60 HZ / VGA / VESA',' ','PZA','MXN',0.16,0.000000),('858-BBCW','	MONITOR DELL E2016H 20\" LED VGA DP VESA GARANTIA 3A',' ','PZA','MXN',0.16,0.000000),('860-BBFS','MONITOR LED DELL E2416H 24 / FULLHD 1920X1080 / 60 HZ / VGA / DISPLAY PORT',' ','PZA','MXN',0.16,0.000000),('87505-02','AUDIFONO DE DIADEMA PLANTRONICS C710 ALAMBRICA MONAURAL USB',' ','PZA','MXN',0.16,0.000000),('8806087305500','PANTALLA LG 55\" LED FH RESOLUCI8N 1,920 X 1,080, 350NIT',' ','PZA','MXN',0.16,0.000000),('888017180','FUNDA SLEEVE LENOVO PARA TABLET YOGA 8 NEGRA ',' ','PZA','MXN',0.16,134.400000),('888462343114','APPLE WATCH 38MM SIL-ALUM-BCO SPORT',' ','PZA','MXN',0.16,0.000000),('88860-01','AUDIFONO Y MICROFONO DE DIADEMA PLANTRONICS C510 ALAMBRICA MONAURAL USB',' ','PZA','MXN',0.16,0.000000),('88863-05','88863-05, DIADEMA VOYAGER LEGEND CS',' ','PZA','USD',0.16,150.980000),('9030127','CAMARA DIG. SONY 20.1 MPX,Z/5X LCD 2.7\",USB,BAT.REC,V/HD,360Î,NEG',' ','PZA','MXN',0.16,0.000000),('910-004111','MOUSE ÓPTICO LOGITECH M165 INALÁMBRICO USB NEGRO',' ','PZA','MXN',0.16,0.000000),('91400HX','TECLADO/MOUSE LOGITECH MK 345 ACCS INALAMB MULTIM UNIFYING NGO',' ','PZA','MXN',0.16,0.000000),('920-004422','TECLADO LOGITECH K120 NEGRO USB NEGRO',' ','PZA','MXN',0.16,0.000000),('920-004426','TECLADO LOGITECH K270 INALÁMBRICO USB 2.0 NEGRO ',' ','PZA','MXN',0.16,0.000000),('920-004430','TECLADO Y MOUSE INALAMBRICO LOGITECH MK220 ',' ','PZA','MXN',0.16,0.000000),('920-004434','SET TECLADO/MOUSE LOGITECH MK330 INALÁMBRICO USB NEGRO',' ','PZA','MXN',0.16,0.000000),('920-007820','TECLADO/MOUSE LOGITECH MK 345 INALAMB MULTIM UNIFYING NGO',' ','PZA','MXN',0.16,0.000000),('9204600','JABRA - AUDÍFONO BLUETOOTH BT2046 - NEGRO',' ','PZA','MXN',0.16,0.000000),('927I1-WW2859-T981','AUTODESK INFRAWORKS 360 2017 COMMERCIAL NEW SINGLE-USER ELD ANNUAL SUBSCRIPTION WITH ADVANCED SUPPORT',' ','PZA','USD',0.16,924.000000),('93614PX','IBM 42U 1200MM DEEP STATIC RACK',' ','PZA','USD',0.16,0.000000),('94400L2','CARGADOR LENOVO T430',' ','PZA','MXN',0.16,0.000000),('94601NZ','NB INSPIRON 15 7548 CI75500U SYST 8G 1T W8.1 15.6 TOUCH 1WTY',' ','PZA','MXN',0.16,0.000000),('960-000946','CAMARA WEB LOGITECH C170 VGA MICROFONO CLIP UNIVERSAL PC',' ','PZA','MXN',0.16,0.000000),('960-000949','CAMARA WEB LOGITECH C920 FULL HD 1080P FOTO 15MP LENTE CARL ZEISS',' ','PZA','MXN',0.16,0.000000),('96600003','JABRA - AUDÍFONOS SPORT INALÁMBRICOS - NEGRO',' ','PZA','MXN',0.16,0.000000),('9706B002AB','SCANNER CANON DR-C225 600 PPP VELOCIDAD 25 PPM Y 50 IPM V.D. 1, 500 ESCANEOS DOBLE CARTA',' ','PZA','MXN',0.16,0.000000),('9770045','WACOM INTUOS PEN AND TOUCH ACCS MEDIUM',' ','PZA','MXN',0.16,0.000000),('9770047','9770047,WACOM INTUOS PRO PEN AND TOUCH ACCS MEDIUM WIRELESS',' ','PZA','MXN',0.16,0.000000),('977006M','WACOM CINTIQ 13 HD INTERACTIVE ACCS PEN AND TOUCH',' ','PZA','MXN',0.16,0.000000),('981-000060','DIADEMA LOGITECH H390 MICRÓFONO USB',' ','PZA','MXN',0.16,0.000000),('981-000305','DIADEMA AJUSTABLE CON MICROFONO LOGITECH SONIDO ESTEREO CON SUPRESION DE RUIDO H110',' ','PZA','MXN',0.16,0.000000),('981-000386','DIADEMA LOGITECH H600 INALAMBRICA RECARGABLE C/MICROFONO PC 10 MTS',' ','PZA','MXN',0.16,0.000000),('981-000551','DIADEMA LOGITECH G430 7.1 GAMIN',' ','PZA','MXN',0.16,0.000000),('99100U8','MEMORIA MICRO DE 32 GB .',' ','PZA','MXN',0.16,0.000000),('99CI','TRITURADORA FELLOWES CORTE CRUZADO 17 HJS 9 GAL',' ','PZA','MXN',0.16,0.000000),('9H.J9R77.11L','MS504, 300 LUM, SVGA(800X600) COLOR NEGRO DLP, CONT. 13,000, LÀMPARA 196W, HASTA 10,000 HRS, 2W X 1',' ','PZA','USD',0.16,243.300000),('9H.JFA77.13L','PROYECTOR BENQ MS527 3300LUMEN SVGA(800X600) 13000:1 10K HRS HDMI',' ','PZA','MXN',0.16,0.000000),('9PX6K','9PX6K, NO BREAK MARCA EATON MODELO 9PX 6 KVA UPS 208V',' ','PZA','USD',0.16,1560.590000),('9PXPPDM2','9PXPPDM2, TRANSFORMADOR MARCA EATON COMPATIBLE  CON UPS MOD 9PX 6K PPDM 2 (HARDWIRED)',' ','PZA','USD',0.16,1182.100000),('A00001P','	LECTOR XENON 1D, PDF417, 2D CABLE USB',' ','PZA','MXN',0.16,0.000000),('A00009S','LECTOR GRANIT IND 1D/PDF417/2D CABLE USB',' ','PZA','MXN',0.16,0.000000),('A03-D300GA2=','300GB 6GB SAS 10K RPM SFF',' ','PZA','USD',0.16,0.000000),('A0400CV','APPLE WIRELESS KEYBOARD WRLS ESPANOL',' ','PZA','MXN',0.16,0.000000),('A14_I7850BW8S','DELL M14X, CORE I7, 8 GB RAM, 500 GB/NVIDIA GEFORCE GT 750M WITH 2GB GDDR5, WINDOWS 8.1',' ','Pza','MXN',0.16,19071.130000),('A17_I7161T3GSW10S_5','A17_I7161T3GSW10S_5,ALIENWARECI7/16GB/1TB/W10',' ','PZA','MXN',0.16,27000.000000),('A1C45LA#ABM','A1C45LA#ABM,HP VALUE FITS UP TO 15.6 CARRYING CASE',' ','PZA','MXN',0.16,0.000000),('A2W75A#BGJ','HP COLOR LASERJET ENTERPRISE FLOW MFP M880Z',' ','Pza','MXN',0.16,125218.625600),('A2W78A#BGJ','HP COLOR LASERJET ENTERPRISE M855XH PRINTER',' ','Pza','MXN',0.16,77840.410300),('A41A266011','TM-S1000 TM IMAGE SCANNERS 60 DPM, ESCANER DE CHEQUES CAPTURE ONE',' ','Pza','MXN',0.16,10011.458300),('A41A266111','TM-S1000 TM IMAGE SCANNERS 30 DPM, ESCANER DE CHEQUES CAPTURE ONE',' ','Pza','MXN',0.16,8142.604200),('A41A266211','TM-S1000 TM IMAGE SCANNERS 90 DPM, ESCANER DE CHEQUES CAPTURE ONE',' ','Pza','MXN',0.16,11680.520800),('A41A266511','TM-S1000 TM IMAGE SCANNERS SINGLE FEED 1 POCKET, ESCANER DE CHEQUES CAPTURE ONE',' ','Pza','MXN',0.16,4228.437500),('A41A266611','TM-S1000 TM IMAGE SCANNERS SINGLE FEED 2 POCKETS, ESCANER DE CHEQUES CAPTURE ONE',' ','Pza','MXN',0.16,5240.520800),('A500057','COVER PARA TABLET A1000 7\" COLOR NEGRA',' ','PZA','MXN',0.16,0.000000),('A5V72AA#ABM','HP LV1911, LED 18.5”, WIDE SCREEN, VESA 75, VGA, GARANTIA 3 AÑOS EN SITIO',' ','Pza','MXN',0.16,1225.206200),('A6406P','TARGUS LOMAX 13. CASE ULTRATHIN TOPLOAD',' ','PZA','MXN',0.16,0.000000),('A78002G','MEMORIA SANDISK 32GB EXTREME PRO SDXC CLASE 10',' ','PZA','MXN',0.16,0.000000),('A78003G','MEMORIA SANDISK 16GB MICRO SDHC CLASE 10',' ','PZA','MXN',0.16,0.000000),('A7E32AA#ABA','DOCKING STATION HP 90W',' ','PZA','MXN',0.16,0.000000),('A7F64A#AKY','HP OFFICEJET PRO 8610',' ','Pza','MXN',0.16,2200.861500),('A7F65A#AKY','HP OFFICEJET PRO 8620',' ','Pza','MXN',0.16,2934.717900),('A8400W6','CABLE ADAPTADOR USB 3.0 UASP A SATA III PARA DISCO DE 2.5\"',' ','PZA','MXN',0.16,0.000000),('A8P79A#BGJ','HP LASERJET PRO MFP M521DN',' ','Pza','MXN',0.16,5915.764100),('A9T81A#AKY','HP DESKJET IA  3545',' ','Pza','MXN',0.16,1201.723100),('A9U23A#AKY','HP DESKJET IA 2545',' ','Pza','MXN',0.16,976.256400),('AC-1475','MOCHILA TECH ZONE SPORT HASTA 16 NEGRO',' ','PZA','MXN',0.16,0.000000),('AC-175','MOCHILA TECHZONE SPORT HASTA 16\" COLOR NEGRO',' ','PZA','MXN',0.16,217.580000),('AC-3432-SOC',' SOPORTE GHIA PARA PROYECTOR A TECHO MAX 20K',' ','PZA','MXN',0.16,0.000000),('AC-3450','SOPORTE GHIA, LCD/LED A PARED 37-70 MAX 55K GIRATORIA 180/INCLINACIÓN',' ','PZA','MXN',0.16,0.000000),('AC-3451','SOPORTE A PARED BRAZO',' ','PZA','MXN',0.16,0.000000),('AC-4245','AC-4245, \"CONVERTIDOR MANHATTAN HDMI MACHO A VGA HEMBRA, SIN AUDIO, NEGRO  INFORMACION TECNICA:  NEGRO ESTANDARES Y CERTIFICACIONES UL20276 HDMI 1.3 CONTACTOS HDMI DE 19 PINES MACHO VGA DE 15 PINES HEMBRA CON BANIO DE ORO TERMINALES MOLDEADAS EN PVC BLIND','ADO CABLE: BLINDADO EN MYLAR Y ALUMINIO RESISTENCIA DE VOLTAJE: 300 VDC RESISTENCIA DE AISLAMIENTO: 10 MΩ RESISTENCIA CONDUCTIVA: 5 Ω FORRO DE PLASTICO TERMICO LARGO: 22 CM PESO: 34 G 	','PZA','MXN',0.16,0.000000),('AC3436','SOPORTE PARA PANTALLA PARED (SOPORTA DE 32-55 KILOS)',' ','PZA','MXN',0.16,0.000000),('AC3618OPG','DOCKING STATION HP 2013 ULTRASLIM (BASE DE EXPANSION)',' ','PZA','MXN',0.16,0.000000),('AC4025','CONVERTIDOR MANHATTAN HDMI-VGA',' ','PZA','MXN',0.16,0.000000),('ACCDAT1350','ACCDAT1350, D.D EXTERNO ADATA 3.5 MH900 4TB USB 3.0',' ','PZA','MXN',0.16,2184.180000),('ACCSTA810','ACCSTA810, ADAPTADOR TARJETA DE RED EXTERNA NIC USB 1 PUERTO GIGABIT ETHERNET 1GBPS RJ45 USBA NEGRO, STARTECH, USB21000S2, EL ADAPTADOR USB A RJ45 SOPORTA REDES ETHERNET GIGABIT A TRAVÉS DE USB 2.0 CON UN ANCHO DE BANDA DE HASTA 480MBPS, COMPATIBLE CON IE','EE 802.3, 802.3U Y 802.3AB (10BASE-T, 100BASE-TX, Y 1000BASE-T), ALIMENTADO DIRECTAMENTE DESDE LOS PUERTOS USB, SOPORTA JUMBO FRAMES DE HASTA 9 KB, SOPORTA MICROSOFT NDIS 6.2 CHECKSUM OFFLOAD (IPV4, IPV6, TCP, UDP) Y LARGE SEND OFFLOAD, 2.00CM X 3.00CM X','PZA','MXN',0.16,0.000000),('ACCTRG045','ACCTRG045, MALETIN BASICO PARA NOTEBOOK 16\". TARGUS. CN31US. COLOR: NEGRO CON ADORNOS EN COLOR ROJO. MATERIAL: POLIÉSTER DURADERO. DISEÑO: TAPA PLEGABLE, BOLSILLO CON CIERRE Y ESPACIO DE ALMACENAMIENTO PARA TELÉFONO MÓVIL Y ACCESORIOS. MONTAJE: CON MANEJA','S DOBLES Y CORREA PARA HOMBRO. GARANTÍA LIMITADA: 1 AÑO CT. ','PZA','MXN',0.16,0.000000),('ACMA-001','	AIRE COMPRIMIDO PROLICOM 440GMS EXPRESS ',' ','PZA','MXN',0.16,0.000000),('AD-HV610BK/1TB','DISCO DURO SATA PARA PC SEAGATE 720 RPM 1TB',' ','PZA','MXN',0.16,0.000000),('AD1022711','ANTICIPO DEL 70%. PROYECTO CÁMARAS PARA CAJEROS AUTOMÁTICOS.ORDEN DE COMPRA: 1022711',' ','No aplica','MXN',0.16,0.000000),('AEPS-C31CA85834 1','IMP. TERMICA TMT88 V-834 PAR/USB/NEGRA',' ','PZA','MXN',0.16,0.000000),('AHD710-2TU3-CBK','DD EXT 2 TB ADATA HD710 2.5 USB 3.0 CONTRAGOLPES NEGRO W7/MAC/LINUX',' ','PZA','USD',0.16,98.360000),('AHV620-1TU3-CBK','AHV620-1TU3-CBK, DD EXT 1 TB ADATA HV620 DASHDRIVE 2.5 USB 3.0 NEGROW8/W7/MAC/LINUX',' ','PZA','MXN',0.16,0.000000),('AIR-ANT2422DW-R=','AIR-ANT2422DW-R=,2.4 GHZ 2.2 DBI SWIVEL DIPOLE ANTENNA WHITE, RP TNC',' ','PZA','USD',0.16,16.000000),('AIR-ANT2524DW-R=','AIR-ANT2524DW-R=, 2.4 GHZ 2 DBI/5 GHZ 4 DBI DIPOLE ANT., WHITE, RP-TNC',' ','PZA','USD',0.16,26.520000),('AIR-ANT2535SDW-R=','AIR-ANT2535SDW-R=, 2.4 GHZ 3DBI/ 5 GHZ 5DBI LOW PROFILE ANTENNA',' ','PZA','USD',0.16,37.170000),('AIR-AP1852E-N-K9','AIR-AP1852E-N-K9,802.11AC WAVE 2; 4X4:4SS; EXT ANT; N REG DOM',' ','PZA','USD',0.16,635.100000),('AIR-SAP1602E-N-K9','AIR-SAP1602E-N-K9,802.11A/G/N STANDALONE AP, EXT ANT, N REG DOMAIN',' ','PZA','USD',0.16,508.800000),('ALTV2416','ALTV2416, FUENTE DE SALIDA CA 24 VCA 16 SALIDAS 8 AMP C/GABINETE ALTRONIX',' ','PZA','USD',0.16,96.830000),('AMT66413353033','AMT66413353033, PLUG AMP RJ11 4 POSICIONES PQ100',' ','PZA','MXN',0.16,280.900000),('ANT-1600','ANTENA ANALÓGICA Y DIGITAL PARA INTERIORES',' ','PZA','MXN',0.16,0.000000),('ANTICIPO','ANTICIPO ORDEN 6599 (60%)',' ','No aplica','USD',0.16,0.000000),('AP9560','RACK PDU, BASIC, 1U, 30A, 120V, (10)5-20',' ','PZA','USD',0.16,184.360000),('AR3100','COMPONENTE NETSHELTER SX42U',' ','PZA','USD',0.16,0.000000),('ARM-31-RS','ARM-31-RS, BRAZO PARA MONTAJE DE PANEL',' ','PZA','USD',0.16,156.000000),('AS200V','VIDEOCAMARA ACTION CAM SONY F/HD,VISOR,KIT ACCES.,USB,HDMI,BLCA',' ','PZA','MXN',0.16,0.000000),('AZ-110XI4-2','IMP. 110XI4 TT/DT/4IN/203DPI/ZNET-INT/USB',' ','PZA','MXN',0.16,0.000000),('AZ-GC420DT','IMPRESORA ZEBRA GC420 DT 203 DPI USB/SERIAL',' ','PZA','MXN',0.16,0.000000),('AZ-GK420TCE','AZ-GK420TCE, IMP. GK420TT/DT/4IN/203DPI/5IPS/CENT./USB/RS­232',' ','PZA','USD',0.16,0.000000),('AZ-ZT410  ','IMP. ZT410 TT/DT/4IN/203DPI/USB/RS-232/ETHERNET/BT',' ','PZA','MXN',0.16,0.000000),('AZT-ZXP3','IMP. DE TARJETAS ZXP3/1 CARA/SIN ACCESOR',' ','PZA','MXN',0.16,0.000000),('B11B178011','PERFECTION V700, SCANNER DE FOTOGRAFIA Y DISEÑO GRAFICO',' ','Pza','MXN',0.16,7348.911900),('B11B178061','PERFECTION V750 PH, SCANNER DE FOTOGRAFIA Y DISEÑO GRAFICO',' ','Pza','MXN',0.16,10419.481900),('B11B189071','PERFECTION V500 OFFICE, SCANNER DE FOTOGRAFIA Y DISEÑO GRAFICO',' ','Pza','MXN',0.16,4213.057000),('B11B190011','GT-1500, SCANNER DE DOCUMENTOS',' ','Pza','MXN',0.16,3641.450800),('B11B198022','PERFECTION V600 PHOTO, SCANNER DE FOTOGRAFIA Y DISEÑO GRAFICO',' ','Pza','MXN',0.16,3141.658000),('B11B200252','PERFECTION V33 PHOTO, SCANNER DE FOTOGRAFIA Y DISEÑO GRAFICO',' ','Pza','MXN',0.16,835.647700),('B11B202201','GT-S55, SCANNER DE DOCUMENTOS',' ','Pza','MXN',0.16,4998.652900),('B11B203201','GT-S85, SCANNER DE DOCUMENTOS',' ','Pza','MXN',0.16,9284.248700),('B11B204121','WORKFORCE DS-50000, SCANNER DE DOCUMENTOS',' ','Pza','MXN',0.16,15181.658000),('B11B204221','WORKFORCE DS-60000, SCANNER DE DOCUMENTOS',' ','Pza','MXN',0.16,32641.761700),('B11B204321','SCANNER DE DOCUMENTOS, SCANNER DE DOCUMENTOS',' ','PZA','MXN',0.16,0.000000),('B11B205221','DS-6500, SCANNER DE DOCUMENTOS',' ','Pza','MXN',0.16,8922.279800),('B11B205321','DS-7500, SCANNER DE DOCUMENTOS',' ','Pza','MXN',0.16,12425.181400),('B11B206201','WORKFORCE DS-30   ESCANER PORTATIL, SCANNER DE DOCUMENTOS',' ','Pza','MXN',0.16,1920.103600),('B11B207212','PERFECTION V37, SCANNER DE FOTOGRAFIA Y DISEÑO GRAFICO',' ','Pza','MXN',0.16,1066.321200),('B11B207232','PERFECTION V370 PHOTO, SCANNER DE FOTOGRAFIA Y DISEÑO GRAFICO',' ','Pza','MXN',0.16,1436.269400),('B11B209201','DS-510, SCANNER DE DOCUMENTOS',' ','Pza','MXN',0.16,5584.766800),('B11B210201','PERFECTION V550PH, SCANNER DE FOTOGRAFIA Y DISEÑO GRAFICO',' ','Pza','MXN',0.16,2498.963700),('B11B221201','WORKFORCE DS-560 WIRELESS, SCANNER DE DOCUMENTOS',' ','Pza','MXN',0.16,6675.751300),('B11B222201','WORKFORCE DS-860, SCANNER DE DOCUMENTOS',' ','Pza','MXN',0.16,10423.834200),('B11B223201','B11B223201, PERFECTION V800  PRO',' ','PZA','MXN',0.16,9130.760000),('B140XW01','DISPLAY LED 14.0 NORMAL 1366X768 40 PINS LEFT CONN (12X7.4) ',' ','PZA','USD',0.16,50.000000),('B1700JO','MERAKI MR66 CLOUD MANAGED AP ',' ','PZA','MXN',0.16,0.000000),('B1700JQ','MERAKI MR 802.3AT POE INJECTOR',' ','PZA','MXN',0.16,0.000000),('B1700JR','MERAKI 14DBI, 5GHZ SECTOR ACCS AMTENNA, MIMO, N-TYPE',' ','PZA','MXN',0.16,0.000000),('B2G79A#AKY','HP DESKJET IA 1015',' ','Pza','MXN',0.16,487.753800),('B2L57A#AKY','HP DESKJET IA 1515',' ','Pza','MXN',0.16,750.789700),('B4L10A#AKY','HP DESKJET IA 4645',' ','Pza','MXN',0.16,1352.041000),('B5L05A#BGJ','HP OFFICEJET ENTERPRISE COLOR MFP X585F ',' ','Pza','MXN',0.16,31996.800000),('BACOMAA13CO','BACOMAA13CO, BACK  COVER MACBOOK AIR 13- IN COLORES ',' ','PZA','MXN',0.16,0.000000),('BATE6330','BATERÍA PARA LAPTOP PROBOOK 6360B',' ','PZA','MXN',0.16,0.000000),('BD-J5700/ZA','BD-J5700/ZA, REPRODUCTOR BLU-RAY CON WI-FI - NEGRO		',' ','PZA','MXN',0.16,0.000000),('BIOCVA','LECTOR BIOMETRICO HUELLA DIGITAL Y FACIAL INGRESSIO VIRDI AC7000',' ','PZA','MXN',0.16,0.000000),('BJ1700JP','MERAKI MR ENTERPRISE CLOUD LICS CONTROLLER LICENSE, 1 YEAR',' ','PZA','MXN',0.16,0.000000),('BJ1700MF','MERAKI 5GHZ ANTENNA ACCS',' ','PZA','MXN',0.16,0.000000),('BONIFICACION  EQUIPO','BONIFICACIÓN X CAMBIO DE EQUIPO',' ','No aplica','MXN',0.16,0.000000),('BONIFICACIÓN FACTURACION','BONIFICACIÓN POR FACTURACIÓN ',' ','No aplica','MXN',0.16,0.000000),('BP255','REPRODUCTOR LG BLU RAY NEGRO HDMI, USB, SMART TV ALAMBRICO',' ','PZA','MXN',0.16,0.000000),('BQPYMS0008','PROYECTOR BENQ 3000 LUM VGA (800 X 600) COLOR NEGRO DLP CON 13, 000 LAMPARA 196 W',' ','PZA','MXN',0.16,0.000000),('BT-A3','SOFTWARE DE DISEÑO DE ETIQUETAS CON CÓDIGO DE BARRAS, BARTENDER AUTOMATION V10.1 PARA 3 IMPRESORAS.',' ','PZA','MXN',0.16,0.000000),('C11C524121','FX 890 EDG, IMPRESORAS DE MATRIZ',' ','Pza','MXN',0.16,5819.770000),('C11C526001','FX-2190, IMPRESORAS DE MATRIZ',' ','Pza','MXN',0.16,6476.994800),('C11C558001','LQ-590, IMPRESORAS DE MATRIZ',' ','Pza','MXN',0.16,3945.388600),('C11C559001','LQ-2090, IMPRESORAS DE MATRIZ',' ','Pza','MXN',0.16,6099.792700),('C11C560111','PLQ-20, IMPRESORA FINANCIERA DE MATRIZ DE PUNTO (CON FUENTE DE PODER INCLUIDA)',' ','Pza','MXN',0.16,11655.544000),('C11C605001','DFX 9000, IMPRESORAS DE MATRIZ',' ','Pza','MXN',0.16,35318.445600),('C11CA45212','STYLUS PHOTO T50 IMPRIME CDS, IMPRESORA PARA FOTOGRAFIA',' ','Pza','MXN',0.16,2735.051500),('C11CA56204','STYLUS PHOTO PICTURE MATE CHARM 225 , IMPRESORA PARA FOTOGRAFIA',' ','Pza','MXN',0.16,1822.680400),('C11CA58211','STYLUS OFFICE T1110  TABLOIDE, DOBLE CARTA, IMPRESORA UNIFUNCIÓN',' ','Pza','MXN',0.16,3463.917500),('C11CA86201','STYLUS PHOTO R3000, IMPRESORA PARA FOTOGRAFIA',' ','Pza','MXN',0.16,10283.505200),('C11CB31211','WORKFORCE PRO WP-4592, MULTIFUNCIONAL',' ','Pza','MXN',0.16,2265.970000),('C11CB33211','WORKFORCE  PRO WP-4532 , MULTIFUNCIONAL',' ','Pza','MXN',0.16,2265.970000),('C11CB35201','STYLUS PHOTO R2000, IMPRESORA PARA FOTOGRAFIA',' ','Pza','MXN',0.16,5772.474200),('C11CB53202','STYLUS PHOTO 1430W, IMPRESORA PARA FOTOGRAFIA',' ','Pza','MXN',0.16,4558.762900),('C11CB57201','L-800  SISTEMA DE TINTA CONTINUA, IMPRESORA PARA FOTOGRAFIA',' ','Pza','MXN',0.16,3227.938100),('C11CB84011','LX-50 EDG, IMPRESORAS DE MATRIZ',' ','Pza','MXN',0.16,2175.440400),('C11CC24001','LX-350 EDG, IMPRESORAS DE MATRIZ',' ','Pza','MXN',0.16,3418.000000),('C11CC26201','L-350  SISTEMA DE TINTA CONTINUA, MULTIFUNCIONAL',' ','Pza','MXN',0.16,2403.090000),('C11CC27303','L300, IMPRESORA UNIFUNCIÓN',' ','Pza','MXN',0.16,1769.484500),('C11CC46211','EXPRESSION PREMIUM XP-702, IMPRESORA PARA FOTOGRAFIA',' ','Pza','MXN',0.16,1372.577300),('C11CC59201','L-210  SISTEMA DE TINTA CONTINUA, MULTIFUNCIONAL',' ','Pza','MXN',0.16,2265.250000),('C11CC68A9971','GP-C831, IMPRESORA DE ETIQUETAS Y TICKETS DE INYECCIÓN DE TINTA DE COLOR',' ','Pza','MXN',0.16,14255.208300),('C11CC83302','WORKFORCE M200 (NUEVO)  MONOCROMATICA, MULTIFUNCIONAL',' ','Pza','MXN',0.16,2608.762900),('C11CC84302','WORKFORCE M100 (NUEVO) MONOCORMATICA, IMPRESORA UNIFUNCIÓN',' ','Pza','MXN',0.16,1578.247400),('C11CC85211','WORKFORCE M105, IMPRESORA UNIFUNCIÓN',' ','Pza','MXN',0.16,1578.350500),('C11CC86201','L-355  SISTEMA DE TINTA CONTINUA, MULTIFUNCIONAL',' ','Pza','MXN',0.16,2608.762900),('C11CC87301','XP-411, MULTIFUNCIONAL',' ','Pza','MXN',0.16,1166.907200),('C11CC90201','XP-211, MULTIFUNCIONAL',' ','Pza','MXN',0.16,823.402100),('C11CC96201','L-555 SISTEMA DE TINTA CONTINUA, MULTIFUNCIONAL',' ','Pza','MXN',0.16,3288.650000),('C11CD07211','WORKFORCE M205  MONOCROMATICA, MULTIFUNCIONAL',' ','Pza','MXN',0.16,2609.270000),('C11CD81301','L-1300, IMPRESORA UNIFUNCIÓN',' ','Pza','MXN',0.16,6458.762900),('C11CD82301','L1800, IMPRESORA PARA FOTOGRAFIA',' ','Pza','MXN',0.16,8737.010300),('C2S11A#BGJ','HP OFFICEJET ENTERPRISE COLOR X555DN ',' ','Pza','MXN',0.16,11385.610300),('C31C151092','TM-U950-092, IMPRESORA MATRICIAL DE TICKET, CERTIFICACION Y AUDITORIA (NO INCLUYE FUENTE DE PODER)',' ','Pza','MXN',0.16,8298.969100),('C31C151283','TM-U950-083, IMPRESORA MATRICIAL DE TICKET, CERTIFICACION Y AUDITORIA (NO INCLUYE FUENTE DE PODER)',' ','Pza','MXN',0.16,7088.041200),('C31C159122','TM-U375-022, IMPRESORA MATRICIAL DE TICKET, AUDITORIA, VALIDACION (NO INCUYE FUENTE DE PODER)',' ','Pza','MXN',0.16,6252.371100),('C31C163272','TM-U295-272, IMPRESORA MATRICIAL DE CERTIFICACION (NO INCLUYE FUENTE DE PODER)',' ','Pza','MXN',0.16,3622.680400),('C31C163292','TM-U295-291, IMPRESORA MATRICIAL DE CERTIFICACION (NO INCLUYE FUENTE DE PODER)',' ','Pza','MXN',0.16,3622.680400),('C31C176252','TM-U950P-252, IMPRESORA MATRICIAL DE TICKET, CERTIFICACION Y AUDITORIA (NO INCLUYE FUENTE DE PODER)',' ','Pza','MXN',0.16,7623.505200),('C31C177012','TM-U375P-012, IMPRESORA MATRICIAL DE TICKET, AUDITORIA, VALIDACION (NO INCUYE FUENTE DE PODER)',' ','Pza','MXN',0.16,6252.371100),('C31C178242','TM-U295P-242, IMPRESORA MATRICIAL DE CERTIFICACION (NO INCLUYE FUENTE DE PODER)',' ','Pza','MXN',0.16,3622.680400),('C31C178262','TM-U295P-261, IMPRESORA MATRICIAL DE CERTIFICACION (NO INCLUYE FUENTE DE PODER)',' ','Pza','MXN',0.16,3622.680400),('C31C196112','TM-U590-111, IMPRESORA MATRICIAL DE CERTIFICACION (NO INCLUYE FUENTE DE PODER)',' ','Pza','MXN',0.16,7033.917500),('C31C222112','TM-U590P-111, IMPRESORA MATRICIAL DE CERTIFICACION (NO INCLUYE FUENTE DE PODER)',' ','Pza','MXN',0.16,7033.917500),('C31C283012','TM-U675-012, IMPRESORA MATRICIAL DE TICKET, AUDITORIA, VALIDACION (NO INCUYE FUENTE DE PODER)',' ','Pza','MXN',0.16,6323.814400),('C31C283023','TM-U675-023, IMPRESORA MATRICIAL DE TICKET, AUDITORIA, VALIDACION (NO INCUYE FUENTE DE PODER)',' ','Pza','MXN',0.16,6962.474200),('C31C283A8751','TM-U675-023, IMPRESORA MATRICIAL DE TICKET, AUDITORIA, VALIDACION (NO INCUYE FUENTE DE PODER)',' ','Pza','MXN',0.16,7531.134000),('C31C283A9991','TMU-675P-021, IMPRESORA MATRICIAL DE TICKET, AUDITORIA, VALIDACION (NO INCUYE FUENTE DE PODER)',' ','Pza','MXN',0.16,6962.474200),('C31C289012','TMU-675P-012, IMPRESORA MATRICIAL DE TICKET, AUDITORIA, VALIDACION (NO INCUYE FUENTE DE PODER)',' ','Pza','MXN',0.16,6323.814400),('C31C412134','TM-L90-134, IMPRESORA TERMICA DE ETIQUETAS (CON FUENTE DE PODER INCLUIDA)',' ','Pza','MXN',0.16,5896.597900),('C31C412772','TM-L90-I, IMPRESORA TERMICA DE TICKET OMNILINK INTELIGENTES (FUENTE DE PODER INCLUIDA)',' ','Pza','MXN',0.16,9020.618600),('C31C513103','TM-U220A-103, IMPRESORAS TÉRMICAS MINIPRINTERS',' ','Pza','MXN',0.16,3246.701000),('C31C513153','TM-U220A-153 , IMPRESORAS TÉRMICAS MINIPRINTERS',' ','Pza','MXN',0.16,3246.701000),('C31C513A8691','TM-U220A-113, IMPRESORAS TÉRMICAS MINIPRINTERS',' ','Pza','MXN',0.16,4502.371100),('C31C513A8901','TMU220A-890, IMPRESORAS TÉRMICAS MINIPRINTERS',' ','Pza','MXN',0.16,3679.690700),('C31C513A8971','TMU220A-897, IMPRESORAS TÉRMICAS MINIPRINTERS',' ','Pza','MXN',0.16,3679.690700),('C31C514603','TM-U220B-603, IMPRESORAS TÉRMICAS MINIPRINTERS',' ','Pza','MXN',0.16,2885.876300),('C31C514653','TM-U220B-653, IMPRESORAS TÉRMICAS MINIPRINTERS',' ','Pza','MXN',0.16,2885.876300),('C31C514667','TM-U220B-667, IMPRESORAS TÉRMICAS MINIPRINTERS',' ','Pza','MXN',0.16,4225.257700),('C31C514A8201','TMU220B-870, IMPRESORAS TÉRMICAS MINIPRINTERS',' ','Pza','MXN',0.16,4225.257700),('C31C514A8711','TMU220B-871, IMPRESORAS TÉRMICAS MINIPRINTERS',' ','Pza','MXN',0.16,3109.587600),('C31C514A8721','TM-U220B-613, IMPRESORAS TÉRMICAS MINIPRINTERS',' ','Pza','MXN',0.16,3109.587600),('C31C515603','TM-U220D-603, IMPRESORAS TÉRMICAS MINIPRINTERS',' ','Pza','MXN',0.16,2380.721600),('C31C515653','TM-U220D-653, IMPRESORAS TÉRMICAS MINIPRINTERS',' ','Pza','MXN',0.16,2380.721600),('C31C515806','TM-U220D-806, IMPRESORAS TÉRMICAS MINIPRINTERS',' ','Pza','MXN',0.16,2526.494800),('C31C515A8531','TM-U220D-613, IMPRESORAS TÉRMICAS MINIPRINTERS',' ','Pza','MXN',0.16,3511.546400),('C31C515A8541','TM-U220D-663, IMPRESORAS TÉRMICAS MINIPRINTERS',' ','Pza','MXN',0.16,3542.577300),('C31C515A8751','TM-U220D-613 (SOBRE PEDIDO) IMPRIME RECIBOS, IMPRESORAS TÉRMICAS MINIPRINTERS',' ','Pza','MXN',0.16,2759.587600),('C31C516103','TM-U220PA-103, IMPRESORAS TÉRMICAS MINIPRINTERS',' ','Pza','MXN',0.16,3239.484500),('C31C516153','TM-U220PA-153, IMPRESORAS TÉRMICAS MINIPRINTERS',' ','Pza','MXN',0.16,3239.484500),('C31C517603','TM-U220PB-603, IMPRESORAS TÉRMICAS MINIPRINTERS',' ','Pza','MXN',0.16,3874.536100),('C31C517653','TM-U220PB-653, IMPRESORAS TÉRMICAS MINIPRINTERS',' ','Pza','MXN',0.16,2905.360800),('C31C518603','TM-U220PD-603, IMPRESORAS TÉRMICAS MINIPRINTERS',' ','Pza','MXN',0.16,2380.721600),('C31C518653','TM-U220PD-653, IMPRESORAS TÉRMICAS MINIPRINTERS',' ','Pza','MXN',0.16,2380.721600),('C31C625771','TM-H6000III-771, IMPRESORA HIBRIDA DE TICKETS Y CERTIFICACION (NO INCLUYE FUENTE DE PODER)',' ','Pza','MXN',0.16,13499.896900),('C31C625A8731','TM-H6000III-076, IMPRESORA HIBRIDA DE TICKETS Y CERTIFICACION (NO INCLUYE FUENTE DE PODER)',' ','Pza','MXN',0.16,6891.752600),('C31C625A8791','TM-H6000IIIP-075, IMPRESORA HIBRIDA DE TICKETS Y CERTIFICACION (NO INCLUYE FUENTE DE PODER)',' ','Pza','MXN',0.16,6494.123700),('C31C625A8841','TM-H6000IIIP-071, IMPRESORA HIBRIDA DE TICKETS Y CERTIFICACION (NO INCLUYE FUENTE DE PODER)',' ','Pza','MXN',0.16,8241.237100),('C31C625A8891','TM-H6000III-075, IMPRESORA HIBRIDA DE TICKETS Y CERTIFICACION (NO INCLUYE FUENTE DE PODER)',' ','Pza','MXN',0.16,6494.123700),('C31C637786','TM-70-I, IMPRESORA TERMICA DE TICKET OMNILINK INTELIGENTES (FUENTE DE PODER INCLUIDA)',' ','Pza','MXN',0.16,7649.484500),('C31CA04051','TM-T58, IMPRESORA TERMICA DE TICKET (CON FUENTE DE PODER INCLUIDA)',' ','Pza','MXN',0.16,1604.948500),('C31CA04061','TM-T58, IMPRESORA TERMICA DE TICKET (CON FUENTE DE PODER INCLUIDA)',' ','Pza','MXN',0.16,1604.948500),('C31CA26011','TM-C3400USB, IMPRESORA DE ETIQUETAS Y TICKETS DE INYECCIÓN DE TINTA DE COLOR',' ','Pza','MXN',0.16,10911.979200),('C31CA26031','TM-C3400ETHERNET, IMPRESORA DE ETIQUETAS Y TICKETS DE INYECCIÓN DE TINTA DE COLOR',' ','Pza','MXN',0.16,12635.000000),('C31CA85014','TM-T88V-014, IMPRESORA TERMICA DE TICKET (CON FUENTE DE PODER INCLUIDA)',' ','Pza','MXN',0.16,3340.515500),('C31CA85084','TM-T88V-084, IMPRESORA TERMICA DE TICKET (CON FUENTE DE PODER INCLUIDA)',' ','Pza','MXN',0.16,3340.515500),('C31CA85306','TM-T88V-306, IMPRESORA TERMICA DE TICKET (CON FUENTE DE PODER INCLUIDA)',' ','Pza','MXN',0.16,4639.484500),('C31CA85330','TM-T88V-330, IMPRESORA TERMICA DE TICKET (CON FUENTE DE PODER INCLUIDA)',' ','Pza','MXN',0.16,4639.484500),('C31CA85779','TM-88V-I, IMPRESORA TERMICA DE TICKET OMNILINK INTELIGENTES (FUENTE DE PODER INCLUIDA)',' ','Pza','MXN',0.16,7649.484500),('C31CA85814','TM-T88V-814, IMPRESORA TERMICA DE TICKET (CON FUENTE DE PODER INCLUIDA)',' ','Pza','MXN',0.16,3340.515500),('C31CA85834','TM-T88V-834, IMPRESORA TERMICA DE TICKET (CON FUENTE DE PODER INCLUIDA)',' ','Pza','MXN',0.16,3788.660000),('C31CB25024','TM-H6000IV-024, IMPRESORA HIBRIDA DE TICKETS Y CERTIFICACION (NO INCLUYE FUENTE DE PODER)',' ','Pza','MXN',0.16,8948.453600),('C31CB25611','TM-H6000IV-611, IMPRESORA HIBRIDA DE TICKETS Y CERTIFICACION (NO INCLUYE FUENTE DE PODER)',' ','Pza','MXN',0.16,9236.391800),('C31CB25612','TM-H6000IV-614, IMPRESORA HIBRIDA DE TICKETS Y CERTIFICACION (NO INCLUYE FUENTE DE PODER)',' ','Pza','MXN',0.16,9236.391800),('C31CB25A8761','TM-H6000IV-076, IMPRESORA HIBRIDA DE TICKETS Y CERTIFICACION (NO INCLUYE FUENTE DE PODER)',' ','Pza','MXN',0.16,7865.257700),('C31CB25A8771','TM-H6000IV-075, IMPRESORA HIBRIDA DE TICKETS Y CERTIFICACION (NO INCLUYE FUENTE DE PODER)',' ','Pza','MXN',0.16,7865.257700),('C31CB25A8791','TM-H6000IV-075, IMPRESORA HIBRIDA DE TICKETS Y CERTIFICACION (NO INCLUYE FUENTE DE PODER)',' ','Pza','MXN',0.16,7865.257700),('C31CB25A8891','TM-H6000IV-075, IMPRESORA HIBRIDA DE TICKETS Y CERTIFICACION (NO INCLUYE FUENTE DE PODER)',' ','Pza','MXN',0.16,7865.257700),('C31CB26011','TM-H2000-011, IMPRESORA HIBRIDA DE TICKETS Y CERTIFICACION (NO INCLUYE FUENTE DE PODER)',' ','Pza','MXN',0.16,7937.422700),('C31CB26012','TM-H2000-012, IMPRESORA HIBRIDA DE TICKETS Y CERTIFICACION (NO INCLUYE FUENTE DE PODER)',' ','Pza','MXN',0.16,7937.422700),('C31CB26021','TM-H2000-021, IMPRESORA HIBRIDA DE TICKETS Y CERTIFICACION (NO INCLUYE FUENTE DE PODER)',' ','Pza','MXN',0.16,7937.422700),('C31CC74741','TM-88V-DT, IMPRESORA TERMICA DE TICKET OMNILINK INTELIGENTES (FUENTE DE PODER INCLUIDA)',' ','Pza','MXN',0.16,15948.453600),('C31CC74742','TM-88V-DT, IMPRESORA TERMICA DE TICKET OMNILINK INTELIGENTES (FUENTE DE PODER INCLUIDA)',' ','Pza','MXN',0.16,15948.453600),('C31CC79511','TM-P60II BLUETOOTH CON BATERÍA INCLUÍDA, IMPRESORA HIBRIDA DE TICKETS Y CERTIFICACION (NO INCLUYE FUENTE DE PODER)',' ','Pza','MXN',0.16,5470.103100),('C31CD52062','READYPRINT TM-T20II  IMPRESIÓN DE RECIBOS, IMPRESORA TERMICA (READYPRINT) (FUENTE DE PODER INTERCONSTRUIDA)',' ','Pza','MXN',0.16,2055.979400),('C31CD52063','READYPRINT TM-T20II, IMPRESORA TERMICA (READYPRINT) (FUENTE DE PODER INTERCONSTRUIDA)',' ','Pza','MXN',0.16,2345.360800),('C31CD54A9991','TM-C3500-011, IMPRESORA DE ETIQUETAS Y TICKETS DE INYECCIÓN DE TINTA DE COLOR',' ','Pza','MXN',0.16,16770.104200),('C35001A','HP 240 14.0 N3050 4GB 500GB SYST 0889296414216 4,718.36 4,718.36WIN10 64 HM 1/1/0 WR 1/1/0T1C04LTBITDEF',' ','PZA','MXN',0.16,0.000000),('C376101','LQ 680 PRO, IMPRESORAS DE MATRIZ',' ','Pza','MXN',0.16,6781.658000),('C390011','TM-T90IMPRESORA TERMICA DE TICKET (NO INCLUYE FUENTE DE PODER)',' ','Pza','MXN',0.16,4333.505200),('C3903A','TONER P/IMP. H.P. L.J. VI C-3903A',' ','PZA','MXN',0.16,0.000000),('C412014','TML90-014, IMPRESORA TERMICA DE ETIQUETAS (CON FUENTE DE PODER INCLUIDA)',' ','Pza','MXN',0.16,5186.494800),('C414014','TML90P-014, IMPRESORA TERMICA DE ETIQUETAS (CON FUENTE DE PODER INCLUIDA)',' ','Pza','MXN',0.16,5186.494800),('C4182X','TONER P/IMP, H.P. 8150 C4182X',' ','PZA','MXN',0.16,0.000000),('C51CB69050','LW-300, ROTULADORAS ELECTRÓNICAS',' ','Pza','MXN',0.16,363.854200),('C51CB70050','LW-400, ROTULADORAS ELECTRÓNICAS',' ','Pza','MXN',0.16,473.229200),('C5E-01018','VISUAL STUDIO PRO 2013 ENGLISH DVD',' ','Pza','MXN',0.16,6631.710000),('C5E-01031','VISUAL STUDIO PRO 2013 SPANISH DVD',' ','Pza','MXN',0.16,6631.710000),('C5E-01077','VISUAL STUDIO PRO 2013 ENGLISH VUP DVD',' ','Pza','MXN',0.16,3955.590000),('C5E-01088','VISUAL STUDIO PRO 2013 SPANISH VUP DVD',' ','Pza','MXN',0.16,3955.590000),('C5E-01235','C5E-01235,VSPRO 2015 SNGL OLP N',' ','PZA','USD',0.16,500.250000),('C7115A','TONER P/IMP. H.P.LASERJET 1200 C7115A',' ','PZA','MXN',0.16,0.000000),('C751BLK','PRO PRINT CARTRIGE C751 BLACK',' ','PZA','MXN',0.16,2827.200000),('C751CYA','PRO PRINT CARTRIGE C751 CYAN',' ','PZA','MXN',0.16,3724.000000),('C751MAG','PRO PRINT CARTRIGE C751 MAGENTA',' ','PZA','MXN',0.16,3724.000000),('C751YLL','PRO PRINT CARTRIGE C751 YELLOW',' ','PZA','MXN',0.16,3724.000000),('C7974A','C7974A, CARTUCHO DE DATOS HP LTO4 ULTRIUM - 1.6TB',' ','PZA','MXN',0.16,388.000000),('C7975A','CARTUCHO DE DATOS HP LTO-5 ULTRIUM DE 3 TB RW',' ','PZA','MXN',0.16,0.000000),('C7978A','CARTUCHO DE LIMPIEZA HP ULTRIUM UNIVERSAL',' ','PZA','MXN',0.16,0.000000),('C7P14AV#065','ALL IN ONE 4300, INTEL CORE I3-3240 , 8GB, 1 TB, DVDRW, WIN 8 EM, 20\"',' ','Pza','MXN',0.16,8870.000000),('C887VAM-K9','C887VAM-K9, CISCO 880 SERIES INTEGRATED SERVICES ROUTERS',' ','PZA','USD',0.16,440.370000),('C8T89AV#774','DESKTOP HP PRODESK 600 G1 SFF CI5-4590 8GB 500 GB WIN ',' ','PZA','MXN',0.16,0.000000),('C9351AL','CARTUCHO DE TINTA NEGRA HP 21 C9351A',' ','PZA','MXN',0.16,0.000000),('C9352AL','CARTUCHO DE TINTA TRICOLOR HP22 C9352A',' ','PZA','MXN',0.16,0.000000),('C9370A','HP PLOTTER TINTA NEGRA C9370A',' ','PZA','MXN',0.16,0.000000),('C9371A','HP PLOTTER TINTA CYAN C9371A',' ','PZA','MXN',0.16,0.000000),('C9372A','HP PLOTTER TINTA MAGENTA C9372A',' ','PZA','MXN',0.16,0.000000),('C9373A','HP PLOTTER TINTA AMARILLA C9373A',' ','PZA','MXN',0.16,0.000000),('C9374A','HP PLOTTER TINTA GRIS C9374A',' ','PZA','MXN',0.16,0.000000),('C9397A','HP PLOTTER TINTA NEGRO FOTO 69ML ',' ','PZA','MXN',0.16,0.000000),('C9403A','HP PLOTTER TINTA NEGRA MATE C9403A',' ','PZA','MXN',0.16,0.000000),('C9E49AA#ABA','HP PRODISPLAY P221, LED 21.5”, WIDE SCREEN, VESA 100, VGA & DVI, GARANTIA 3 AÑOS EN SITIO',' ','Pza','MXN',0.16,2528.659800),('C9F26AA#ABA','HP PRODISPLAY P201, LED 20”, WIDE SCREEN, VESA 100, VGA & DVI, GARANTIA 3 AÑOS EN SITIO',' ','PZA','MXN',0.16,2176.040000),('C9V73AA#ABA','HP ELITEDISPLAY E201, LED 20”, WIDE SCREEN, VESA 100, VGA / DVI / DP, GARANTIA 3 AÑOS EN SITIO',' ','Pza','MXN',0.16,2287.752600),('C9V75AA#ABA','HP ELITEDISPLAY E231, LED 23”, WIDE SCREEN, VESA 100, VGA / DVI / DP, GARANTIA 3 AÑOS EN SITIO',' ','Pza','MXN',0.16,2862.515500),('C9V76AA#ABA','HP ELITEDISPLAY E221, LED 21.5”, WIDE SCREEN, VESA 100, VGA / DVI / DP, GARANTIA 3 AÑOS EN SITIO',' ','Pza','MXN',0.16,2653.855700),('CA2826','CERATO ARCATA 2826 6-LINE',' ','PZA','MXN',0.16,0.000000),('CA61201-VM','STYLUS PRO 3880 , PLOTTERS',' ','Pza','MXN',0.16,12555.979400),('CABLE','CABLE CÁMARA DRIFT',' ','PZA','MXN',0.16,120.000000),('CABLE HIS-1','CABLE HIS CABLE DE CONEXIÓN DIRECTA PLANTRONICS PARA DIADEMAS PROFESIONALES A CIERTOS MODELOS DE AVAYA',' ','PZA','MXN',0.16,0.000000),('CABSTA1750','CABSTA1750, CABLE HDMI DE ALTA VELOCIDAD 1.8M - 2X HDMI MACHO - NEGRO - ULTRA HD 4K X 2K',' ','PZA','MXN',0.16,96.200000),('CAL5540W7P005','DELL LATE5540, CORE I5, 4 GB RAM, 500 GB, PANTALLA 15¨, WINDOWS 8',' ','Pza','MXN',0.16,13010.000000),('CAL7440W7P008','DELL E7440, CORE I5, 4 GB RAM/, 500 GB, PANTALLA 14\", WINDOWS 7',' ','Pza','MXN',0.16,14435.000000),('CAO3011W7P009-AIO','DELL OP3011 ALL IN ONE, CORE I5, 4 GB RAM, 500 GB',' ','Pza','MXN',0.16,12475.000000),('CAO9020W7P023-SFF','DELL OP9020 CORE I7, 8G RAM, 500 GB, WINDOWS 7',' ','Pza','MXN',0.16,12500.000000),('CARTUCHO ULTRIUM','HP LTO6 ULTRIUM 6.25TB READ/W SUPL WRITE DATA CARTRIDGE',' ','PZA','USD',0.16,0.000000),('CB-859','CB-859,CABLE MHL MANHATTN MICRO USB A HDMI MACHO, CON USB-A P/ ALIMENTACION',' ','PZA','MXN',0.16,0.000000),('CB-888 CB-888',' CABLE SIAMES DAHUA 20 MTS/ CONECTORES BNMACHO/ 1 CONECTOR MACHO Y 1 CONECTOR HEMBRA DEENERGIA',' ','PZA','MXN',0.16,0.000000),('CB435A','TONER P/IMP HP LASERJET 1002,1005,1006',' ','PZA','MXN',0.16,0.000000),('CB540A','TONER HP NEGRO PARA LASERJET 1215 / 1515, RENDIMIENTO 2,200 PAG.',' ','PZA','MXN',0.16,0.000000),('CC031AXC05','AXCEZE TIME 220MF ASISTENCIA AXCEZE TIME 220MF BIOMETRICO MIFARE IP 3000 HUELLAS',' ','PZA','MXN',0.16,0.000000),('CC364A','TONER P/IMP H.P. LASER JET 4015 TO-CC364A',' ','PZA','MXN',0.16,0.000000),('CC522A#BGJ','HP COLOR LASERJET M775DN MFP',' ','Pza','MXN',0.16,59460.717900),('CC641WL','CARTUCHO P/IMP HP DESKJET 60XL D2530/60/NEGRO',' ','PZA','MXN',0.16,0.000000),('CC644WL','CARTUCHO P/IMP HP DESKJET 60XL D2530/60/ TRICOLOR',' ','PZA','MXN',0.16,0.000000),('CD645A#BGJ','HP ENTERPRISE 500 COLOR MFP M575F',' ','Pza','MXN',0.16,39222.000000),('CD646A#BGJ','HP ENTERPRISE 500 COLOR MFP M575C',' ','Pza','MXN',0.16,43915.466700),('CDRWCB040','CDRWCB040,VERBATIM 94691 CD-R 80MIN 700MB 52X TORRE DE 50 PIEZAS  ',' ','PZA','MXN',0.16,0.000000),('CE250X','TONER NEGRO CE250X HP504X CM3530',' ','PZA','MXN',0.16,0.000000),('CE251A','TONER CYAN CE251A HP504A CM3530',' ','PZA','MXN',0.16,0.000000),('CE252A','TONER YELLOW CE252A HP504A CM3530',' ','PZA','MXN',0.16,0.000000),('CE253A','TONER MAGNETA CE253A HP504A CM3530',' ','PZA','MXN',0.16,0.000000),('CE278A','CE278A, TONER NEGRO CE278X/A LASERJET 1606DN',' ','PZA','MXN',0.16,881.870000),('CE285A','TONER NEGRO CE285A LASERJET P1102W',' ','PZA','MXN',0.16,0.000000),('CE285AD','CE285AD, TONER NEGRO CE285X/A LASERJET P1102W',' ','PZA','MXN',0.16,1386.040000),('CE311A','CART. HP CE 311A CIAN',' ','PZA','MXN',0.16,0.000000),('CE312A','CART. HP CE 312 AMARILLO',' ','PZA','MXN',0.16,0.000000),('CE313A','CART. HP CE 313A MAGENTA',' ','PZA','MXN',0.16,0.000000),('CE31A','CART. HP CE 310A NEGRO  ',' ','PZA','MXN',0.16,0.000000),('CE390A','TONER HP M4555 NEGRO',' ','PZA','MXN',0.16,0.000000),('CE390X','TONER NEGRO CE390X HP LASER JET 4555',' ','PZA','MXN',0.16,0.000000),('CE400A','TONER NEGRO HP507A CE400A 500C MFP575',' ','PZA','MXN',0.16,0.000000),('CE401A','CE401A, TONER CYAN  CE401X/A LASERJET500',' ','PZA','MXN',0.16,2486.440000),('CE401A 500C','TONER CYAN HP507A CE401A 500C MFP575',' ','PZA','MXN',0.16,0.000000),('CE402A  ','CE402A, TONER AMARILLO CE402 X/A LASERJET500',' ','PZA','MXN',0.16,2486.440000),('CE403A ','CE403A, TONER MAGENTA  CE403 X/A LASERJET500',' ','PZA','MXN',0.16,2486.440000),('CE461A#ABA','HP LASERJET P2035 PRINTER',' ','Pza','MXN',0.16,3773.466700),('CE503A#BGJ','HP LASERJET M4555F MFP',' ','Pza','MXN',0.16,52357.805100),('CE505A','TONER P/IMP HP LASER JET P2035 Y P2055',' ','PZA','MXN',0.16,0.000000),('CE528A#ABA','HP LASERJET P3015DN',' ','Pza','MXN',0.16,4568.974400),('CE538A#BGJ','HP LASERJET PROFESSIONAL M1536DNF',' ','Pza','MXN',0.16,3303.815400),('CE658A#BGJ','HP LASERJET PRO P1102W PRINTER',' ','Pza','MXN',0.16,1528.061500),('CE738A#BGJ','HP LASERJET M4555H MFP',' ','Pza','MXN',0.16,37557.835900),('CE749A#BGJ','HP LASERJET P1606DN PRINTER',' ','Pza','MXN',0.16,2213.025600),('CE847A#BGJ','HP LASERJET PRO M1132',' ','Pza','MXN',0.16,1517.107700),('CE9057FB8','	BATERIA 	HP ELITEBOOK 6930P TARGET',' ','PZA','MXN',0.16,0.000000),('CE918A#BGJ','HP LASERJET CP 1025NW PRINTER',' ','Pza','MXN',0.16,2438.779500),('CE957A#BGJ','HP LASERJET PRO 400 COLOR M451DN',' ','Pza','MXN',0.16,5566.102600),('CE958A#BGJ','HP LASERJET PRO 400 COLOR M451DW',' ','Pza','MXN',0.16,6440.841000),('CE989A#BGJ','HP LASERJET ENTERPRISE 600 M601N',' ','Pza','MXN',0.16,6234.297400),('CE991A#BGJ','HP LASERJET ENTERPRISE 600 M602N',' ','Pza','MXN',0.16,9744.317900),('CE993A#BGJ','HP LASERJET ENTERPRISE 600 M602X',' ','Pza','MXN',0.16,16586.933300),('CE994A#BGJ','HP LASERJET ENTERPRISE 600 M603N',' ','Pza','MXN',0.16,23981.466700),('CE996A#BGJ','HP LASERJET ENTERPRISE 600 M603XH',' ','Pza','MXN',0.16,22138.902600),('CF-195H9AXFP','LAPTOP CONVERTIBLE A TABLET FULLY RUGGED CORE I5 A 2.70 GHZ VPRO, 4 GB.  EXP. A 8 GB, 500 GB',' ','Pza','MXN',0.16,38503.500000),('CF-3110118M','LAPTOP PANASONIC TIPO PORTAFOLIO, FULLY RUGGED, CORE I5 A 2.30 GHZ VPRO, WIN7 PRO (WIN 8 PRO), 4GB EXPANSION A 8GB, 500 GB. ',' ','PZA','USD',0.16,0.000000),('CF-3110118MP','CF-3110118MP, LAPTOP TIPO PORTAFOLIO, FULLY RUGGED CORE I5 A 2.30 GHZ VPRO, WINDOWS 7 PRO (WIN 8 PRO), 4 GB. EXP. A 8 GB, 500 GB ',' ','PZA','USD',0.16,3524.000000),('CF-3110558C','TOUGHBOOK PANASONIC  TIPO PORTAFOLIO FULLY REUGEED MIL-STD-810G IP-65 WIN 7 PRO CORE I7 2.60GHZ VPRO 4GB EXP 8GB 500GB TACTIL 13.1\" XGA HD LED PUERTO SERIAL 3 AÑOS DE GARANTÍA',' ','PZA','USD',0.16,0.000000),('CF-3110558CM ','CF-3110558CM, SISTEMA OPERATIVO:WIN7 (WIN8.1 PRO COA), PROCESADOR: INTEL CORE I7- 2.60GHZ, PANTALLA: 13.1\" XGA TOUCH, 4GB, DISCO DURO:500GB(7200RPM), INTEL WIFI A/B/G/N/AC, TPM, BLUETOOTH, DUAL PASS, EMISSIVE BACKLIT KEYBOARD,',' ','PZA','USD',0.16,3689.000000),('CF-31WFLA9MP','LAPTOP TIPO PORTAFOLIO FULLY RUGGED CORE I5 A 2.70 GHZ VPRO, 4 GB.  EXP. A 8 GB, 500 GB',' ','Pza','MXN',0.16,3287.000000),('CF-532ASZYMP','LAPTOP TIPO PORTAFOLIO, SEMI RUGGED, WINDOWS 7 PRO (WIN 8.1 PRO), CORE I5 A 2.0 GHZ VPRO, 4 GB. EXP. A 8 GB, 500GB DD, 14\" WXGA HD LED',' ','PZA','USD',0.16,1793.000000),('CF-532JEZYMP','CF-532JEZYMP, LAPTOP TIPO PORTAFOLIO, SEMI RUGGED MIL-STD-810G, WINDOWS 7 PRO (WIN 8.1 PRO COA), CORE I5 A 2.0 GHZ VPRO, 4 GB.  EXP. A 8 GB, 320 GB, 14\"  HD LED',' ','PZA','USD',0.16,1590.000000),('CF-53SALBYLM','WIN7, (WIN8 COA), INTEL CORE I5-3340M, 2.70GHZ, VPRO, 14\" HD, 500GB, 4GB, WIFI',' ','PZA','USD',0.16,0.000000),('CF-53SALBYLM (1)','CF-53SALBYLM, WIN7, (WIN8 COA), INTEL CORE I5-3340M, 2.70GHZ, VPRO, 14\" HD, 500GB, 4GB, WIFI',' ','PZA','MXN',0.16,0.000000),('CF-53SASZYMP','LAPTOP TIPO PORTAFOLIO SEMI RUGGED CORE I5 A 2.70 GHZ VPRO, 4 GB.  EXP. A 8 GB, 500 GB',' ','Pza','MXN',0.16,20362.300000),('CF-54','EQUIPO INDUSTRIAL INCLUYE ANTENA WI-FI DE GRAN ALCANCE, NUMERO DE PARTE CF-54, GARANTÍA DE 3 AÑOS',' ','PZA','USD',0.16,0.000000),('CF-547AX026CM','CONSTRUCCIÓN ROBUSTA Y RESISTENTE.ESTRUCTURA DE ALEACIÓN DE MAGNESIO CON PUERTOS PROTEGIDOS. CON MANIJA TIPO PORTAFOLIO PARA LLEVARLA CÓMODAMENTE.RESISTENCIA MEDIA A CAÍDAS, GOLPES, VIBRACIONES, POLVO Y DERRAME DE LÍQUIDOS.CUMPLE CON EL ESTÁNDAR MIL-STD-8','10G.BATERÍA DE LARGA DURACIÓN (10 HORAS APROX.)PROCESADOR INTEL CORE I7 A 2.6 GHZ, TECNOLOGÍA VPRO™DISCO DURO DE 500 GB HOT-SWAP Y ANTI-SHOCKMEMORIA DE 8GBPANTALLA LED DE 14.0“HD WXGA CON TRATAMIENTO ANTI REFLEJANTEPUERTOS: HDMI, USBX4, AUDÍFONOS/ALTAVOC','PZA','USD',0.16,2239.000000),('CF-54AL115MP','CF-54AL115MP, WIN7 MUI (WIN8.1 PRO COA), INTEL CORE I5-5300U 2.30GHZ, VPRO, 14.0\" HD, PRIME, 500GB(7200RPM), 4GB, INTEL WIFI A/B/G/N/AC, TPM, BLUETOOTH, SERIAL, DVD MULTI-DRIVE',' ','PZA','USD',0.16,1986.000000),('CF-54AX026CM','PANASONIC TOUGHBOOK 54, PROCESADOR INTEL CORE I7 A 2.6 GHZ, TECNOLOGÍA VPRO™, DISCO DURO DE 500 GB HOT-SWAP Y ANTI-SHOCK,MEMORIA DE 8GB,  PANTALLA LED DE 14.0“HD WXGA CON TRATAMIENTO ANTI REFLEJANTE, PUERTOS: HDMI, USBX4, AUDÍFONOS/ALTAVOCES, VIDEO., ETHE','RNET, WIRELESS WI-FI Y  BLUETOOTH. ( AL102MP, MICROSOFT WINDOWS® 7 PRO ( WIN 8.1 PRO COA), 3 AÑOS DE GARANTÍA - AX026CM','PZA','USD',0.16,2202.720000),('CF-54D0005KM','CF-54D0005K,TOUGHBOOK CF-54 COMPUTADORA PORTATIL DE USO SEMI RUDO',' ','PZA','USD',0.16,1889.000000),('CF-AA5713AM','CF-AA5713AM, AC ADAPTOR (100W) FOR CF-31 MK1, MK2, MK3, MK4, MK5, CF-52 MK3, MK4, MK5, CF-53 MK1, MK2, MK3, MK4 CF-54 MK1, MK2, CF-19 MK5, MK6, MK7, MK8, CF-20, FZ-G1 MK1, MK3,',' ','PZA','USD',0.16,65.000000),('CF-AA6373AM','CF-AA6373AM, ADAPTADOR AC PARA FZ-X1',' ','PZA','USD',0.16,30.470000),('CF-SVCLTEXT2YL','LAR SPECIFIC EXTENDED WARRANTY LAPTOP (4 & 5 YEARS)',' ','PZA','USD',0.16,0.000000),('CF-SVCLTEXT2YL (1)','CF-SVCLTEXT2YL, LAR SPECIFIC EXTENDED WARRANTY LAPTOP (4 & 5 YEARS)',' ','PZA','MXN',0.16,0.000000),('CF-VDM312U','SUPER MULTI DRIVE (SATA I/F, W/ POWER DVD) FOR CF-31MK3, MK4',' ','PZA','USD',0.16,279.000000),('CF-VZ','LONG LIFE BATTERY FOR CF-54',' ','PZA','USD',0.16,0.000000),('CF-WMBA1204G','4GB MEMORY INDIVIDUALLY PACKAGED',' ','PZA','USD',0.16,0.000000),('CF-WMBA1204G (1)','CF-WMBA1204G, 4GB MEMORY INDIVIDUALLY PACKAGED ',' ','PZA','MXN',0.16,0.000000),('CF-WMBA1304G','4GB MEMORY FOR CF-31 MK3, CF-31 MK4',' ','PZA','USD',0.16,96.000000),('CF066A#BGJ','HP LASERJET ENTERPRISE 700 MFP M725DN',' ','Pza','MXN',0.16,58327.179500),('CF068A#BGJ','HP LASERJET ENTERPRISE 700 MFP M725Z',' ','Pza','MXN',0.16,79692.307700),('CF081A#BGJ','HP LASERJET ENTERPRISE 500 COLOR M551N',' ','Pza','MXN',0.16,9552.666700),('CF082A#BGJ','HP LASERJET ENTERPRISE 500 COLOR M551DN',' ','Pza','MXN',0.16,12362.594900),('CF116A#BGJ','HP LASERJET ENTERPRISE 500 MFP M525DN',' ','Pza','MXN',0.16,25244.512800),('CF117A#BGJ','HP LASERJET ENTERPRISE 500 MFP M525F',' ','Pza','MXN',0.16,28933.866700),('CF118A#BGJ','HP LASERJET ENTERPRISE 500 MFP M525C',' ','Pza','MXN',0.16,36150.369200),('CF145A#BGJ','HP LASERJET PRO 200 COLOR MFP M276NW',' ','Pza','MXN',0.16,4556.625600),('CF147A#BGJ','HP LASERJET PRO 200 COLOR M251NW',' ','Pza','MXN',0.16,3614.717900),('CF210A','HP LJPRO 200 MFP TONER NEGRO CF210A',' ','PZA','MXN',0.16,0.000000),('CF212A','HP LJPRO 200 MFP TONER AMARILLO CF212A',' ','PZA','MXN',0.16,0.000000),('CF236A#BGJ','HP LASERJET ENTERPRISE 700 M712DN',' ','Pza','MXN',0.16,33089.774400),('CF2542E','TONER CARTRIDGE LJET 83A ',' ','PZA','MXN',0.16,0.000000),('CF283A ','CF283A, TONER HP NEGRO 83A PARA LASERJET M127FN MFP, M127FW MFP',' ','PZA','MXN',0.16,0.000000),('CF286A#BGJ','HP LASERJET PRO 400 M425DN',' ','Pza','MXN',0.16,4634.112800),('CF367A#BGJ','HP LASERJET ENTERPRISE FLOW MFP M830Z',' ','Pza','MXN',0.16,121876.246200),('CF380A','TONER HP NEGRO PARA LASERJET M476 ( CF380A) LOS CONSUMIBLES DE IMPRESIÓN HP PARA IMPRESORAS HP LASERJET M476 ',' ','PZA','MXN',0.16,1120.690000),('CF385A#BGJ','HP COLOR LASERJET PRO MFP M476NW',' ','Pza','MXN',0.16,5814.625600),('CF387A#BGJ','HP COLOR LASERJET PRO MFP M476DW',' ','Pza','MXN',0.16,6645.394900),('CF394A#BGJ','CF394A#BGJ,IMPRESORA LASERJET A COLOR HP M452DW, 28 PPM NEGRO/COLOR, DUPLEX, WIFI ',' ','PZA','MXN',0.16,0.000000),('CF399A#BGJ','HP LASERJET PRO 400 PRINTER M401DNE',' ','Pza','MXN',0.16,4201.138500),('CF485A#BGJ','MFP HP M225DW B/N, 26 PPM WIFI, DÚPLEX, 2,000 PAG X MES',' ','PZA','MXN',0.16,0.000000),('CF547A#BGJ','HP COLOR LASERJET PRO MFP M176N',' ','Pza','MXN',0.16,3627.897400),('CFPE1IWY','CFPE1IWY, FACEPLATE 1 PTOS BLANCO',' ','PZA','USD',0.16,1.920000),('CFPE2IWY','CFPE2IWY, FACEPLATE 2 PTOS BLANCO',' ','PZA','USD',0.16,1.920000),('CFPE4IWY','CFPE4IWY, FACEPLATE 4 PTOS BLANCO',' ','PZA','USD',0.16,1.920000),('CG01000-278301','FI-6670A, 70 PPM / 140 IPM PORTRAIT COLOR SCANNER, 90 PPM / 180 IPM LANDSCAPE, PAPERSTREAM IP (TWAIN/ISIS), PAPERSTREAM CAPTURE, CENTRAL ADMIN SUITE',' ','Pza','MXN',0.16,69053.690000),('CG01000-278401','FI-6770A, 70 PPM / 140 IPM PORTRAIT COLOR SCANNER, 90 PPM / 180 IPM LANDSCAPE, DUPLEX, 200 PAGE ADF, SCSI AND USB 2.0, ULTRASONIC DFD W/ IMFF,ADODE ACROBAT, SCANDALL PRO, VRS 4.5 PRO CGA W/ EBC, 11X17 FLATBED',' ','Pza','MXN',0.16,81962.350000),('CH561HL','CARTUCHO D/TINTA A NEGRO P/IMP.H.P51640A (122)',' ','PZA','MXN',0.16,0.000000),('CISMSB0008','CON-SNT-SF 1YRSNTSF100D-08-NA',' ','PZA','MXN',0.16,0.000000),('CJ5E88TIW','CJ5E88TIW,JACK RJ45 CAT5E BLANCO ',' ','PZA','USD',0.16,4.520000),('CM752A#AKY','HP OFFICEJET PRO 8100',' ','Pza','MXN',0.16,1100.061500),('CMBIW-X','CMBIW-X, INSERTO CIEGO BLANCO',' ','PZA','USD',0.16,0.210000),('CMR19X84','CMR19X84, RACK DE 7 FT COLOR NEGRO',' ','PZA','USD',0.16,185.440000),('CN-2193','CARTUCHO DE DATOS HP LTO-6 ULTRIUM DE 6.25 TB RW',' ','PZA','MXN',0.16,0.000000),('CN-731','TONER HP NEGRO PARA LASERJET 1215 / 1515, 2200 PAGINAS ',' ','PZA','MXN',0.16,0.000000),('CN-732','TONER HP CYAN PARA LASERJET 1215 / 1515- RENDIMIENTO 1400 PAG',' ','PZA','MXN',0.16,0.000000),('CN-733','TONER HP MAGENTA PARA LASERJET 1215 / 1515',' ','PZA','MXN',0.16,0.000000),('CN053AL ','CARTUCHO DE TINTA NEGRA HP 932XL OFFICEJET  RENDIMIENTO APROXIMADO:-*1000 PAGINAS 		',' ','PZA','MXN',0.16,0.000000),('CN054AL','CARTUCHO HP 933XL CIAN PARA OFFICEJET RENDIMIENTO APROXIMADO:-*825 		',' ','PZA','MXN',0.16,0.000000),('CN055AL','CARTUCHO HP 933XL MAGENTA PARA OFFICEJET  RENDIMIENTO APROXIMADO:-*825 PAGINAS 		',' ','PZA','MXN',0.16,0.000000),('CN056AL ','CARTUCHO HP 933XL AMARILLA PARA OFFICEJET RENDIMIENTO APROXIMADO:-*825 		',' ','PZA','MXN',0.16,0.000000),('CN31US15','MALETIN PARA PORTATILES DE 16 , CLASICO, NEGRO ACENTOS EN ROJO',' ','PZA','MXN',0.16,0.000000),('CN461A#AKY','HP OFFICEJET PRO X476DW',' ','Pza','MXN',0.16,5354.307700),('CN463A#AKY','HP OFFICEJET PRO X451DW',' ','Pza','MXN',0.16,4016.071800),('CN551A#AKY','HP OFFICEJET 100 MOBILE',' ','Pza','MXN',0.16,3155.743600),('COMISION','PAGO DE COMISIÓN POR VENTA AL USUARIO FINAL PROYECTO ',' ','No aplica','MXN',0.16,0.000000),('CON-SNT-AP185NK9','CON-SNT-AP185NK9, SNTC-8X5XNBD 802.11AC WAVE 2; 4X4:4SS; EXT ANT; N REG',' ','PZA','USD',0.16,41.140000),('CON-SNT-RV30K9NA','CON-SNT-RV30K9NA,SNTC-8X5XNBD CISCO RV320 DUAL GIGABIT WANVPN ROUTER',' ','PZA','USD',0.16,37.000000),('CON-SNT-S1602EN','CON-SNT-S1602EN,SNTC-8X5XNBD 802.11A/G/N STANDALO',' ','PZA','USD',0.16,30.360000),('CON-SNT-SF10D8NA','CON-SNT-SF10D8NA, SMARTNET 8X5XNBD SF100D-08 8-PORT 10/100 DESKTOP SWITCH',' ','PZA','USD',0.16,37.540000),('CON-SNT-SPC2M4V1','SMARTNET 8X5XNBD',' ','PZA','USD',0.16,0.000000),('CON-SNT-UCSC48S','SMARTNET 8X5XNBD MDS 9148S 16G FC SWITCH W/ 12 ACTIVE PO',' ','PZA','USD',0.16,0.000000),('CONTRATO','CONTRATO DE SERVICIOS DE MANTENIMIENTO SERPAPROSA LENOVO FEBRERO 2016',' ','PZA','USD',0.16,11311.150000),('COPIAS DIGITALES','COPIAS DIGITALES ',' ','PZA','MXN',0.16,0.000000),('CPC3312-03F007','CABLE DE PARCHEO RJ45-RJ45 GIGASPEED 7 FT  GRIS',' ','PZA','MXN',0.16,0.000000),('CPC3312-03F010','CABLE DE PARCHEO RJ45-RJ45 GIGASPEED 10 FT  GRIS',' ','PZA','MXN',0.16,0.000000),('CPUACR3550','PC ACER AXC-705-MO53 (DT.SXLAL.007) ',' ','PZA','MXN',0.16,0.000000),('CR768A#AKY','HP OFFICEJET 7110',' ','Pza','MXN',0.16,2054.092300),('CR769A#AKY','HP OFFICEJET 7610',' ','Pza','MXN',0.16,3081.497400),('CR770A#AKY','HP OFFICEJET PRO 276DW',' ','Pza','MXN',0.16,4035.517900),('CS3070-SR10007','N° DE PARTE: CS3070-SR10007, CS3070 USB BATCH/BT SCANNER KIT 1D LASER 512MB FLASH CABLE',' ','pza','MXN',0.16,0.000000),('CS32AC','CS32AC,ESTACIÓN DE CARGA PARA CHROMEBOOK CON 32 PUERTOS DE CA (NEGRO)',' ','PZA','MXN',0.16,16637.110000),('CS540','PLANTRONICS DIADEMA AURICULAR INALAMBRICO COLOR NEGRO',' ','PZA','MXN',0.16,0.000000),('CSHANDLEKIT','CSHANDLEKIT,JUEGO DE CONVERSIÓN A CARRITO MÓVIL CON MANIJA, RUEDAS Y ADMINISTRADOR DEL CABLE DE ALIMENTACIÓN PARA ESTACIONES DE CARGA DE TABLETA/CHROMEBOOK',' ','PZA','MXN',0.16,2457.290000),('CT14','TELEFONO ANALOGICO PLANTRONICS CT14 INALAMBRICO CON AURICULAR DECT 6.0',' ','PZA','USD',0.16,119.070000),('CTH480L','CTH480L,TABLETA WACOM INTUOS TOUCH C/STYLUS, CHICA. MOD. CTH490 SUSTITUTO ',' ','PZA','MXN',0.16,0.000000),('CTH680L',' CTH680L ,TABLETA WACOM INTUOS TOUCH C/STYLUS, MEDIANA. MOD. CTH690 ( SUSTITUTO DE LA CTH680L ) ',' ','PZA','MXN',0.16,0.000000),('CTH690AK','CTH690AK, WACOM INTUOS ART PEN AND TOUCH MEDIUM',' ','PZA','MXN',0.16,0.000000),('CTO MCBOOK','MCBOOK PRO 15\" PANTALLA RETINA, PROCESADOR (065-C32C) - COREI7 INTEL DE CUATRO NÚCLEOS A 2.8GHZ (TUBO BOOST HASTA 4.0 GHZ), MEMORIA (065-C32D)- 16GB DE DDR3L SDRAM Y 1600 MHZ, ALMACENAMIENTO (065-C32L) - 1TB DE ALMACENAMIENTO FLASH PCLE, GRÁFICOS ((065-C3','2G) - INTEL IRIS PRO GRAPHICS + AMD RADEON R9 M370X WITH 2GB GDDR5 MEMORY, FORCE TOUCH TRACKPAD (065-C32H) - FORCE TOUCH TRACKPAD, TECLADO Y DOCUMENTACIÓN (LZ065-C336) - TECLADO RETROILUMINADO (INGLES)/GUÍA DEL USUARIO ESPAÑOL','PZA','MXN',0.16,50438.000000),('CTO Z0PG','PROCESADOR (065-C27V) CORE I7 INTEL DE 4 NÚCLEOS A 3.5 GHZ, GRÁFICOS (065-C281) - NVIDIA GEFORCE GTX 775M 2GB GDDR5, MEM 8GB DE DDR3 SDRAM Y 1600 MHZ - 2X4GB, 1TB (7,200)RPM',' ','PZA','MXN',0.16,0.000000),('CV136A#AKY','HP OFFICEJET PRO 251DW',' ','Pza','MXN',0.16,2200.860000),('CZ103AL','CZ103AL, CARTUCHO CZ103A NEGRO DESKJET1515',' ','PZA','MXN',0.16,104.790000),('CZ104AL','CZ104AL, CARTUCHO CZ104A COLOR DESKJET1515',' ','PZA','MXN',0.16,104.790000),('CZ165A#BGJ','HP COLOR LASERJET PRO MFP M177FW',' ','Pza','MXN',0.16,4477.948700),('CZ172A','IMPRESORA HP LASERJET PRO M125A MFP',' ','Pza','MXN',0.16,1606.051300),('CZ181A#BGJ','HP LASERJET PRO MFP M127FN',' ','Pza','MXN',0.16,1928.082100),('CZ195A#BGJ','HP LASERJET PRO 400 M401N',' ','Pza','MXN',0.16,3178.800000),('CZ245A#BGJ','HP LASERJET ENTERPRISE M806X',' ','Pza','MXN',0.16,84194.102600),('CZ249A#BGJ','HP COLOR LASERJET ENTERPRISE MFP M680F',' ','Pza','MXN',0.16,61553.579500),('CZ256A#BGJ','HP COLOR LASERJET ENTERPRISE M651DN',' ','Pza','MXN',0.16,24718.594900),('CZ271A#BGJ','HP LASERJET PRO 500 COLOR MFP M570DN',' ','Pza','MXN',0.16,9886.769200),('CZ282A#AKY','HP DESKJET IA 5525',' ','Pza','MXN',0.16,1577.497400),('D0A59AV','HP ELITEONE 800 G1 AIO CTO NT 23,ENERGY STAR LABEL, WIN 8.1 PRO DOWNGRADE TO WIN7 PRO64 OS, LATIN AMERICA - (120V)SPANISH LOCAL, INTEL CORE I5-4590S 3.0G 6M HD 4600 CPU, 8GB DDR3-1600 SODIMM (1X8GB) RAM,500GB SATA 2.5 7.2K 1ST HDDHP USB KEYBOARD - ME, LAT','IN AMERICA - (120V)SPANISH LOCAL,HP USB MOUSE,SLIM DVD-ROM ODD, HP SD MEDIA CARD READER ,INTEL 6205 802.11 A/B/G/N MINI PCIE NICHP 3/3/3 AIO WARRANTY, LATIN AMERICA - (120V)SPANISH LOCAL, 2013 TILT/SWIVEL STAND FOR 800/600, HP ELITEONE 800 G1 AIO COUNTRY','PZA','USD',0.16,981.430000),('D1P35AV#015','HP Z230 SFF ,CI7-4790,16GB.1TB WIN8PRO64,3/3/3 ',' ','PZA','MXN',0.16,0.000000),('D3L09A#BGJ','HP COLOR LASERJET ENTERPRISE M750DN',' ','Pza','MXN',0.16,41738.728200),('D4H22A#AKY','HP DESKJET IA 2645',' ','Pza','MXN',0.16,1126.564100),('D7V73AV#998','HP ELITEBOOK 820 CORE I5-4300U, 12.5 HD AG LED SVA, UMA, WEBCAM, 8GB DDR3 RAM, 256GB SSD, 802.11A/B/G/N, BT, 3C BATTERY, FPR, WIN 7 PRO 64, 3YR WARRANTY',' ','PZA','MXN',0.16,0.000000),('D7Z72AA#ABA','HP ELITEDISPLAY E27LI, LED 27”, WIDE SCEEN, VESA 100, VGA / DVI / DP, GARANTIA 3 AÑOS EN SITIO',' ','Pza','MXN',0.16,3818.195900),('D86-04737','VISIO STD 2013 32-BIT/X64 ENGLISH DVD',' ','Pza','MXN',0.16,3808.610000),('D86-04746','VISIO STD 2013 32-BIT/X64 SPANISH LATAM NOT TO PUERTO RICO DVD',' ','Pza','MXN',0.16,3808.610000),('D87-05361','VISIO PRO 2013 32-BIT/X64 ENGLISH DVD',' ','Pza','MXN',0.16,7315.290000),('D87-05370','VISIO PRO 2013 32-BIT/X64 SPANISH LATAM NOT TO PUERTO RICO DVD',' ','Pza','MXN',0.16,7315.290000),('D9Y32AA#ABA','D9Y32AA#ABA, DOCKING STATION ULTRA SLIM',' ','PZA','MXN',0.16,2064.840000),('DAE213','PANTALLA DE PROYECCIÓN ELECTRICA 2.13 X 2.13 MTS, FORMATO CUADRADO , COLOR BLANCO MATE ',' ','PZA','MXN',0.16,0.000000),('DBS1MGY','DBS1MGY CABLE POWER & CO. HDMI 3D FULL HD / 1M DE LARGO / GRIS',' ','PZA','MXN',0.16,0.000000),('DCS-931L ','CAMARA IP CLOUD, CUBE, H.264, WIRELESS 11N AND MYDLINK SUPPORT',' ','PZA','MXN',0.16,0.000000),('DCS-933L','CAMARA IP CLOUD, CUBE, H.264, WIRELESS 11N AND MYDLINK SUPPORT',' ','PZA','MXN',0.16,0.000000),('DDR3S-1600ML4GK','DDR3 SODIMM 4GB 1600MHZ PC3-12800 K1.35V',' ','PZA','MXN',0.16,298.120000),('DE1908','DE1908, ORIGINAL AC ADAPTER, DELL LATITUDE/ INSPIRON, 19.5V 4.62A, TIP 7.4X5.0, 90W',' ','PZA','USD',0.16,26.000000),('DELL MOUNT','DELL OPTIPLEX ALL IN ONE MOUNT',' ','PZA','MXN',0.16,997.960000),('DIF','DIFERENCIA DE PRECIO POR TIPO DE CAMBIO CORRESPONDIENTE A LA OC 000008654',' ','No aplica','MXN',0.16,0.000000),('DIFERENCIA','DIFERENCIA DE PRECIO POR TIPO DE CAMBIO CORRESPONDIENTE A LA OC 000008654',' ','No aplica','MXN',0.16,0.000000),('DINKUM TOP - 1\"','DINKUM TOP - 1\" (PINZA)',' ','PZA','USD',0.16,23.000000),('DJA-01177','SYS CTR ESSNTLS SVR ML 2010 ENGLISH MLP',' ','Pza','MXN',0.16,1561.750000),('DJA-01185','SYS CTR ESSNTLS SVR ML 2010 SPANISH MLP',' ','Pza','MXN',0.16,1561.750000),('DN-21-132/PLUS','ISB SOLA BASIC MICROVOLT INET 1300 PLUS DN-21-132/PLUS-1300 VA-750W- 8 CONTACTOS',' ','PZA','MXN',0.16,0.000000),('DP24688TGY','DP24688TGY, PATCH PANEL 24PTOS CAT6 19\"',' ','PZA','USD',0.16,0.000000),('DP2VGA3','DP2VGA3 ADAPTADOR CONVERTIDOR DISPLAYPORT 1.2 A VGA DP HD15',' ','PZA','MXN',0.16,0.000000),('DSC-W800/B','CAMARA DIG. SONY 20.1 MPX,Z/5X LCD 2.7\",USB,BAT.REC,V/HD,360Î,NEG',' ','PZA','MXN',0.16,0.000000),('DTH1300',' DTH1300,WACOM CINTIQ 13 HD TOUCH DTH1300 K ( SUSTITUTO DE LA DTH1300) ',' ','PZA','MXN',0.16,0.000000),('E/K-LAL','APP FOR IMAC',' ','PZA','MXN',0.16,0.000000),('E11000XL-GA','EXPRESSION 11000 XLGA, SCANNER DE FOTOGRAFIA Y DISEÑO GRAFICO',' ','Pza','MXN',0.16,29523.316100),('E11000XL-PH','EXPRESSION 11000 XLPH, SCANNER DE FOTOGRAFIA Y DISEÑO GRAFIC',' ','Pza','MXN',0.16,35435.233200),('E11000XLGA','EXPRESSION 11000 XLGA, SCANNER DE FOTOGRAFIA Y DISEÑO GRAFICO',' ','Pza','MXN',0.16,29523.316100),('E1914H','DELL MONITOR LED 18.5, 3 AÑOS DE GARANTÍA',' ','PZA','MXN',0.16,1431.060000),('E2T08AA#ABA','HP V221, LED 21.5”, WIDE SCREEN, VESA 75, VGA, GARANTIA 3 AÑOS EN SITIO',' ','Pza','MXN',0.16,1719.123700),('E2T08AA#ABM ','HP V221, LED 21.5\", 1920X1080, WIDE SCEEN, 75, VGA, 3/3/3',' ','PZA','MXN',0.16,0.000000),('E32-01096','SQL SVR DEVELOPER EDTN 2014 ENGLISH NOT TO US DVD 1 CLT',' ','Pza','MXN',0.16,575.320000),('E3S98LT#ABM','ELITE DESK 800 SFF, COREI5 4570, 4 GB, 500 GB, DVDRW, WIN 8.1 PRO DWN WIN7',' ','Pza','MXN',0.16,8883.010000),('E3S99LT#ABM','ELITE DESK 800 MT, CORE I7 4770, 4 GB, 500 GB, DVDRW, WIN 8.1 PRO DWN WIN7',' ','Pza','MXN',0.16,10417.030000),('E3T58LT#ABM','PRO DESK 405 G1 MT, AMD E1-2500 DUAL CORE, 4GB, 500 GB, DVDRW, FREE DOS 2.0',' ','Pza','MXN',0.16,3900.440000),('E3T60LT#ABM','PRO 6305 SFF, AMD A8-6500B, 4GB, 1TB, DVDRW / 14-IN-1, WIN 8.1 PRO DWN WIN7',' ','Pza','MXN',0.16,7115.260000),('E3T61LT#ABM','PRO DESK 600 SFF, CORE I3 4330, 4 GB, 500 GB, DVDRW, WIN 8.1 PRO DWN WIN7',' ','Pza','MXN',0.16,7751.860000),('E3T62LT#ABM','ELITEONE 800 G1, CORE I5-4570S VPRO, 8GB, 1 TB, DVDRW 6-IN-1, WIN 8.1 PRO 64, 23” TOUCHSCREEN',' ','Pza','MXN',0.16,15114.969100),('E3T63LT#ABM','ELITEONE 800 G1, CORE I5-4570S VPRO, 8GB, 500 GB, DVDRW 6-IN-1, WIN 8  PRO DWN WIN 7, 23” NON TOUCHSCREEN',' ','Pza','MXN',0.16,13197.443300),('E3T78LT#ABM','PRO DESK 405 G1 MT, AMD A4-5000 QUAD CORE, 4GB , 500 GB, SLIM SM ODD, WIN 8.1 PRO DWN WIN7',' ','Pza','MXN',0.16,6415.030000),('E3T79LT#ABM','ALL IN ONE 205, AMD E1-2500 DUAL CORE, 4GB, 500 GB, DVDRW, UBUNTU LINUX 64 BIT, 18.5\"',' ','Pza','MXN',0.16,4899.000000),('E3T80LT#ABM','ALL IN ONE 205, AMD E1-2500 DUAL CORE, 4GB, 500 GB, DVDRW, WIN 8 EM, 18.5\"',' ','Pza','MXN',0.16,5664.000000),('E3T81LT#ABM','ALL IN ONE 205, AMD E1-2500 DUAL CORE, 4GB, 500 GB, DVDRW, WIN 8 PRO, 18.5\"',' ','Pza','MXN',0.16,6204.154600),('E3U49LTBITDEF','FOLIO 9470M, CORE I5-3337U, 4 GB, DD 500 GB, WIN7 PRO 64 WITH WIN8 PRO LICENSE, 14\" LED',' ','Pza','MXN',0.16,10877.650000),('E3U65LTBITDEF','FOLIO 9470M, CORE I3-3227U, 4 GB, DD 320 GB, WIN7 PRO 64 WITH WIN8 PRO LICENSE, 14\" LED',' ','Pza','MXN',0.16,12218.560000),('E3V67LTBITDEF','HP ELITEBOOK 840 G1, COREI5-4300U VPRO, 4 GB, DD 500 GB, NO OPTICAL, WIN7 PRO 64 WITH WIN8 PRO LICENSE, 14\"',' ','Pza','MXN',0.16,16847.750000),('E3V77LTBITDEF','HP ELITEBOOK 840 G1, COREI7-4600U  VPRO, 8 GB, DD 500 GB, NO OPTICAL, WIN7 PRO 64 WITH WIN8 PRO LICENSE, 14\"',' ','Pza','MXN',0.16,18600.330000),('E3V82LTBITDEF','HP PROBOOK 440 G1, COREI5-4200M, 4 GB, DD 750 GB, DVD+RW, WIN7 PRO 64 WITH WIN8 PRO LICENSE, 14\"',' ','Pza','MXN',0.16,10352.910000),('E3V88LTBITDEF','HP PROBOOK 450 G1, COREI5-4200M, 4 GB, DD 500 GB, WIN7 PRO 64 WITH WIN8 PRO LICENSE, 15.6”',' ','Pza','MXN',0.16,11900.000000),('E3W15LTBITDEF','HP PROBOOK 440 G1, CORE™ I3-4000M, 4 GB, DD 500 GB, DVD±RW, WIN7 PRO 64 WITH WIN8 PRO LICENSE, 14\"',' ','Pza','MXN',0.16,9321.980000),('E4S07AA#ABA','HP PRODISPLAY P231, LED 23”, WIDE SCREEN, VESA 100, VGA & DVI, GARANTIA 3 AÑOS EN SITIO',' ','Pza','MXN',0.16,2750.597900),('E5Z68AA#ABA','HP V241, LED 23.6”, WIDE SCREEN, VESA 75, VGA, GARANTIA 3 AÑOS EN SITIO',' ','Pza','MXN',0.16,2165.000000),('E6330BAT','BATERIA DELL MODELO E6330 ORIGINAL',' ','PZA','MXN',0.16,0.000000),('E6U64ABE','LICENCIA HP ILO ADVANCE INCLUYE 3A?OS DE SOPORTE (ELECTRONICA)',' ','PZA','MXN',0.16,0.000000),('E8X86AV#136','E8X86AV#136, HP PROONE 400 G1 AIO, INTEL CORE I3-4170T 3.2G 3M HD 4400 CPU, 1TB 7200 RPM 3.5 HDD, 8GB DDR3-1600 SODIMM (2X4GB) RAM, HP 19.5 INCH PROONE 400 G1 AIO NT, HP WLAN 2X2 DB MCARD BT NIC, NO INCLUDED AIO ODD, HP USB KEYBOARD , HP USB MOUSE, W10 HO','ME 64-BIT OS, 1/1/1 AIO WARRANTY LTNA  ','PZA','MXN',0.16,9188.510000),('EBPL34','ETIQUETADORA BMP21- 21-PLUS',' ','PZA','MXN',0.16,0.000000),('EC13942','TARJETA FIREWIRE 400 DE 2 PUERTOS',' ','PZA','MXN',0.16,0.000000),('ECOBOND','PAPEL ECOBOND COPIADORA CARTA 89% 75GR',' ','PZA','MXN',0.16,370.000000),('ESP-03496','TELEFONOS CON DIADEMA CT-14 PLANTRONICS',' ','PZA','MXN',0.16,0.000000),('ET-ELW21','LENTE TIRO CORTO PARA PT-EZ580U',' ','PZA','MXN',0.16,22340.430000),('ETIQ154','ETIQUETAS TRANSFERENCIA TÉRMICA',' ','PZA','MXN',0.16,0.000000),('ETPO14','ETIQUETA POLIPROPILENO BLANCO DE 140X90',' ','PZA','MXN',0.16,0.000000),('ETPR021','1)	ETIQUETA POLIPROPILENO BLANCO DE 140 X 90',' ','PZA','MXN',0.16,0.000000),('ETQ1205','ETIQUETA DE TRANSFERENCIA TÉRMICA, COLOR BLANCO EN MEDIDA DE 101MM X 49MM',' ','PZA','MXN',0.16,0.000000),('EX2200-24T-4G','EX2200, 24-PORT 10/100/1000BASET + 4GBE UPLINK PORTS',' ','PZA','USD',0.16,0.000000),('EX3300-24T','EX3300, 24-PORT 10/100/1000BASET WITH 4 SFP+ 1/10G UPLINK PORTS (OPTICS NOT INCLUDED)',' ','PZA','USD',0.16,0.000000),('EX4200-24T','EX 4200, 24-PORT 10/100/1000BASET (8-PORTS POE) + 320W AC PS, INCLUDES 50CM VC CABLE',' ','PZA','USD',0.16,0.000000),('F0AY0010LD','IDEACENTRE S20-00 19.5\" W LED NEGRA, INTEL DC J1800 , 2GB RAM DDR3, 500G 7200RPM HD, DVD RECORDABLE, GRAFICOS INTEGRADOS, WIFI, HDMI, FREE DOS, GARANTIA CI',' ','PZA','MXN',0.16,0.000000),('F0AY001EAR','IDEACENTRE S20-00 19.5\" W LED NEGRA, INTEL DUAL CORE J1800 (2.41G), 4GB RAM DDR3, 500G 7200RPM HD, DVD RECORDABLE, GRAFICOS INTEGRADOS, WIFI, HDMI, WINDOWS 8.1 PRO 64, GARANTIA CI',' ','PZA','MXN',0.16,0.000000),('F0AY0022AR','IDEACENTRE S20-00 19.5\" W LED BLACK, INTEL DUAL CORE J1800 (2.41G), 4GB RAM DDR3, 500G 7200RPM HD, DVD RECORDABLE, GRAFICOS INTEGRADOS, WIFI, HDMI, WINDOWS 8.1 BING SL, GARANTIA CI',' ','PZA','MXN',0.16,0.000000),('F2A69A#BGJ','F2A69A#BGJ, HP LASERJET ENTERPRISE M506DN',' ','PZA','MXN',0.16,5160.400000),('F2R26LABITDEF','PROBOOK 645 G1, A8-5550M, 4 GB, DD 500 GB, DVD+RW, WIN7 PRO 64 WITH WIN8 PRO, 14\"',' ','Pza','MXN',0.16,10523.710000),('F2R28LABITDEF','PROBOOK 645 G1, A10-5750M, 4 GB, DD 500 GB, DVD+RW, WIN7 PRO 64 WITH WIN8 PRO, 14\"',' ','Pza','MXN',0.16,12925.770000),('F2R38LTBITDEF','HP PROBOOK 640 G1, COREI7-4600M VPRO, 8 GB, DD 500 GB, DVDSM, WIN7 PRO 64 WITH WIN8 PRO LICENSE, 14\"',' ','Pza','MXN',0.16,15713.730000),('F2R39LTBITDEF','HP PROBOOK 640 G1, COREI5-4300M VPRO, 8 GB, DD 500 GB, DVDSM, WIN7 PRO 64 WITH WIN8 PRO LICENSE, 14\"',' ','Pza','MXN',0.16,13343.300000),('F4J62LT#ABM','ALL IN ONE 4300, CORE I3-3240, 4GB, 500 GB, DVDRW, WIN 8  PRO DWN WIN 7, 20\"',' ','Pza','MXN',0.16,11097.938100),('F4J85LT#ABM','HP 200 MT, INTEL PENTIUM J2850, 4GB,  500 GB, SUPERMULTIDVDRW, UBUNTU LINUX',' ','Pza','MXN',0.16,3711.340000),('F4J86LT#ABM','HP 200 MT, INTEL PENTIUM J2850, 4GB, 500 GB, SUPERMULTIDVDRW, WIN8.1 PRO 64',' ','Pza','MXN',0.16,5876.290000),('F4J88LT#ABM','HP 200 MT, INTEL CELERON J1750, 4GB, 500 GB, SUPERMULTIDVDRW, WIN8.1 PRO 64',' ','Pza','MXN',0.16,5154.640000),('F4L11LT#ABM','PROONE400, CORE I3-4130T, 4GB, 500 GB, NO ÓPTICO, WIN 8  PRO DWN WIN 7, 20\"',' ','Pza','MXN',0.16,9108.299000),('F4L12LT#ABM','PROONE400, CORE I3-4130T, 8GB, 500 GB, NO ÓPTICO, WIN 8  PRO DWN WIN 7, 21.5\" TOUCH',' ','Pza','MXN',0.16,12061.860000),('F4L45LT#ABM','PRO DESK 600 MINI, COREI5 4570T, 4 GB, HYBRID 1TB & 8GB SSHD, NO OPTICAL, WIN 8.1 PRO DWN WIN7',' ','Pza','MXN',0.16,8324.790000),('F5W13AV#136','HP Z440 INTEL XEON E5-1603V3 2.8 10M 1866 4C CPU, 16GB DDR4-2133 (2X8GB) REGRAM, 1TB 7200 RPM SATA 2ND HDD, 256GB SATA 1ST SOLID STATE DRIVE, NVIDIA QUADRO K420 1GB 1ST GFX, 9.5MM SLIM BLU-RAY WRITER 1ST ODD, WINDOWS 8.1 PRO 64-BIT OS, HP 3/3/3 WARRANTY',' ','PZA','MXN',0.16,20304.080000),('F7M92AA#ABM','P200, LED 19.5”, WIDE SCREEN, VESA 100, VGA & DVI, GARANTIA 3 AÑOS EN SITIO',' ','Pza','MXN',0.16,1474.278400),('F7V04LTBITDEF','HP 240 G2 TOUCH, CORE I3-3110M, 4 GB, DD 500 GB, DVDSM, WIN 8.1 EM 64, 14\" TOUCH',' ','Pza','MXN',0.16,7517.530000),('F7V23LTBITDEF','ELITEBOOK FOLIO 1040 G1, CORE I5-4200U, 4 GB, 256 GB SSD, NO OPTICAL, WIN7 PRO 64 WITH WIN8 PRO LICENSE, 14\"',' ','Pza','MXN',0.16,16548.450000),('F7W16LTBITDEF','HP 250 G2, CORE I3-2348M, 4 GB, DD 500 GB, DVD+RW, WIN8.1 PRO 64, 15.6”',' ','Pza','MXN',0.16,8167.010000),('F7W28LABITDEF','PROBOOK 455 G1, DUAL-CORE A6-4400M, 4 GB, DD 500 GB, DVD+RW, WIN7 PRO 64 WITH WIN8 PRO, 15.6\"',' ','Pza','MXN',0.16,9245.360000),('F7W47UT#ABA','TABLET HP ELITEBOOK REVOLVE 810 G2, 8 GB, 256 GB, 11.6\", WINDOWS 8.1 PRO/WIN7 PRO, NEGRO',' ','PZA','MXN',0.16,0.000000),('FLETE','FLETE',' ','PZA','USD',0.16,30.000000),('FONDIOS DE MARKETING','GASTOS DE REPRESENTACIÓN DE MARCA JULIO, AGOSTO, SEPTIEMBRE, OCTUBRE 2014	',' ','servicio','MXN',0.16,0.000000),('FQC-0678','KIT DE LEGALIZACIÓN WINDOWS 10 PRO',' ','PZA','USD',0.16,203.320000),('FQC-06913','WIN PRO 8.1 32-BIT/64-BIT ENGLISH DVD',' ','Pza','MXN',0.16,2721.100000),('FQC-07355','WIN PRO 8.1 32-BIT/64-BIT SPANISH DVD',' ','Pza','MXN',0.16,2721.100000),('FR-545','NO BREAK SOLA BASIC ISB MICRO SRINETXRN-21-801, 800VA / 500 WATTS, 8 CONTACTOS,C/REGULADOR',' ','PZA','MXN',0.16,0.000000),('FR-552','FR-552, NO BREAK SOLA BASIC ISB PROTECTOR LCD450, 450 VA / 8 CONTACTOS, C/REGULADOR, GABINETE PLASTICO NEGRO',' ','PZA','MXN',0.16,546.070000),('FR-803 FR-803',' NO BREAK EATON 9PX 6 KVAS 6000V/5400W/ HV 208INPUT /208 OUTPUT DOBLE CONVERSION FOMAT RACK OTORRE',' ','PZA','MXN',0.16,0.000000),('FR-994 FR-994','TRANSFORMADOR PARA UPS EATON COMPATIBLECON MODS 9PX DE 5 Y 6 KVAS (PPDM, HARDWIRED IN/OUT)',' ','PZA','MXN',0.16,0.000000),('FROTH-EXPRESS','ESPUMA EXPRESS PROLICOM 454 GMS TECLADO CARCASAS ',' ','PZA','MXN',0.16,0.000000),('FUNDA SAMSUNG GALAXY','FUNDA SURVIVOR USO RUDO SAMSUNG GALAXY TAB E 9.6 T560 UNICA',' ','PZA','MXN',0.16,0.000000),('FZ-BHDST112','FZ-BHDST112, HAND STRAP + STYLUS BUNDLE FOR FZ-X1',' ','PZA','USD',0.16,30.670000),('FZ-BNDLG1ST1CG4','PANASONIC STRAP & CORNER GUARD',' ','PZA','USD',0.16,81.000000),('FZ-G1AAHA9MP','TABLET USO RUDO PA G1 FULLY RUGGED CORE I5 A 1.90 GHZ VPRO, 8 GB, 128 GB SSD',' ','Pza','MXN',0.16,33820.000000),('FZ-G1AAHNXLM','FZ-G1AAHNXLM , WIN7 (WIN8 PRO COA), INTEL CORE I5-3437U 1.90GHZ, VPRO, 10.1\" WUXGA 10-PT MULTI TOUCH+DIGITIZER, 128GB SSD, 8GB, INTEL WIFI A/B/G/N, TPM, BLUETOOTH, DUAL PASS (UPPER:WWAN/LOWER:GPS), WEBCAM, 3MP CAM, SERIAL DONGLE, NO DRIVE, TOUGHBOOK PREFE','RRED, NO. SERIE (','PZA','USD',0.16,0.000000),('FZ-G1FA3AKMP','FZ-G1FA3AKMP, TABLET FULLY RUGGED, CORE I5 A 2.0 GHZ VPRO, WINDOWS 7 PRO / WIN 8 PRO, 3G, 8GB, 128 GB SSD',' ','PZA','USD',0.16,2522.000000),('FZ-G1FA3AXMP','TABLET, FULLY RUGGED, MIL-STD-810G, WINDOWS 7 PRO (WIN 8 PRO), CORE I5 A 2.00 GHZ VPRO, 8GB RAM, DD 128 GB SSD',' ','PZA','USD',0.16,2225.000000),('FZ-G1FA3LXEP','TABLET USO RUDO PA G1 FULLY RUGGED CORE I5 A 1.90 GHZ VPRO, 8 GB, 128 GB SSD MEMORIA 8GB SDRAM 10.1\", WIN7, WEBCAM Y CAMARA DE 3MP',' ','PZA','USD',0.16,0.000000),('FZ-G1J','FZ-G1J, TABLET, FULLY RUGGED, MIL-STD-810G, WINDOWS 7 PRO (WIN 8 PRO), CORE I5 A 2.00 GHZ VPRO, 8GB RAM, DD 128 GB SSD',' ','PZA','USD',0.16,0.000000),('FZ-G1J0011MP','FZ-G1J0011MP, LAR SPANISH SPECIFIC, WIN7 MUI (WIN8 PRO COA), VPRO, INTEL CORE I5-5300U 2.30GHZ, 10.1\" WUXGA 10-PT GLOVED MULTI TOUCH+DIGITIZER,128GB SSD, 8GB, INTEL WIFI A/B/G/N/AC, TPM, BLUETOOTH, WEBCAM, 8MP CAM',' ','PZA','USD',0.16,2389.000000),('FZ-G1J0013CM','FZ-G1J0013CM,WIN7 (WIN8.1 PRO COA), VPRO, INTEL CORE I5-5300U 2.30GHZ, 10.1\" WUXGA 10-PT GLOVED MULTI TOUCH+DIGITIZER, 128GB SSD, 8GB, INTEL WIFI A/B/G/N/AC, TPM, BLUETOOTH, DUAL PASS (UPPER:WWAN/LOWER:GPS), WEBCAM, 8MP CAM, 2D BAR LASER (EA21), NO DVD DR','IVE','PZA','MXN',0.16,41921.600000),('FZ-G1J0020CM','FZ-G1J0020CM, WIN7 (WIN8.1 PRO COA), VPRO, INTEL CORE I5-5300U 2.30GHZ, 10.1\" WUXGA 10-PT GLOVED MULTI TOUCH+DIGITIZER, 128GB SSD, 8GB, INTEL WIFI A/B/G/N/AC, TPM, BLUETOOTH, DUAL PASS (UPPER:WWAN/LOWER:GPS), WEBCAM, 8MP CAM, 2D BAR LASER, ROTATING HAND S','TRAP, TALL CORNER GUARDS, NO DVD DRIVE','PZA','USD',0.16,2536.000000),('FZ-G1J2113','FZ-G1J2113VM, WIN10 PRO, VPRO, INTEL CORE I5-5300U 2.30GHZ, 10.1\" WUXGA 10-PT GLOVED MULTI TOUCH+DIGITIZER, 256GB SSD, 8GB, INTEL WIFI A/B/G/N/AC, TPM, BLUETOOTH, DUAL PASS (CH1:WWAN/CH2:GPS), WEBCAM, 8MP CAM, 2D BAR LASER (EA21)',' ','PZA','MXN',0.16,25232.000000),('FZ-LND3BAYG1','FZ-LND3BAYG1, LIND 3 BAY BATTERY CHARGER FOR FZ-G1. INCLUDES 110W AC ADAPTOR. DO NOT USE G1 AC ADAPTOR',' ','PZA','USD',0.16,0.000000),('FZ-M1','PANASONIC TOUGHPAD FZ-M1, COMPUTADORA PORTATIL DE USO RUDO TIPO TABLET PC DE CONSTRUCCIÓN ROBUSTA Y RESISTENTE, *ESTRUCTURA DE ALEACIÓN DE MAGNESIO Y PROTEGIDA CON ELASTÓMERO.*DISEÑO HERMÉTICO CON PUERTOS PROTEGIDOS.*RESISTENCIA A CAÍDAS, GOLPES, VIBRACIO','NES, POLVO, DERRAME DE LÍQUIDOS, HUMEDAD Y MALTRATO POR PARTE DE LOS USUARIOS.*CUMPLE CON ESTÁNDARES DE RESISTENCIA IP65 Y MIL-STD-810G.*BATERÍA INTERCAMBIABLE DE LARGA DURACIÓN (8 HORAS APROX.)*PROCESADOR INTEL CELERON A 1.58 GHZ.*DISCO DURO DE 64GB SSD','PZA','USD',0.16,0.000000),('FZ-M1ABACXSP','MINI TABLET FULLY RUGGED WINDOWS 8.1 PRO CELERON A 1.5 GHZ, 4 GB, 64 GB SSD',' ','Pza','MXN',0.16,16824.500000),('FZ-VEBG11AU','FZ-VEBG11AU, FULL DESKTOP CRADLE --USB X2, ETHERNET, HDMI, SERIAL, POWER, DUAL MONITOR FOR FZ-G1',' ','PZA','MXN',0.16,251.000000),('FZ-VEBG11U','BASE DE ESCRITORIO PARA FZ-G1',' ','PZA','USD',0.16,280.000000),('FZ-VZSU88U','FZ-VZSU88U, LONG LIFE BATTERY PACK FOR FZ-G1MK1, MK2 ',' ','PZA','USD',0.16,0.000000),('FZ-X1','FZ-X1, TABLET TIPO HANDHELD DE USO RUDO PANASONIC TOUGHPAD MODELO FZ-X1 CON PANTALLA TOUCH DE 5\", ANDROID 5.1 2GB RAM, 32GB SSD, WWAN, BCR, BLUETHOOT, 3 YEAR WARRANTY',' ','PZA','USD',0.16,832.850000),('FZ-X1CAAAZZP','	IN16027 KIT TABLETA FZ-X1, ANDROID 4.2.2, QUALCOMM® APQ8064T 1.7GHZ QUAD-CORE, PANTALLA DE 5 PUL ALTA DEFINICIÓN 8MP,AC ADAPTER (60W),HAND STRAP AND STYLUS BUNDLE (1A ENTREGA 2016)',' ','PZA','MXN',0.16,0.000000),('G1K22AA','G1K22AA,SOPORTE HP PARA DESKTOP MINI SCURITY/DUAL VESA SLEEVE		',' ','PZA','MXN',0.16,0.000000),('G1R05LTBITDEF','HP PRO X2 410, CORE I3-4012Y, 4 GB, 128GB SSD, DVD+RW, WIN 8.1 EM, 11.6\" TOUCH',' ','Pza','MXN',0.16,8938.140000),('G1X85A#AKY','HP OFFICEJET 7612',' ','Pza','MXN',0.16,3081.540000),('G3S-00587','WIN SVR ESSENTIALS 2012 R2 64BIT ENGLISH DVD',' ','Pza','MXN',0.16,6895.570000),('G3S-00647','WIN SVR ESSENTIALS 2012 R2 64BIT SPANISH DVD',' ','Pza','MXN',0.16,6865.740000),('G4U51LABITDEF','HP 240 G2, CORE I3-3110M DUAL CORE, 4GB, DD 500 GB, DVDSM, WIN 8.1 EM 64, 14\"',' ','Pza','MXN',0.16,7140.000000),('G5Q99LT#ABM','PRO DESK 400 SFF, INTEL CORE I3-4130, 4 GB, 500 GB, DVDRW, WIN 8.1 PRO DWN WIN7',' ','Pza','MXN',0.16,6968.350000),('G5R35LT#ABM','ELITEONE 800, CORE I5-4570S, 8GB, 1 TB, NO ÓPTICO, WIN 8  PRO DWN WIN 7, 21.5” NON TOUCHSCREEN',' ','Pza','MXN',0.16,12001.570000),('G8A94LA#ABM','G8A94LA#ABM, HP 15.6 JANUS BACKPACK		',' ','PZA','MXN',0.16,202.760000),('G9W86AA#ABM','LED 18.5”, WIDE SCREEN, 75 VGA, 3/3/3',' ','PZA','MXN',0.16,1247.420000),('GAR009','CARGADOR GENERICO ',' ','PZA','MXN',0.16,0.000000),('GARANTIA','2 AÑOS DE GARANTÍA ADICIONAL AL AÑO DE GARANTÍA (8%) ',' ','PZA','USD',0.16,150.000000),('GARANTIA HP','HP CAREPACK EXTENSION A 3 AÑOS DE MANO DE OBRA, PARTES Y EN SITIO DEL EQUIPO HP ELITEBOOK 840 G2',' ','PZA','MXN',0.16,0.000000),('GASTOS DE ENVÍO','GASTOS DE ENVIO',' ','PZA','MXN',0.16,800.000000),('GHOST-S','CAMARAS DRIFT MODELO GHOST-S',' ','PZA','MXN',0.16,5417.440000),('GZ230035','POWER SUPPLY UNIT 115V SPC221',' ','PZA','MXN',0.16,0.000000),('GZA-00276','OFFICE MAC HOME STUDENT 2011 ENGLISH LATAM EM NOT TO PUERTO RICO DVD',' ','Pza','MXN',0.16,1749.360000),('GZA-00312','OFFICE MAC HOME STUDENT 2011 SPANISH LATAM EM NOT TO PUERTO RICO DVD',' ','Pza','MXN',0.16,1251.390000),('H/MQ01ABF050','	DISCO DURO INTERNO TOSHIBA 2.5 500GB SATA 3GB/S, 7MM, 5,400 RPM',' ','PZA','MXN',0.16,0.000000),('H30-03676','PROJECT PRO 2013 32-BIT/X64 ENGLISH DVD',' ','Pza','MXN',0.16,13167.440000),('H30-03685','PROJECT PRO 2013 32-BIT/X64 SPANISH LATAM NOT TO PUERTO RICO DVD',' ','Pza','MXN',0.16,13167.440000),('H6Y77AA#ABA','H6Y77AA#ABA, HP 8GB DDR3L-1600 1.35V SODIMM US',' ','PZA','MXN',0.16,944.250000),('HA0126   ','HA0126,SOBRE MAPASA CD BLANCO 12.7X12.7 C/50 		',' ','PZA','MXN',0.16,21.820000),('HD-1011','HD-1011,DD EXT 1 TB SEAGATE 2.5 BACKUP PLUS PORTATIL USB 3.0/2.0 PLATA C/SOFT RESPALDO WIN/MAC',' ','PZA','USD',0.16,51.580000),('HD-1054','DISCO DURO HP 600 GB 12G SAS 10K RPM SFF(2.5-PULGADAS) SC HARD DRIVE',' ','PZA','MXN',0.16,0.000000),('HD-1066','HD-1066,DD- EXT PORTATIL 2TB WD MY PASSPORT ULTRA METAL AZUL 2.5 / USB 3.0 / ',' ','PZA','USD',0.16,0.000000),('HD-593','DISCO DURO HP 1 TB 6GB 7.2K SATA 2.5 SFF HOT PLUG',' ','PZA','MXN',0.16,0.000000),('HD-720','HD-720, DISCO DURO DE ESCRITORIO 3 TB WD MY BOOK NEGRO 3.5/ USB 3.0 ',' ','PZA','MXN',0.16,0.000000),('HD2VGAE2','CABLE ADAPTADOR CONVERTIDOR DE VIDEO HDMI A VGA 1920X1200 1080P',' ','PZA','MXN',0.16,0.000000),('HDDVIMF8IN','CABLE ADAPTADOR VIDEO 20CM HDMI MACHO A DVI-D HEMBRA CONVERTIDOR',' ','pza','MXN',0.16,0.000000),('HDMM12','CABLE HDMI DE ALTA VELOCIDAD 4 METROS',' ','PZA','MXN',0.16,0.000000),('HDT01ACA050','DISCO DURO TOSHIBA 500GB 3.5 7200RPM 32MB SATA 6.0 P/ DESKTOP',' ','PZA','MXN',0.16,0.000000),('HDT01ACA100','DISCO DURO TOSHIBA 1TB 3.5 7200RPM 32MB SATA P/ DESKTOP',' ','PZA','MXN',0.16,0.000000),('HDTB310XK3AA','TOSHIBA DISCO DURO 1TB CANVIO BASICS USB 3.0 PORTATIL (NEGRO)',' ','PZA','MXN',0.16,0.000000),('HDTB320XK3CA','TOSHIBA DISCO DURO 2TB CANVIO BASICS USB 3.0 PORTATIL (NEGRO)',' ','PZA','MXN',0.16,0.000000),('HDTB320XK3CA1','TOSHIBA DISCO DURO 2TB CANVIO BASICS USB 3.0 PORTATIL (NEGRO)',' ','PZA','MXN',0.16,0.000000),('HDTB330XK3CA','DD EXT 3TB TOSHIBA CANVIO 2.5 USB 3.0 NEGRO WIN 10',' ','PZA','MXN',0.16,0.000000),('HDTC810XC3A1','TOSHIBA DISCO DURO 2TB CANVIO CONNECT USB 3.0 PORTATIL',' ','PZA','MXN',0.16,0.000000),('HDTC810XR3A1','DD EXT 1TB TOSHIBA CANVIO CONNECT II 3.0 CON ACCESO REMOTO MEDIANTE INTERNET (ROJO)',' ','PZA','MXN',0.16,0.000000),('HEW-C6567B','PAPEL HP COATED PAPER 421N X 150FT 90GRS',' ','PZA','MXN',0.16,0.000000),('HICMNB0033',' T1B45LTBITD PZA 13,632.31 27,264.62 EF HICMNB0033 CI5-6200U/8GB/1TB/2.3GHZ',' ','PZA','MXN',0.16,0.000000),('HLS-75R0','HLS-75R0, ROLLO DE VELCRO 22MT',' ','PZA','USD',0.16,64.900000),('HMQ01ABF050','DISCO DURO INTERNO TOSHIBA 2.5 500GB SATA 3GB/S, 7MM, 5,400 RPM',' ','PZA','MXN',0.16,0.000000),('HP ELITE ONE 800 G1','HP ELITE ONE 800 G1, ALL IN ONE PC, NON TOUCH, INTEL CORE I5-4590S 3.0G 6M HD, 23\" PANTALLA, 500GB SATA 2.5 7.2K 1ST HDD, 8GB DDR-31600 SODIMM (1X8) RAM, INTEL 6205 802.11 A/B/G/N, MINI PCLE NIC, NO OPTICO, TECLADO Y MOUSE USB, WIN 8.1 PRO DOWN WIN 7 PRO ','64 BITS, 3/3/3 WTY','PZA','USD',0.16,0.000000),('HP ELITEBOOK 840 G2','HP ELITEBOOK 840 G2 CORE I5-5200U 2.2-2.7 GHZ/8GB/1TB/14 LED HD/WIN 7 PRO-10 PRO/3-CELL/1-1-0+BITDEF',' ','PZA','MXN',0.16,0.000000),('HP-RM1-6299','HP-RM1-6299,TRAY 2 PAPER PICK-UP ASSY-SIMPLEX LJ M525/ M521',' ','PZA','MXN',0.16,0.000000),('HP83A','TONER HP NEGRO 83A PARA LASERJET M127FN MFP, M127FW MFP (CF283A)- 1,500 PAGINAS',' ','PZA','MXN',0.16,0.000000),('HPNBAN0596','HP 240 CEL, 2GB, 500G',' ','PZA','MXN',0.16,0.000000),('HST2000DM001','DISCO DURO SEAGATE 2TB 3.5 7200RPM SATA 64MB P/DESKTOP',' ','pza','MXN',0.16,0.000000),('HST500DM002','DISCO DURO INTERNO SEAGATE 3.5\" 500GB, SATA 6 GB/S, 16MB, 7,200 RPM',' ','PZA','MXN',0.16,0.000000),('HTCT180','HTCT180, BARRA  DE  SONIDO  CON  BLUETOOTH MARCA SONY COLOR NEGRO, GARANTÍA DE 1 AÑO.',' ','PZA','MXN',0.16,0.000000),('HW251N','DIADEMA TELEFONICA PLANTRONICS',' ','PZA','MXN',0.16,0.000000),('I3421_I3T41TBW8S','DELL IN3421, CORE I3, 4 GB RAM, 1 TB, WINDOWS 8',' ','Pza','MXN',0.16,7120.000000),('I3442_I3T41TBW8S_5','INSPRION 14 SERIE 3000, DE IN3442/I3/4G/1T/W8',' ','PZA','MXN',0.16,6702.000000),('I3458_I3450GBW10S_3','	NB INSPIRON 14 3458 CI3-5005U 4G 500GB W10 TV2GB NVIDIA 14\" 1WTY',' ','PZA','MXN',0.16,0.000000),('I5447_I5T81TSW8S','DELL IN 14R, CORE I5, 8 GB RAM, 1 TB, PANTALLA 14\", WINDOWS 8',' ','Pza','MXN',0.16,9420.000000),('I714I5_TS650SW8C1','DELL IN14/7000, CORE I5, 6 GB RAM, 500 GB, TOUCH',' ','Pza','MXN',0.16,9590.000000),('I7537_I7T81TSW8S','DELL IN, PANTALLA 15, 7000/7537, 8 GB RAM, 1 TB, WINDOWS 8',' ','Pza','MXN',0.16,14050.000000),('ID3647_I341TBW8S','INSPIRON 3647PC , CORE I3, 4 GB RAM, 1TB, WINDOWS 8.1S',' ','Pza','MXN',0.16,6675.000000),('ID3647_I581TBW8S','INSPIRON 3647PC, CORE I5, 8 GB RAM, 1TB, WINDOWS 8.1S',' ','Pza','MXN',0.16,7850.000000),('IE-3000-8TC','IE-3000-8TC, CISCO IE 3000 SWITCH, 8 10/100 + 2 T/SFP				',' ','PZA','USD',0.16,977.550000),('IEM-3000-8TM=','IEM-3000-8TM=, CISCO IE 3000 EXPANSION MODULE, 8 10/100				',' ','PZA','USD',0.16,585.550000),('IEPV191','TANQUE DE MANTENIMIENTO P/4800, 7800 9800, 4880, 7880, 9880, 7450, 9450, 7900',' ','PZA','MXN',0.16,0.000000),('IMPPAGC','PAGO MENSUAL POR RENTA DE EQUIPO DE FOTO COPIADO DEL CAS CON EL NUMERO DERQUERIDO DE PERSONAL EN LOS DOS SEMESTRES DEL AÑO',' ','PZA','MXN',0.16,89970.000000),('IMPPGM','PAGO MENSUAL POR RENTA DE EQUIPO DE FOTO COPIADO A NIVEL NACIONAL PAN AMERICANO',' ','PZA','MXN',0.16,349524.500000),('INSPIRON 15','INSPIRON 15 5559 CORE I7-6500U HASTA 3.1 GHZ/ 8GB/ 1TB/ DVDRW/15.6/WINDOWS 10 PRO/RADEON R5 M335 4GB',' ','PZA','MXN',0.16,13248.000000),('INSPIRON 7348','INSPIRON 13 ULTRABOOK, 7348 TOUCH CORE I7-5500U, 8GB/3.0GHZ, 500GB, PANTALLA DE 13.3/WINDOWS 10',' ','PZA','MXN',0.16,13297.870000),('INST-VIDEO','UNIFICACIÓN DE SEÑAL DE VIDEO PARA PROYECTORES DE SALA DE JUNTAS PISO 1 Y TV COMEDOR',' ','servicio','MXN',0.16,0.000000),('INSTALA09','INSTALACION Y PUESTA A PUNTO',' ','PZA','MXN',0.16,0.000000),('INSTALACION','INSTALACION, CONFIGURACION Y PUESTA PUNTO',' ','PZA','MXN',0.16,0.000000),('IPC- HDBW1200E','CÁMARA IP DOMO 2MP 2.8MM IR 30MTS WIFI IK10',' ','PZA','USD',0.16,0.000000),('IPC- HDBW5421E- Z','CÁMARA IP DOMO 4MP 2.7-12MM MOTORIZADO IR 50M IP67 IK10',' ','PZA','MXN',0.16,0.000000),('J0H65AW','J0H65AW, LAPTOP HP ELITEBOOK 725 G2 - 12\" (A10A7350B (4GB/500)',' ','PZA','MXN',0.16,13186.260000),('J0X31AW','J0X31AW, LAPTOP HP ELITEBOOK 745 G1 - 14\" (A10A7350B (4GB/500)',' ','PZA','MXN',0.16,12264.140000),('J0X31AW3#ABM','LAPTOP HP ELITEBOOK 745 G1 - 14\" (A10A7350B (4GB/500)',' ','PZA','MXN',0.16,0.000000),('J1KND','J1KND,ORIGINAL BATTERY, DELL INSPIRON M5020 M5030 VOSTRO 3450 3550, 11.1V, 6CELL, 4400MAH',' ','PZA','USD',0.16,61.000000),('J29-00003','O365BSNESSOPEN SHRDSVR SNGL SUBSVL OLP NL',' ','PZA','USD',0.16,77.810000),('J29-0003','0365 BSISNES OPEN SHDRSVR SNGL SUBVL',' ','PZA','MXN',0.16,0.000000),('J4C80AW#ACH','HP ELITEBOOK FOLIO 9480 INTEL I5-4310U, LCD 14 LED',' ','PZA','MXN',0.16,0.000000),('J6D63LT#ABM','HP 200 MT, INTEL PENTIUM J2900, 4GB(1X4), 500 GB, DVDRW, WIN8.1 PRO 64',' ','Pza','MXN',0.16,5979.380000),('J6D64LT#ABM','HP 200 MT, INTEL PENTIUM 2900, 4GB, 500 GB, DVDRW, WIN8.1 EM 64-BIT',' ','Pza','MXN',0.16,5360.820000),('J6D67LT#ABM','HP 200 MT, INTEL CELERON J1800, 4GB(1X4),  500 GB, DVDRW, UBUNTU LINUX',' ','Pza','MXN',0.16,3814.430000),('J8U18LTBITDEF','HP 240 G3, CELERON N2830, 4GB, DD 500 GB, DVD+RW, WIN 8.1 EM 64, 14\"',' ','Pza','MXN',0.16,4477.320000),('JC105','JC105 HPE 5800 48G 1-SLOT SWITCH',' ','PZA','MXN',0.16,0.000000),('JC105B','JC105B HPE 5800 48G 1-SLOT SWITCH',' ','PZA','MXN',0.16,0.000000),('JD096C','HPE X240 10G SFP+ SFP+ 1.2M DAC CABLE',' ','PZA','MXN',0.16,0.000000),('JD117B','HPE X130 10G XFP LC SR TRANSCEIVER ',' ','PZA','MXN',0.16,0.000000),('K0Q34AA#ABA','LED 23.6”, WIDE SCREEN, 75 VGA (3/3/3)',' ','PZA','MXN',0.16,2307.220000),('K2R14A','K2R14A,HP STOREEASY 1450 16TB SATA STRG',' ','PZA','MXN',0.16,60000.000000),('K4J90LITDEF','HP PROBOOK 450 G2, CORE I5-4210U, 8GB, 1TB, DVD+RW, WIN 7 PRO 64 WITH WIN 8.1 PRO, 15.6 LED HD, GARANTÍA 3/3/3 ',' ','PZA','MXN',0.16,12674.720000),('K4J90LTBITDEF','K4J90LTBITDEF, COREI5-4210U, 8GB 1TB, DVD+RW, WIN7 PRO 64 WITHWIN8.1 PRO, 15.6 LED HD, GARANTÍA 1/1/0',' ','PZA','MXN',0.16,11663.240000),('K4M30LT#ABM','ZBOOK15 G2 I7-4710, 1TB, 8GB, AMD, M5100, 2GB',' ','PZA','MXN',0.16,0.000000),('K4M31LT#ABM','ZBOOK 15 G2 CORE I7-4710MQ QUAD CORE (2.5GHZ/3.5GHZ 6MBCACHE) 4C/8T, 8GB 1600 MHZ DDR3 (1D),1TB 7200 RPM, 15.6\" DIAGONAL LED-BACKLIT FHD , GFX NVIDIA QUADRO K610M 1GB, DVD-RW, 10/100/1000, WLAN I 7260 AC 2X2 +BT 4.0 LE WW, TPM+FINGERPRINT, 720P HD WEBCAM,',' BATERIA 8 CELDAS , WIN 7 PROF 64 WITH WIN 8 PROF, GARANTIA 3-3-3. NUMERO DE SERIE: CND5191LYT','PZA','MXN',0.16,0.000000),('K4M42LT#ABM','K4M42LT#ABM, ZBOOK 17 G2 CORE I7-4710MQ QUAD CORE (2.5GHZ/3.5GHZ 6MBCACHE) 4C/8T, 8GB 1600 MHZ DDR3 (1D),1TB 7200 RPM, 17.3\" DIAGONAL LED-BACKLIT HD+SVA ANTI-GLARE (1600 X 900) , GFX NVIDIA QUADRO K1100M 2GB , SIN OPTICO, 10/100/1000, WLAN I 7260 AC 2X2 +','BT 4.0 LE WW, TPM+FINGERPRINT, 720P HD WEBCAM, BATERIA 8 CELDAS , WIN 7 PROF 64 WITH WIN 8 PROF, GARANTIA 3-3-3','PZA','MXN',0.16,23577.320000),('K5D26AA#ABL','K5D26AA#ABL, HP X3000 RED WIRELESS MOUSE',' ','PZA','MXN',0.16,91.840000),('K6P02LT#ABM','K6P02LT#ABM, HP ELITEDESK700 G1 SFF, INTEL CORE I5 4590, 8GB 1TB, WIN 8.1 PRO DWN WIN7, GARANTÍA3/3/3 ',' ','PZA','MXN',0.16,9702.320000),('K6Q39LT#ABM','K6Q39LT#ABM, PC INTEL CORE I3 4330 8 GB 500 GB NO ÓPTICAL WIN 8.1 PRO DWN WIN7 GARANTÍA1/1/1',' ','PZA','MXN',0.16,8076.720000),('K6Q40LT#ABM','DESKTOP HP ELITEDESK 800 G1 TWR CI7-4770 500GB 8GB',' ','PZA','MXN',0.16,12666.330000),('K6Q63LT#ABM','HP,800ONE,C-I5-4590S,500GB,8GB WIN8.1PRO,64B ,3/3/3,WIFI',' ','PZA','MXN',0.16,0.000000),('K7X26AA#ABM','K7X26AA#ABM,HP PRODISPLAY P202VA LED 19.5\", 1920 X 1080, WIDE SCREEN, 100, VGA & DP, 30° TILT, 3/3/3',' ','PZA','MXN',0.16,2222.450000),('K7X27AA#ABA','K7X27AA#ABA, HP PRODISPLAY P202 LED20\"  MONITOR 1) DISPLAYPORT 1.2, (1) VGA HDCP SUPPORT ON DISPLAYPORT',' ','PZA','MXN',0.16,2222.450000),('K7X30AA#ABA','HP PRODISPLAY P222VA LEDBLT MONITOR',' ','PZA','MXN',0.16,2148.980000),('K9X95LABITDEF','HP 240 G3, CELERON N2840, 2GB 500GB DD, NO ODD, WINDOWS® 8.1EM 64, 14” LED HD, 1/1/0',' ','PZA','MXN',0.16,0.000000),('KB-383','TECLADO MICROSOFT WIRELESS 800 ESPAÑOL NEGRO (BLISTER)',' ','PZA','MXN',0.16,306.870000),('KB-401','TECLADO/MOUSE LOGITECH MK220 NEGROINALAMBRICOS COMPACTO USB ALCANCE HASTA 10 MTS',' ','PZA','MXN',0.16,0.000000),('KCP316NS8/4','KINGSTON 4G DIMM DDR3-1600 A7398800; 0A65729; 888015710',' ','PZA','MXN',0.16,0.000000),('KCP3L16SD8/8','KCP3L16SD8/8,8GB - DDR3L, 1600MHZ, NON-ECC, CL11, 2R, X8, 1.35V, UNBUFFERED, SODIMM, 204-PIN',' ','PZA','MXN',0.16,0.000000),('KCP421ND8/8','KCP421ND8/8,  	KINGSTON 8G DIMM DDR4-2133 798034-001; N0H87AA; 03T7467',' ','PZA','MXN',0.16,0.000000),('KHX-HSCC-BK-LR','HYPERX CLOUD CORE - PRO DIADEMA DIADEMA GAMING NEGRO',' ','PZA','MXN',0.16,0.000000),('KIOSCACE','KIOSCO ACERO CALIBRE 16 PORTATABLET SAMSUNG (NO INCLUYE TABLET), COLOR DE KIOSKO A ELEGIR, ENTRE TRES VERDES DISPONIBLES. INCLUYE LOGOTIPO EN VINIL Y PREPARACIÓN PARA EMPOTRAR TABLET. PALETAS LATERALES PARA MONTAJE, DE VINILES ADICIONALES (VINILES NO INCL','UIDOS).','PZA','MXN',0.16,0.000000),('KIT-DRIFT01','KIT DE CÁMARA PARA CAJERO (INCLUYE CAMARA DRIFT MODELO GHOST-S, TUBO FLEXIBLE MAQUILADO CON PINZA DINKUM TOP 1\", POWER BANK DE 10400MAH Y ADAPTADOR CABLE USB ADICIONAL DE CONEXIÓN)NÚMEROS DE SERIE CÁMARAS DRIFT:NÚMEROS DE SERIE POWERBANKS:',' ','PZA','MXN',0.16,0.000000),('KM742','KM742, ORIGINAL BATTERY, DELL LATITUDE E5400 E5500, 11.1V, 6CELL, 5100MAH',' ','PZA','MXN',0.16,0.000000),('KP701E2 ','PROFESSIONAL ART PEN INTUOS4',' ','PZA','MXN',0.16,0.000000),('KTH-X3CL/4G','KTH-X3CL/4G, KINGSTON 4G DDR3L-1600 SODIMM',' ','PZA','USD',0.16,19.470000),('KTH-XW4300/2G','KTH-XW4300/2G KINGSTON 2G DIMM DDR2-667ª HP/C OMPAQ PX977AA PX977AT',' ','PZA','MXN',0.16,0.000000),('KTL-TP3CL/4G','KINGSTON MODULE 4GB FOR LAPTOP',' ','PZA','USD',0.16,0.000000),('KTL-TP3CL/8G ','MEMORIA RAM KINGSTON KTL-TP3CL/8G',' ','PZA','MXN',0.16,0.000000),('KVR1333D3N9/8G','VALUERAM 8GB DIMM DDR3-1333M NON-ECC CL9',' ','PZA','MXN',0.16,0.000000),('KVR21N15D8/8','VALUERAM 8G DIMM DDR4 2133 NON-ECC CL15 DR X8',' ','PZA','MXN',0.16,0.000000),('KVR667D2N5/2G','VALUERAM DIMM 2GB 667MHZ DDR2 NON-ECC CL5 DESKTOP',' ','PZA','MXN',0.16,0.000000),('KX.T7705','KX.T7705, TELEFONO PANASONIC TEL-12  ANALOGO CON IDENTIFICADOR DE LLAMADAS Y ALTA VOZ  COLOR BLANCO ',' ','PZA','MXN',0.16,0.000000),('L-41CLR TI','CARTUCHO DE COLOR P/IMP/CANON PG 41 IP',' ','PZA','MXN',0.16,0.000000),('L0P57LT#ABM','HP SFF Z230S INTEL CORE I7-4790 3.6 8M GT2 4C, 1TB 7200 RPM SATA 1ST, 4GB DDR3-1600 NECC (1X4GB) RAM,16X SUPERMULTI DVDRW SATA , INTEL HD 4600, WINDOWS 8.1 STANDARD 64-BIT OS, USB OPT SCROLL, 1-1-1',' ','PZA','MXN',0.16,0.000000),('L0Z86AA#ABM','L0Z86AA#ABM,HP 2.4 GHZ RED WIRELESS MOUSE LTNA',' ','PZA','MXN',0.16,129.800000),('L18650-6EB','BATTERY HP-COMPAQ 6530B 6535B 6730B 6735B 6930P, 10.8V, 6CELL, 5100MAH',' ','PZA','MXN',0.16,0.000000),('L18650-CC06','L18650-CC06, BATTERY, HP-COMPAQ ELITEBOOK 8640 8760 PROBOOK 6360 6460, 10.8V, 6CEL, 5100MAH',' ','PZA','MXN',0.16,0.000000),('L18650-FP06','L18650-FP06,ATTERY, HP-COMPAQ PROBOOK 440 445 450 470 445 G1,470 G1, 10.8V, 6CELL,4400MAH CÓDIGO: 6166987',' ','PZA','USD',0.16,52.000000),('L1910A#B1H','HP SCANJET 5590 DIGITAL FLATBE',' ','Pza','MXN',0.16,3913.550000),('L1957A#B1H','HP SCANJET G4050 PHOTO SCANNER',' ','Pza','MXN',0.16,2107.040000),('L1Z77LA#ABM','L1Z77LA#ABM,15.6 EMPIRE BACKPACK LATIN AMERICA - (120V)SPANISH LOCAL ',' ','PZA','MXN',0.16,0.000000),('L2683B#B1H','HP SCANJET N9120',' ','Pza','MXN',0.16,54976.380000),('L2698A#B1H','HP SJ G3110 PHOTO SCANNER NORT',' ','Pza','MXN',0.16,1497.830000),('L2703A#BGJ','HP SJ N6350 NETWORK SCANNER',' ','Pza','MXN',0.16,8084.110000),('L2719A#BGJ','HP DIGITAL SENDER FLOW 8500 FN1 DOCUMENT CAPTURE WORKSTATION',' ','Pza','MXN',0.16,43670.210000),('L2722A#BGJ','HP SCANJET PRO 1000 MOBILE',' ','Pza','MXN',0.16,2010.180000),('L2725B#BGJ','HP SCANJET ENTERPRISE FLOW 7500 FLATBED SCANNER',' ','Pza','MXN',0.16,15426.000000),('L2730B#BGJ','HP SCANJET ENTERPRISE FLOW 7000 S2 SHEET-FEED SCANNER',' ','Pza','MXN',0.16,12504.280000),('L2733A#BGJ','HP SCANJET 300 FLATBEDSCANNER',' ','Pza','MXN',0.16,1070.630000),('L2734A#BGJ','HP SCANJET200FLATBEDSCANNER',' ','Pza','MXN',0.16,935.250000),('L2737A#BGJ','HP SCANJET PRO 3000 S2 SHEET-FEED SCANNER',' ','Pza','MXN',0.16,4859.010000),('L2738A#BGJ','HP SCANJET ENTERPRISE FLOW 5000 S2 SHEET-FEED SCANNER',' ','Pza','MXN',0.16,7265.010000),('L2747A#BGJ','SCANNER HP SCANJET PRO 2500 F1, 20 PPM/40 IPM, CAMA PLANA / ADF, DUPLEX, USB',' ','PZA','MXN',0.16,0.000000),('L2A14LA#ABM','L2A14LA#ABM, 15.6 DUBAI/CYPRESS BACKPACK		',' ','PZA','MXN',0.16,106.530000),('L310','IMPRESORA EPSON ECOTANK L310',' ','PZA','MXN',0.16,2108.040000),('L345I3HS450W7P3W','LATITUDE E3450 CORE I3 4005U 1.7GHZ / 4GB / 500GB / 14 / NO DVD / WINDOWS 7 PRO - 8.1 PRO, 3 AÑOS DE GARANTIA EN CS',' ','PZA','MXN',0.16,0.000000),('L356I5BS450W8P3W','LATITUDE E3560 CORE I5 5200U 2.7GHZ/ 4GB/ 500GB/ NO DVD / 15.6 / WIN 8.1 PRO- WIN 10 PRO',' ','PZA','MXN',0.16,0.000000),('L3N90AV','L3N90AV, HP ELITEONE 800 G2 23-IN NON-TOUCH AIO, INTEL CORE I5-6500 3.2G 6M 2133 4C CPU, W10P6 DG76 64-BIT OS, ENERGY STAR CERTIFIED LABEL, 8GB DDR4-2133 (1X8GB) RAM, 500GB 7200 RPM SATA 2.5 1ST HDD, INTEL 8260 802.11AC M.2 NO BT VPRO, 3/3/3 AIO 23 NT WAR','RANTY','PZA','MXN',0.16,14672.170000),('L4A95LA#ABM','HP ELITEBOOK REVOLVE 810 G2, INTEL® I5-4300U',' ','PZA','MXN',0.16,0.000000),('L4S23AA#ABM','HP V193B LED BACKLIT MONITO',' ','PZA','MXN',0.16,0.000000),('L545I5B5450W7P3W','LATITUDE 5450, INTEL CORE I5-5300U, 4GB (1X4GB) 1600MHZ DDR3L, 500GB 2.5INCH SERIAL ATA (7,200 RPM), 14.0IN, HD (1366X768) ANTI-GLARE LCD, WINDOWS 7 PRO SPA 64BIT (INCLUDES WINDOWS 8.1 PRO), 3YR BASIC NBD ON-SITE + MEMORIA DE 4 GB PARA COMPLETAR 8GB',' ','PZA','MXN',0.16,0.000000),('L545I5BS450W7P3W','LATITUDE E5450 CORE I5 5300U UPTO2.9GHZ / 4GB / 500GB / 14 / NO DVD / WINDOWS 7 PRO- WINDOWS 8.1 PRO 3 AÑOS DE GARANTIA EN CS',' ','PZA','MXN',0.16,0.000000),('L545I7BS850W7P3W','	NB LATITUDE E5450 CI7-5600U 8G 500G W7P/W8.1P 14\"HD 3WTY',' ','PZA','MXN',0.16,0.000000),('L547I5SS41TW8P3W','LATITUDE E5470 CORE I5 6300U UPTO2.9GHZ / 8GB / 1TB / 14 / NO DVD / WINDOWS 8.1 PRO- WINDOWS 10 PRO/ MODULO TPM7 3 AÑOS DE GARANTIA',' ','PZA','MXN',0.16,0.000000),('L547I5SS450W7P3W','L547I5SS450W7P3W/R07NX LATITUDE E5470 CORE I5 6200 HASTA 2.8GHZ / 4GB / 500GB / 14 / NO DVD/ WINDOWS 7 PRO- WINDOWS 10 PRO',' ','PZA','MXN',0.16,13345.360000),('L547I5SS825W8P3W','LATITUDE 5470, INTEL I5-6300 , 8GB (1X8GB) 2133MHZ DDR4, 256GB SOLID STATE DRIVE, 14.0” HD (1366 X 768) ANTI GLARE LCD WITH CAMERA, WINDOWS 8.1 PRO (64BIT) UPGRADE WINDOWS 10, 3YR BASIC NBD ON-SITE		',' ','PZA','MXN',0.16,0.000000),('L547I7SS81TW7P3W','	LATITUDE E5470 CORE I7 6820 HASTA 3.6GHZ / 8GB / 1TB / HDD/ 14 / NO DVD / WINDOWS 7 PRO - WIND 10 PRO/3 AÑOS DE GARANTÍA MODULO TPM',' ','PZA','MXN',0.16,0.000000),('L8J88AA#ABL','L8J88AA#ABL, HP 15.6 ODYSSEY BLACK BACKPACK',' ','PZA','MXN',0.16,330.980000),('L9G97LALOJACK','HP 1020 INTEL M-5Y71  1.20GHZ A 2.90GHZ 4MB CACHE 2N4T, 12.5\" FHD AG LED UWVA, UMA, WEBCAM, 8GB DDR3 RAM, 512GB SSD, WLAN I 7265AN ABGN 2X2 +BT 4.0 LE MOW, 4C BATTERY, WIN 8.1 PRO 64, 1YR WARRANTY, WEB CAM 720P, LOJACK FOR LAPTOPS 1YR SUBSCRIPTION',' ','PZA','MXN',0.16,0.000000),('L9H05LT#ABM','HP 240 G3, CELERON N2815, 2GB, 500GB DVDSM, WINDOWS® 8.1EM 64, 14” LED HD',' ','PZA','MXN',0.16,3762.890000),('L9H17LT#ABM','HP ZBOOK 15U CORE I7-5500U 8GB 256SSD W7/8 PRO',' ','PZA','MXN',0.16,0.000000),('LAT3540I5_S675BW8PSS','DELL LAT3540, CORE I5, 6 GB RAM, 750 GB, 15.6\"WINDOWS 7 PRO 64BIT, ESPAÑOL (INCLUYE LICENCIA WINDOWS 8.1 PRO)',' ','Pza','MXN',0.16,10335.080000),('LAT5540I5_S450BW7P','DELL LAT5540, PANTALLA 15.6¨, CORE I5, 4 GB RAM, 500 GB, WINDOWS 7',' ','Pza','MXN',0.16,13490.000000),('LAT6440I7-S850SW7P','LATITUDE E6440, CORE I7, 8GB RAM, 500 GB',' ','Pza','MXN',0.16,16910.000000),('LAT7240I7-S8256SW7P','LATITUDE E7240, CORE I7 4600U 4TA GENERACIÓN, 8 GB RAM, 256 GB, PANTALLA 12.5\", HDW 7 PRO 64BIT, ESPAÑOL, CONFIGURABLE',' ','Pza','MXN',0.16,19540.000000),('LATITUDE E5470','DELL LATITUDE E5470, INTEL® CORETM I5-6300U (3MB CACHÉ, HASTA 3.00 GHZ), W10 PRO DWGR W7 64 BITS, 8GB DE MEMORIA DDR4 2133MHZ (1 DIMMS), (M.2 SSD) SATA3 DE 256GB, TARJETA INALÁMBRICA INTEL® 8260 802.11AC DOBLE BANDA WI-FI + BLUETOOTH 4.1, PANTALLA HDF LCD',' DE 14.0\" CON CÁMARA WEB, WWAN','PZA','MXN',0.16,19813.130000),('LATITUDE E7270','DELL LATITUDE E7270, CORETM I5-6300U (3MB CACHÉ, HASTA 3.00GHZ), W10 PRO DWGR W7 64 BITS, 8GB RAM, (M.2 SSD) SATA3 DE 256GB, PANTALLA LCD DE 12.5\" DE ALTA DEFINICIÓN (HD) (1366 X 768) CON CAPA ANTIRREFLEJO, CÁMARA WEB Y MICRÓFONO, CAPACIDAD WWAN',' ','PZA','MXN',0.16,22726.490000),('LCD450','NO BREAK SOLA BASIC ISB PROTECTOR LCD450, 450 VA / 8 CONTACTOS, C/REGULADOR, GABINETE PLASTICO NEGRO',' ','PZA','MXN',0.16,550.000000),('LE50B7000M80','TELEVISION LED HAIER 50, SERIE B7000, FULL HD 1800P, 3 HDMI, 1 USB, 1 (VGA/PC), 60 HZ',' ','PZA','MXN',0.16,0.000000),('LE65H6600U','TELEVISION LED HAIER 65 SERIE H6600U, 4K 3840 X 2160, 4 HDMI, 1 USB, 1 (VGA/PC), 120 HZ',' ','PZA','MXN',0.16,0.000000),('LH55DBDPLGA/ZA','MON PROFESIONAL 55\" FHD VGA DVI HDMI USB LAN 12X7 3YW',' ','PZA','MXN',0.16,0.000000),('LIC-ENT-1YR','MERAKI MR ENTERPRISE CLOUD CONTROLLER LICENSE, 1 YEAR',' ','PZA','MXN',0.16,0.000000),('LNNBT6022','THINKCENTRE M73E TINY INTEL CORE I3 4150T, 4GB 1600MHZ SODIMM DDR3 LV, 500GB 7200RPM SATA 2.5\", GRAFICOS INTEGRADOS, WIRELESS N7260 AC, SLIM DVD, INTEL GIGABIT ETHERNET,  SENSOR DE APERTURA, MONTAJE VESA, WINDOWS 8.1 PRO 64/ WINDOWS 7 PRO 64 RM, ENERGY ST','AR','PZA','USD',0.16,501.250000),('LNNBT60221','THINKCENTRE M73E SFF INTEL CORE I3 4150, 4GB 1600MHZ UDIMM DDR3,  500GB 7200RPM SATA 3.5\", GRAFICOS INTEGRADOS, LECTOR DE TARJETAS, DVD REGRABABLE, INTEL GIGABIT ETHERNET, SENSOR DE APERTURA, WINDOWS 7 PRO 64/ WINDOWS 8.1 PRO 64 RM, ENERGY STAR, 3 AÑOS DE',' GARANTIA EN SITIO,THINKVISION LT2024 MONITOR 20\" 1600X900 3WY,OFFICE HOME & BUSINESS 2013','PZA','MXN',0.16,0.000000),('LNNBTK0139','THINKPAD L440 INTEL CORE I3 4000, 4GB RAM, 500GB HD, 14, VIDEO INTEGRADO, CDRW/DVDRW,  INTEL WIRELESS 7260 ABGN+BT, 1GB ETHERNET, WINDOWS 7 PRO 64/ WINDOWS 8.1 PRO 64',' ','PZA','MXN',0.16,0.000000),('LNNBTK0194','LENOVO B41-35 14.0 HD LED ANTI-GLARE(FLAT), E1-7010, 2G(1*2GBDDRIIIL1600), 500GB 5400RPM , NO ODD, GRAFICOS INTEGRADOS, NON-INTEL 1X1 BGN+BT4.0, CAMERA HD 720P WITH DIGITAL MIC, HDMI, 4 CELL BATTERY, WIN8.1 BING',' ','PZA','MXN',0.16,0.000000),('LNPCTH0300','THINKPAD W541 MOBILE WORKSTATION INTEL CORE I7-4710MQ, 16GB(2X8GB DDR3 RAM), 1TB HD, 15.6\" FHD LCD (1920 X 1080), NVIDIA QUADRO K1100M 2GB, CDRW/DVDRW, INTEL 7260 AC WIFI + BT 4.0, TPM, WWAN OPTION, COLOR SENSOR, LIT KBD, 1GB ETHERNET, FINGERPRINT, CAMERA',', 9C LI-ION, WINDOWS 7 PRO 64/ WINDOWS 8.1 PRO 64 RM','PZA','MXN',0.16,0.000000),('LS24D390HL/ZX','MONITOR LED SAMSUNG LS24D390H 24\" WIDE VGA HDMI 1920X1080 NEGRO',' ','PZA','MXN',0.16,0.000000),('LVAM-005','DIADEMA C/MIC ACTECK AF-540 CRISTAL SOUND 3.5MM CONTROL DE VOL NEGRA',' ','PZA','MXN',0.16,0.000000),('LVCW-001','CAMARA WEB ACTECK 300K CON MICROFONO',' ','PZA','MXN',0.16,0.000000),('M115HD','PROYECTOR MOVIL DELL M115HD ',' ','PZA','MXN',0.16,6200.000000),('M1T37AA#ABA','HP V222 21.5-IN MON',' ','PZA','MXN',0.16,0.000000),('M452DW','M452DW, IMPRESORA LASERJET A COLOR HP M452DW, 28 PPM NEGRO/COLOR, DUPLEX, WIFI',' ','PZA','MXN',0.16,0.000000),('M4800','DELL PRECISION M4800 CTO BASE (210-AAYY), INTEL CORE I7-4810MQ PROCESSOR (QUAD CORE 2.80GHZ, 3.80GHZ TURBO, 6MB 47W, W/HD GRAPHICS 4600) (338-BFIB), 16GB 1600MHZ DDR3L (2X8GB) (370-AAUU)',' ','No aplica','MXN',0.16,32571.820000),('M4800QUOT','PRECISION/M4800/CI7/16GB/(210-AAYY)(370-AAUU)',' ','PZA','MXN',0.16,0.000000),('M4B78AA#ABA','M4B78AA#ABA, HP V272 MONITOR U.S.  MONITOR 27”		',' ','PZA','MXN',0.16,0.000000),('M5G88LT#ABM','HP PROBOOK 440 G2, COREI5-5200U (2.2GHZ/2.7GHZ/T), 4GB 1600 (1D), 1TB 5400, 14.0 LED HD SVA AG , ODD, UMA: HD 5500, RT RTL8723BE B/G/N 1X1 , BT 4.0 LE SDIO, WEBCAM 720P HD LYNC, W7PRO64 WW8.1PRO, NO, 4C 44WHR, 1/1/0',' ','PZA','USD',0.16,722.230000),('M5Y0X','M5Y0X, ORIGINAL BATTERY, DELL LATITUDE E5420 E5520 E6420 E6520 E6430, 11.1V, 9CELL, 8750MAH',' ','PZA','USD',0.16,73.000000),('M6X01LA#ABM','M6X01LA#ABM,HP 14\" SPORTS RED BACKPACK',' ','PZA','MXN',0.16,212.240000),('M8X94LTBITDEF','M8X94LTBITDEF, HP 250 G4 CORE I3-4005U 1.7GHZ 3MB, LCD 15.6 LED HD SVA AG FLAT, WLAN BGN 1X1 +BT 4.0 WW, RAM 4GB (2X2GB) 1600 DDR3L, HDD 1TB 5400RPM , DVD+/-RW, 802.11B/G/N, BT, BATT 4C 41 WHR, WIN 8.1 PRO 64 BITS, 1-1-0',' ','PZA','MXN',0.16,8855.020000),('M8Y02LTBITDEF','CELERONN3050, 1.6GHZ/2.16GHZ, 2GB, 500GB, ?, 14\", W8.1EM(64BIT), 1/1/0 + BITDEFENDER TOTAL SECURITY1YR',' ','PZA','MXN',0.16,3385.730000),('MA-INJ-4-US','MERAKI MR 802.3AT POE INJECTOR (US PLUG)',' ','PZA','MXN',0.16,0.000000),('MA21.3APP',' IMAC DE 21.5 PULGADAS,PROCESADOR INTEL CORE I5 QUAD CORE DE 2.8 GHZ, TURBO BOOST DE HASTA 3.3 GHZ,16 GB DE MEMORIA LPDDR3 DE 1867 MHZ,DISCO DURO SERIAL ATA DE 1 TB A 5400 RPM,INTEL IRIS PRO GRAPHICS 6200',' ','PZA','MXN',0.16,0.000000),('MA591E/C','MA591E/C,30-PIN TO USB CABLE-SPA',' ','PZA','MXN',0.16,230.000000),('MAB16LMB1RAA','MCAFEE 2016 ANTIVIRUS BASIC 1 D 1 DEVICE',' ','PZA','MXN',0.16,0.000000),('MACBOOK','MACBOOK PRO RETINA 15 CI7 QC 2.5GHZ 16GB ',' ','PZA','MXN',0.16,0.000000),('MAINSTREAM TP','MAINSTREAM TP 3 YEAR DEPOT OR CARRY-IN - 3YR ONSITE',' ','PZA','MXN',0.16,236.250000),('MASERV-LEN-MENS','PAGO DE MANTENIMIENTO A EQUIPOS SERVIDORESLENOVO SERIES X, CORRESPONDIENTE AL MES DEENERO DEL 2016',' ','servicio','MXN',0.16,0.000000),('MB110E/B','MB110E/B,  APPLE KEYBOARD-SPA ',' ','PZA','MXN',0.16,749.000000),('MB112BE/B','MB112BE/B, APPLE MOUSE-BES',' ','PZA','MXN',0.16,749.000000),('MB572BE/B','MINI DISPLAYPORT TO VGA ADAPTER-BES',' ','PZA','MXN',0.16,0.000000),('MC0060G10RAA','UNIDAD MANEJADORA DE AIRE DE EXPANSION DIRECTA, TIPO MINISPLIT PISO TECHO, MARCA TRANE CON CAPACIDAD NOMINAL 5 TONALEDAS, DE EFECIENCIA ESTANDAR PARA OPERAR, 230/1/60',' ','PZA','MXN',0.16,0.000000),('MC414AM/A','STATION-AME',' ','PZA','MXN',0.16,1514.800000),('MC461E/A','MACBOOK 60W MAGSAFE POWER ADPT-SPA',' ','PZA','MXN',0.16,0.000000),('MC914E/B','APPLE THUNDERBOLT DISPLAY ',' ','PZA','MXN',0.16,15859.490000),('MCX060G10RCA','SUMINISTRO DE EQUIPO EVAPORADORA MARCA TRANE DE 5  T.R. A 220VOLTS SOLO FRIO',' ','PZA','MXN',0.16,0.000000),('MD007LE/A','APP FOR IMAC - E/K-LAL',' ','PZA','MXN',0.16,1803.090000),('MD013LE/A','APP FOR MACBOOK PRO - E/K-LAL',' ','PZA','MXN',0.16,3770.830000),('MD015LE/AC','MD015LE/A, APP FOR MB/MB AIR/13\" MB PRO - E/K-MX		',' ','PZA','MXN',0.16,2660.500000),('MD101E/A','MBP 13.3/2.5/2X2GB/500/SD-SPA CORE I5',' ','Pza','MXN',0.16,12499.000000),('MD101LZ/A','MBP 13.3/2.5/2X2GB/500/SD-LAE CORE I5',' ','Pza','MXN',0.16,12499.000000),('MD199E/A','APPLE TV TERCERA GENERACION .',' ','PZA','MXN',0.16,0.000000),('MD387E/A','MAC MINI 2.5 DC/2X2G/500G/AP/BT-SPA CORE I5',' ','Pza','MXN',0.16,7888.910000),('MD388E/A','MAC MINI 2.3 QC/2X2G/1TB/AP/BT-SPA CORE I7',' ','Pza','MXN',0.16,10255.590000),('MD389E/A','MAC MINI 2.3 QC/2X2G/2X1TB/AP/BT/SVR-SPA CORE I7',' ','Pza','MXN',0.16,13017.200000),('MD464BE/A','APPLE THUNDERBOLT - FIREWIRE ADAPTER-BES',' ','PZA','MXN',0.16,0.000000),('MD510E/A','IPAD WI-FI 16GB BLACK-SPA',' ','Pza','MXN',0.16,4886.870000),('MD513E/A','IPAD WI-FI 16GB WHITE-SPA',' ','Pza','MXN',0.16,4886.870000),('MD516E/A','IPAD WI-FI CELLULAR 16GB BLACK-SPA',' ','Pza','MXN',0.16,6489.220000),('MD519E/A','IPAD WI-FI CELLULAR 16GB WHITE-SPA',' ','Pza','MXN',0.16,6489.220000),('MD531E/A','IPAD MINI WI-FI 16GB WHITE-SPA',' ','Pza','MXN',0.16,3805.840000),('MD537E/A','IPAD MINI WI-FI CELLULAR 16GB WHITE-SPA',' ','Pza','MXN',0.16,5426.370000),('MD592E/A','MD592E/A,45W MAGSAFE 2 POWER ADAPTER-SPA',' ','PZA','MXN',0.16,1211.600000),('MD711E/B','MBAIR 11.6/1.4GHZ/4GB/128GB FLASH-SPA CORE I5',' ','Pza','MXN',0.16,11439.420000),('MD711LZ/B','MBAIR 11.6/1.4GHZ/4GB/128GB FLASH-LAE CORE I5',' ','Pza','MXN',0.16,11439.420000),('MD712E/B','MBAIR 11.6/1.4GHZ/4GB/256GB FLASH-SPA CORE I5',' ','Pza','MXN',0.16,13807.090000),('MD712LZ/B','MBAIR 11.6/1.4GHZ/4GB/256GB FLASH-LAE CORE I5',' ','Pza','MXN',0.16,13807.090000),('MD760E/B','MBAIR 13.3/1.4GHZ/4GB/128GB FLASH-SPA CORE I5',' ','Pza','MXN',0.16,12623.250000),('MD760LZ/B','MBAIR 13.3/1.4GHZ/4GB/128GB FLASH-LAE CORE I5',' ','Pza','MXN',0.16,12623.250000),('MD761E/B','MBAIR 13.3/1.4GHZ/4GB/256GB FLASH-SPA CORE I5',' ','Pza','MXN',0.16,14989.930000),('MD761LZ/B','MBAIR 13.3/1.4GHZ/4GB/256GB FLASH-LAE CORE I5',' ','Pza','MXN',0.16,14989.930000),('MD785CL/B','MD785CL/B, IPAD WI-F 16GB SPACE GRAY-CLA',' ','PZA','MXN',0.16,5789.000000),('MD786E/A','IPAD WI-FI 32GB SPACE GRAY',' ','Pza','MXN',0.16,7530.850000),('MD787E/A','IPAD WI-FI 64GB SPACE GRAY',' ','Pza','MXN',0.16,8812.930000),('MD788 E/A','MD788 E/A,  IPAD WI-FI 16GB SILVER',' ','PZA','MXN',0.16,0.000000),('MD788CL/B','IPAD AIR WI-FI 16GB SILVER-CLA',' ','PZA','MXN',0.16,4999.000000),('MD788E/A','IPAD WI-FI 16GB SILVER',' ','Pza','MXN',0.16,6248.760000),('MD789E/A','IPAD WI-FI 32GB SILVER',' ','Pza','MXN',0.16,7530.850000),('MD790E/A','IPAD WI-FI 64GB SILVER',' ','Pza','MXN',0.16,8812.930000),('MD791CL/B','IPAD WIFI CELLULAR 16GB SPACE-GRAY CLA',' ','PZA','MXN',0.16,7731.450000),('MD791E/A','IPAD WIFI CELL 16GB SPACE GRAY',' ','Pza','MXN',0.16,7852.120000),('MD792E/A','IPAD WIFI CELL 32GB SPACE GRAY',' ','Pza','MXN',0.16,9134.210000),('MD793E/A','IPAD WIFI CELL 64GB SPACE GRAY-SPA',' ','Pza','MXN',0.16,10415.280000),('MD794E/A','IPAD WIFI CELL 16GB SILVER',' ','Pza','MXN',0.16,7852.120000),('MD795E/A','IPAD WIFI CELL 32GB SILVER',' ','Pza','MXN',0.16,9134.210000),('MD796E/A','IPAD WIFI CELL 64GB SILVER',' ','Pza','MXN',0.16,10415.280000),('MD819AM/A','LIGHTNING TO USB CABLE (2 M)-ZM .',' ','PZA','MXN',0.16,0.000000),('MD823AM/A',' ADAPTADOR DE LIGHTNING A AVDIGITAL (HDMI)',' ','PZA','MXN',0.16,412.290000),('MD825AM/A','LIGHTNING TO VGA ADAPTER-ZML .',' ','PZA','MXN',0.16,0.000000),('MD825ZM/A','LIGHTNING TO VGA ADAPTER ZML ',' ','PZA','MXN',0.16,0.000000),('MD878E/A','MAC PRO 3.5-6C/D500/16GB/256GB-S1J XEON',' ','Pza','MXN',0.16,62484.500000),('MD878LZ/A','MAC PRO 3.5-6C/D500/16GB/256GB-S1J XEON',' ','Pza','MXN',0.16,50940.680000),('MD910E/A','IPAD WI-FI 16GB BLACK - DEMO-SPA',' ','Pza','MXN',0.16,4249.360000),('MD911E/A','IPAD WI-FI 16GB WHITE - DEMO-SPA',' ','Pza','MXN',0.16,4249.360000),('MDF23456MX','PEDESTAL PARA TABLET 9.7\" (30 X 35 X 110 CMS.) FABRICADO EN MDF DE 15 MM. ACABADO EN LACA SEMIMATE SMA Y LOGOTIPO \"FUNDACIÓN DONDÉ\" EN VINYL AUTO ADHERIBLE DE ACUERDO A DISEÑO AUTORIZADO',' ','PZA','MXN',0.16,0.000000),('MDP2DVI','ADAPTADOR CONVERTIDOR VIDEO ADAP MINI DISPLAYPORT A DVI',' ','PZA','MXN',0.16,0.000000),('MDP2HDMI','ADAPTADOR CONVERTIDOR VIDEO MINI DISPLAYPORT A HDMI',' ','PZA','MXN',0.16,0.000000),('MDVIVGAMF','ADAPTADOR CABLE VGA A MINI DVI BLANCO VIDEO HEMBRA A MACHO',' ','PZA','MXN',0.16,0.000000),('ME086E/A','IMAC21.5\"/2.7QC/2X4GB/1TB/IRISPRO-SPA CORE I5',' ','Pza','MXN',0.16,17960.370000),('ME086LZ/A','IMAC21.5\"/2.7QC/2X4GB/1TB/IRISPRO-LAE CORE I5',' ','Pza','MXN',0.16,16962.650000),('ME087E/A','IMAC 21.5\"/2.9QC/2X4GB/1TB/GT750M-SPA CORE I5',' ','Pza','MXN',0.16,21083.570000),('ME087LZ/A','IMAC 21.5\"/2.9QC/2X4GB/1TB/GT750M-LAE CORE I5',' ','Pza','MXN',0.16,19724.270000),('ME088E/A','IMAC 27\"/3.2QC/2X4GB/1TB/GT755M-SPA CORE I5',' ','Pza','MXN',0.16,24988.550000),('ME088LZ/A','IMAC 27\"/3.2QC/2X4GB/1TB/GT755M-LAE CORE I5',' ','Pza','MXN',0.16,23668.730000),('ME089E/A','IMAC 27\"/3.4QC/2X4GB/1TB/GTX775M-SPA CORE I5',' ','Pza','MXN',0.16,26036.390000),('ME089LZ/A','IMAC 27\"/3.4QC/2X4GB/1TB/GTX775M-LAE CORE I5',' ','Pza','MXN',0.16,26036.390000),('ME253E/A','MAC PRO 3.7-QC/D300/12GB/256GB-S1J XEON',' ','Pza','MXN',0.16,38591.010000),('ME253LZ/A','MAC PRO 3.7-QC/D300/12GB/256GB-S1J XEON',' ','Pza','MXN',0.16,38591.010000),('ME276E/A','IPAD MINI WI-FI 16GB SPACE GRAY',' ','Pza','MXN',0.16,3968.490000),('ME277E/A','IPAD MINI WI-FI 32GB SPACE GRAY',' ','Pza','MXN',0.16,6317.460000),('ME278E/A','IPAD MINI WI-FI 64GB SPACE GRAY',' ','Pza','MXN',0.16,7612.680000),('ME279E/A','IPAD MINI WI-FI 16GB SILVER',' ','Pza','MXN',0.16,3698.960000),('ME280E/A','IPAD MINI WI-FI 32GB SILVER',' ','Pza','MXN',0.16,6317.460000),('ME281E/A','IPAD MINI WI-FI 64GB SILVER',' ','Pza','MXN',0.16,7612.680000),('ME293E/A','MBP 15.4/2.0GHZ/8GB/256GB FLASH CORE I7',' ','Pza','MXN',0.16,21996.440000),('ME780E/A','IPAD MINI WI-FI 16GB SPACE GRAY DEMO',' ','Pza','MXN',0.16,4388.780000),('ME785E/A','IPAD MINI WI-FI 16GB SILVER DEMO',' ','Pza','MXN',0.16,4388.780000),('ME800E/A','IPAD MINI WIFI CELL 16GB SPACE GRAY',' ','Pza','MXN',0.16,6722.600000),('ME812E/A','IPAD MINI WIFI CELL 16GB SPCE GRAY-D',' ','Pza','MXN',0.16,5782.000000),('ME814E/A','IPAD MINI WIFI CELL 16GB SILVER',' ','Pza','MXN',0.16,6722.600000),('ME818E/A','IPAD MINI WIFI CELL 16GB SILVER DEMO',' ','Pza','MXN',0.16,5782.000000),('ME820E/A','IPAD MINI WIFI CELL 32GB SPACE GRAY',' ','Pza','MXN',0.16,7936.990000),('ME824E/A','IPAD MINI WIFI CELL 32GB SILVER',' ','Pza','MXN',0.16,7936.990000),('ME828E/A','IPAD MINI WIFI CELL 64GB SPACE GRAY',' ','Pza','MXN',0.16,9233.220000),('ME832E/A','IPAD MINI WIFI CELL 64GB SILVER',' ','Pza','MXN',0.16,9233.220000),('ME836E/A','IPAD MINI WIFI CELL 128GB SPACE GRAY',' ','Pza','MXN',0.16,10528.430000),('ME840E/A','IPAD MINI WIFI CELL 128GB SILVER',' ','Pza','MXN',0.16,10528.430000),('ME856E/A','IPAD MINI WI-FI 128GB SPACE GRAY',' ','Pza','MXN',0.16,8908.910000),('ME860E/A','IPAD MINI WI-FI 128GB SILVER',' ','Pza','MXN',0.16,8908.910000),('ME865E/A','MBP 13.3/2.4GHZ/8GB/256GB FLASH FIN DE VIDA CORE I5',' ','Pza','MXN',0.16,17356.600000),('ME866E/A','MBP 13.3/2.6GHZ/8GB/512GB FLASH FIN DE VIDA CORE I5',' ','Pza','MXN',0.16,21302.050000),('ME898E/A','IPAD WI-FI 128GB SPACE GRAY',' ','Pza','MXN',0.16,10095.010000),('ME904E/A','IPAD WI-FI 16GB SPACE GRAY - DEMO',' ','Pza','MXN',0.16,5434.450000),('ME906E/A','IPAD WI-FI 128GB SILVER',' ','Pza','MXN',0.16,10095.010000),('ME913E/A','IPAD WI-FI 16GB SILVER - DEMO',' ','Pza','MXN',0.16,5434.450000),('ME987E/A','IPAD WIFI CELL 128GB SPACE GRAY',' ','Pza','MXN',0.16,11697.360000),('ME988E/A','IPAD WIFI CELL 128GB SILVER',' ','Pza','MXN',0.16,11697.360000),('ME989E/A','IPAD WIFI CELL 16GB SPACE GRAY -D',' ','Pza','MXN',0.16,6827.670000),('ME995E/A','IPAD WIFI CELL 16GB SILVER -D',' ','Pza','MXN',0.16,6827.670000),('MF432E/A','IPAD MINI WI-FI 16GB SPACE GRAY-SPA',' ','Pza','MXN',0.16,3805.840000),('MF442E/A','IPAD MINI WI-FI CELL 16GB SPACE GRAY-SPA',' ','Pza','MXN',0.16,5426.370000),('MF839E/A','MBP 13.3/2.7GHZ/8GB/128GB-SPA',' ','PZA','MXN',0.16,0.000000),('MF840E/A','MBP 13.3/2.7GHZ/8GB/256GB-SPA',' ','PZA','MXN',0.16,0.000000),('MF841/A','MACBOOK PRO 13,3 RETINA I5DC 2,9GHZ TURBO BOOST HASTA 3,3 GHZ, 8GB 1TB IRIS GRAPHICS 6100, MOUSE AND TRACKPAD, TECLADO Y DOCUMENTACION',' ','PZA','MXN',0.16,0.000000),('MF855E/A','MB 12.0 SILVER/1.1GHZ/8GB/256GB-SPA',' ','PZA','MXN',0.16,0.000000),('MF883E/A','IMAC 21.5\"/1.4DC/8GB/500GB/INTELHD-SPA CORE I5',' ','Pza','MXN',0.16,14201.040000),('MF883LZ/A','IMAC 21.5\"/1.4DC/8GB/500GB/INTELHD-LAE CORE I5',' ','Pza','MXN',0.16,14201.040000),('MF886E/A','IMAC 27\"/3.5QC/8GB/1TB-FD/M290X-SPA',' ','PZA','MXN',0.16,19439.680000),('MF886LZ/A','MF886LZ/A,IMAC RETINA 5K\"',' ','PZA','MXN',0.16,11360.000000),('MGH72CL/A','IPAD AIR 2 WI-FI CELLULAR 16GB SILVER-CLA',' ','PZA','MXN',0.16,0.000000),('MGHX2CL/A','MGHX2CL/A, IPAD AIR 2 WIFI CELL 64GB GRAY-CLA',' ','PZA','MXN',0.16,9714.140000),('MGL12CL/A','IPAD AIR 2 WI-FI 16GB SPACE GRAY-CLA',' ','PZA','MXN',0.16,0.000000),('MGTX2CL/A','IPAD AIR 2 WI-FI 128GB SPACE GRAY-CLA',' ','PZA','MXN',0.16,9374.660000),('MGX72E/A','MBP 13.3/2.6GHZ/8GB/128GB FLASH-SPA CORE I5',' ','Pza','MXN',0.16,16173.760000),('MGX72LZ/A','MBP 13.3/2.6GHZ/8GB/128GB FLASH-LAE CORE I5',' ','Pza','MXN',0.16,16173.760000),('MGX82E/A','MBP 13.3/2.6GHZ/8GB/256GB FLASH-SPA CORE I5',' ','Pza','MXN',0.16,18777.200000),('MGX82LZ/A','MBP 13.3/2.6GHZ/8GB/256GB FLASH-LAE CORE I5',' ','Pza','MXN',0.16,18777.200000),('MGX92E/A','MBP 13.3/2.8GHZ/8GB/512GB FLASH-SPA CORE I5',' ','Pza','MXN',0.16,22485.890000),('MGX92LZ/A','MBP 13.3/2.8GHZ/8GB/512GB FLASH-LAE CORE I5',' ','Pza','MXN',0.16,22485.890000),('MGXA2E/A','MBP 15.4/2.2GHZ/16GB/256GB FLASH-SPA CORE I7',' ','Pza','MXN',0.16,24698.360000),('MGXA2LZ/A','MBP 15.4/2.2GHZ/16GB/256GB FLASH-LAE CORE I7',' ','Pza','MXN',0.16,24698.360000),('MGXC2E/A','MBP 15.4/2.5GHZ/16GB/512GB FLASH-SPA CORE I7',' ','Pza','MXN',0.16,34375.880000),('MGXC2LZ/A','MBP 15.4/2.5GHZ/16GB/512GB FLASH-LAE CORE I7',' ','Pza','MXN',0.16,30873.200000),('MH1J2CL/A','IPAD AIR 2 WI-FI 128GB GOLD-CLASYST',' ','PZA','MXN',0.16,0.000000),('MICA ','MICA PROTECTORA PARA PANEL UPC-V315 (YA VENDRÍA MONTADA DE FÁBRICA)',' ','PZA','USD',0.16,22.000000),('MJLQ2E/A','MBP 15.4/2.2GHZ/16GB/256GB-SPA',' ','PZA','MXN',0.16,34428.000000),('MJVE2E/A','MACBOOK AIR DE 13 PULGADAS: 128 GB PROCESADOR DUAL CORE INTEL CORE I5 DE 1.6 GHZ TURBO BOOST DE HASTA 2.7 GHZ GRÁFICOS INTEL HD 6000 MEMORIA DE 4 GB ALMACENAMIENTO EN FLASH BASADO EN PCIE DE 128 GB	',' ','PZA','MXN',0.16,13764.220000),('MJVM2E/A','MBAIR 11.6/1.6GHZ/4GB/128GB-SPA',' ','PZA','MXN',0.16,0.000000),('MJWT2AM/A','USB-C CHARGE CABLE (2M)-AME ',' ','PZA','MXN',0.16,0.000000),('MJY32E/A','MJY32E/A MB 12.0 SPACE GRAY/1.1GHZ/8GB/256GB-SPA',' ','PZA','MXN',0.16,0.000000),('MK142E/A','IMAC 21.5-INCH: 1.6GHZ DUAL-CORE INTEL CORE I5',' ','No aplica','MXN',0.16,0.000000),('MK442E/A','IMAC 21.5\"/2.8QC/8GB/1TB-SPA',' ','PZA','MXN',0.16,21192.260000),('MK452E/A','MK452E/A, IMAC 21.5\"/3.1QC/8GB/1TB-SPA',' ','PZA','MXN',0.16,23450.300000),('MK4N2E/A','MK4N2E/A MB 12.0 GOLD/1.2GHZ/8GB/512GB-SPA',' ','PZA','MXN',0.16,0.000000),('MK6J2CL/A','IPAD MINI 4 WI-FI 16GB SPACE GRAY-CLA',' ','PZA','MXN',0.16,0.000000),('MK6K2CL/A','MK6K2CL/A,IPAD MINI 4 WI-FI 16GB SILVER-CLA',' ','PZA','MXN',0.16,6317.500000),('MK6Y2CL/A','IPAD MINI 4 WI-FI CELL 16GB GRAY-CLA',' ','PZA','MXN',0.16,0.000000),('MK9H2CL/A','IPAD MINI 4 WI-FI 64GB SILVER-CLA',' ','PZA','MXN',0.16,0.000000),('MK9N2CL/A','MK9N2CL/A, IPAD MINI 4 WI-FI 128GB SPACE GRAY-CLA',' ','PZA','MXN',0.16,8828.080000),('MK9N2CLA','IPAD MINI 4 WI-FI 128GB SPACE GRAY-CLA',' ','PZA','MXN',0.16,8738.000000),('MK9P2CL/A','IPAD MINI 4 WI-FI 128GB SILVER-CLA',' ','PZA','MXN',0.16,0.000000),('MKMJ2LZ/A','MKMJ2LZ/A, IPOD SHUFFLE 2GB SPACE GRAY-LAE ',' ','PZA','MXN',0.16,719.000000),('ML-1710D3     ','TONER IMP SAMSUNG ML1710 DIXAA /1750/MUL',' ','PZA','MXN',0.16,0.000000),('ML-2010D3     ','CARTUCHO TONER P/IMPRESORA 2010 SAMSUNG',' ','PZA','MXN',0.16,0.000000),('ML620','IMPRESORA DE MATRIZ ML620 MARCA OKIDATA',' ','PZA','USD',0.16,269.400000),('ML92945','MONITOR DELL P2214H 21.5” 3 AÑOS DE GARANTIA',' ','PZA','MXN',0.16,0.000000),('MLA02LZ/A ','	MAGIC MOUSE 2 INALAMBRICO',' ','PZA','MXN',0.16,1211.600000),('MLMN2CL/A','MLMN2CL/A,IPAD PRO WI-FI 32GB GRAY-CLA',' ','PZA','MXN',0.16,10075.000000),('MLNC2E/A','APPLE TV 64GB SPA',' ','PZA','MXN',0.16,1999.000000),('MLQ82CL/A','IPAD PRO RETINA 9.7\" WI-FI + CELLULAR 256GB DORADO',' ','PZA','MXN',0.16,0.000000),('MLT-D101S   ','TONER P/IMP SAMSUNG MLT-D101S ML-2165',' ','PZA','MXN',0.16,0.000000),('MLT-D104S  ','TONER P/IMP SAMSUNG MLT 1660 D104S',' ','PZA','MXN',0.16,0.000000),('MLT-D105S     ','TONER P/IMP SAMSUNG 1910 ML-2580N ML 2525',' ','PZA','MXN',0.16,0.000000),('MLT-D108S   ','TONER PARA IMPRESORAS ML-1640',' ','PZA','MXN',0.16,0.000000),('MLT-D111S    ','TONER SAMSUNG 2022 MLT D-111S',' ','PZA','MXN',0.16,0.000000),('MNV22CL/A','IPAD AIR 2 WI-FI 32GB - SPACE GREY',' ','PZA','MXN',0.16,0.000000),('MNVR106KIT','MERIVA KIT IP 8CH NVR106 POE 72 0P +4 CAM BULLET+ 4CBLS 15MTS',' ','PZA','MXN',0.16,0.000000),('MOD SM-1','SELLADORA DE PEDAL SELLO ASTRIADO DE MORDAZA',' ','PZA','MXN',0.16,0.000000),('MONACR1035','ACER K222HQL BD K2, 54,61 CM (21.5\"), 5 MS, 200 CD / M², NEGRO, 100 X 100 MM ',' ','PZA','MXN',0.16,0.000000),('MP-C406','MP-C406, CONFIGURACIÓN DE ESCRITORIO ELEMENTO DE ESCANEO ESCANEO SÓLIDO UNI-DIMENSIONAL A TRAVÉS DE CCD PROCESO DE IMPRESIÓN SISTEMA DE TRANSFERENCIA ELECTROSTÁTICA EN SECO CON REVELADOR DE COMPONENTE DUAL; MÉTODO DE 4 TAMBORES MEMORIA DEL SISTEMA 2 GB (R','AM) VELOCIDAD DE SALIDA (CARTA) B&N - 42 PPM; A TODO COLOR - 36 PPM VELOCIDAD DE SALIDA DE LA 1ª. IMPRESIÓN (CARTA) B&N - 4.9 SEGUNDOS; A TODO COLOR - 6.8 SEGUNDOS TIEMPO DE RECUPERACIÓN   AL MODO LISTO PARA   IMPRESIÓN MENOS DE 30 SEGUNDOS - MODO RÁPIDO','PZA','MXN',0.16,0.000000),('MP201SPF','IMPRESORA MULTIFUNCIONAL MARCA RICOH, MULTIFUNCIONAL LASER MONOCROMÁTICA 4 EN 1 (IMPRESORA - COPIADORA - ESCANER - FAX)  VELOCIDAD: 20 PPM, RESOLUCION: 600 DPI, COPIA MÚLTIPLE: HASTA 999, ZOOM: 50 - 200% (INCREMENTOS DEL 1%), MEMORIA RAM: HASTA 640 MB, DI','SCO DURO: 80GB, CONECTIVIDAD: ETHERNET 10/100, USB 2.0, DIMENSIONES (AN X LA X AL): 485 X 450 X 481 MM (INCL. ARDF)','PZA','MXN',0.16,158049.600000),('MP301SPF','MP301SPF, 	PRODUCTO MULTIFUNCIONAL DE ESCRITORIO (MFP) 	ESCANEO DE RAYO LÁSER/IMPRESIÓN ELECTROFOTOGRÁFICA & LÁSER, 1GB (RAM) ESTÁNDAR ,ESTÁNDAR  	PUERTO DE RED ETHERNET (RJ-45: 10BASE-T/ 100BASE-TX), USB2.0 TIPO A Y B,	HASTA 31 PPM (CARTA) RESOLUCION 600',' X 300 (ARDF) SISTEMAS OPERATIVOS WINDOWS XP/SERVER 2003/VISTA/SERVER SYSTEMS 2008/7; NOVELL NETWARE 6.5; FILTROS UNIX PARA SUN SOLARIS 2.6/7/8/9/10; HP-UX 10.X/11.X/11IV2/11IV3; RED HAT LINUX ENTERPRISE V4, V5, V6; SCO OPENSERVER 5.0.6/5.0.7/6.0; IBM AI','PZA','MXN',0.16,0.000000),('MP588-L','MP588-L, PLUG RJ45',' ','PZA','USD',0.16,0.440000),('MR.JGN11.00G','PROYECTOR ACER LED K132 WXGA 600 LUM HDMI USB 2GB 3WTY AUDIO',' ','PZA','MXN',0.16,0.000000),('MR.JH911.00E','PROYECTOR ACER C205 LED FWVG 854X480 200 ANSI 1000:1 15\"-100\"',' ','PZA','MXN',0.16,0.000000),('MR34-HW','MERAKI MR34 CLOUD MANAGED AP SYST',' ','PZA','MXN',0.16,0.000000),('MUAA-005','DIADEMA ALAMBRICA ACTECK STEREO CON MICROFONO NEGRO 3.5MM CONTROL DE VOLUMEN',' ','PZA','MXN',0.16,0.000000),('MX1T450','THINKPAD T450 CORE I5-5200U 2.70 GHZ/ 4GB/ 500GB/ 14/ VIDEO INT/ 3C + 3HS/ CAM/ BT/ WIN 7 PRO 64',' ','PZA','MXN',0.16,0.000000),('MX5X1C2','THINKPAD X1 CARBON CORE I5 5200U 2.7GHZ/ 4GB/128GB SSD/14/ FPR/ WIFI+BT/ 3C/ CAM/ WINDOWS 8.1 PRO 64',' ','PZA','MXN',0.16,0.000000),('MX6X1C3','THINKPAD X1 CARBON MYSTIQUE 2.0 CORE I7 5500U 2.4GHZ/ 8GB/ 180GB SSD/ 14FHD/WIFI+BT/CAM/WIN8.1 PRO64',' ','PZA','MXN',0.16,0.000000),('MXT10110','CABLE 3M EXTENSION VIDEO VGA PARA PANTALLA MACHO A HEMBRA',' ','PZA','MXN',0.16,0.000000),('MXT101MMHQ20 ','CABLE 6M COAXIAL VIDEO VGA ALTA RESOLUCION MONITOR M A M HD15',' ','PZA','MXN',0.16,0.000000),('N2XX-AQPCI','QLOGIC DUAL PORT 8GB HBA, NO. SERIE (SQLH19025029, SQLH1902502U)',' ','PZA','USD',0.16,0.000000),('N2XX-AQPCI05','QLOGIC DUAL PORT 8GB HBA',' ','PZA','USD',0.16,0.000000),('N4V07AA#ABM','AIO 22-A153LA 21.5\" TOUCH AMD A6-7310 6GB 1TB WIN 10 PLATA',' ','PZA','MXN',0.16,0.000000),('NC6910P','CARGADOR 18.5V 3.5ª PIN CENTRAL HP',' ','PZA','MXN',0.16,0.000000),('NEXTEP','CAJA DE PAPEL NEXTEP TAMAÑO CARTA 75G 92% BLANCURA',' ','PZA','MXN',0.16,0.000000),('NIC-1489','NIC-1489, SWITCH TP-LINK ADMINISTRABLE CAPA 2 CON 16 PUERTOS RJ45 10/100/1000MBPS 2 COMBO SFP GIGABIT 1 PUERTO',' ','PZA','USD',0.16,161.030000),('NIC-1578','SWITCH D-LINK 8 PUERTOS 10/100/1000 GIGABIT',' ','PZA','MXN',0.16,0.000000),('NKD3200','CÁMARA RÉFLEX DIGITAL NIKON D3200 CON LENTE 18-55MM VR II-NEGRO',' ','PZA','MXN',0.16,0.000000),('NKD3300','CAMARA REFLEX NIKON MODELO D3300 CON LENTE 18-55 MM-ROJA + TARJETA DE MEMORIA SD 16 GB-AZUL',' ','PZA','MXN',0.16,0.000000),('NKD5200','CÁMARA RÉFLEX DIGITAL NIKON D5200 KIT 18-55 VR-ROJO',' ','PZA','MXN',0.16,0.000000),('NKD5300','CÁMARA RÉFLEX DIGITAL NIKON D5300 24.2 MP CON LENTE 18-140MM-NEGRO',' ','PZA','MXN',0.16,0.000000),('NORTH051-BKL','NORTH051-BKL, CHAROLA PARA RACK 1 UR',' ','PZA','USD',0.16,10.410000),('NORTH080-BKL','NORTH080-BKL, CHAROLA PARA SERVIDORES MONTADA EN RACK DE ALUMINIO CAPACIDAD DE CARGA 50 KG.',' ','PZA','USD',0.16,0.000000),('NORTH513-BKL','NORTH513-BKL, CHAROLA DESLIZABLE P/TECLADO Y MOUSE',' ','PZA','USD',0.16,60.800000),('NORTH612-BKL','NORTH612-BKL, BARRA DE 10 CONTACTOS HORIZONTAL',' ','PZA','USD',0.16,24.090000),('NOT-3536','NOT-3536,HP ELITEBOOK 840 G2 CORE I5-5200U 2.2-2.7 GHZ/8GB/1TB/14 LED HD/WIN 7 PRO-10 PRO/3-CELL/1-1-0+BITDEF',' ','PZA','MXN',0.16,20276.660000),('NOT-3628','TABLETA LENOVO TAB2 A7-30HC/ QC MKT 8382 1.3 GHZ /1GB/ 8GB/ ANDROID 4.4/ DOBLE CAM/ BLANCA (3G)',' ','PZA','MXN',0.16,0.000000),('NOT-3863','LATITUDE E5470 CORE I5 6300 HASTA 2.8GHZ / 8GB / 256GBSSD / 14 / NO DVD/ WIN 7 PRO- WIN 10 PRO',' ','PZA','MXN',0.16,0.000000),('NOT-3864','LATITUDE ULTRABOOK E7270 CORE I5 6300U HASTA 3.0GHZ / 8GB / 256GBSSD / 12.5 / NO DVD/WINDOWS 8.1 PRO',' ','PZA','MXN',0.16,0.000000),('NOTGHIA-140','TABLETA DE 7\" ANY 4',' ','PZA','MXN',0.16,560.000000),('NP-M353WS','WXGA, DLP, 3500 LUMEN SHORT THROW PROJECTOR - 0.6 THROW RATIO, W/10,000:1 CONTRAST WITH IRIS, 20WSPEAKER, DUAL HDMI INPUTS, VARIABLE AUDIO, CLOSED CAPTIONING AND RJ-45(CTL AND JPEG VIEWER), 8000HOUR LAMP LIFE (ECO MODE), WIRELESS LAN OPTIONAL, 8.2 POUNDS ','SUGGESTED REPLACEMENT MODEL FOR THE NPM352WS','PZA','MXN',0.16,0.000000),('NP-VE281','SVGA, DLP, 2800 LUMEN, 3000:1 CONTRAST PROJECTOR W/7W SPEAKER, 3D READY, CLOSEDCAPTIONING, ANALOG RGB INPUT, HDMI W/HDCP, 6,000 HOUR LAMP LIFE (ECO MODE),5.1LBS ',' ','PZA','MXN',0.16,0.000000),('NP17LP','REPLACEMENT LAMP FOR NP-M300WS AND NP-350W/P420X',' ','PZA','MXN',0.16,0.000000),('NP30LP','REPLACEMENT LAMP FOR NP-M332XS/M352WS, NP-M333XS/M353WS NP-M402X, NP-M402H, NP-403X',' ','PZA','MXN',0.16,0.000000),('NP8LP','REPLACEMENT LAMP FOR NP-M322X, NP-M322W, NP-M323X AND M323W PROJECTORS',' ','PZA','MXN',0.16,0.000000),('NT.LC0AL.001','TABLETA ACER B3-A20-K6KL 10.1\" MTK 1G 32G ANDROID4.4 BLANCO 1WT',' ','PZA','MXN',0.16,0.000000),('O302MCI3S450W7P3W','O302MCI3S450W7P3W DT OPTIPLEX MICRO CI3 4160T, 4GB, 500GB W7P/W8.1P, 3 AÑOS DE GARANTÍA',' ','PZA','MXN',0.16,7619.360000),('O302SFI3S450W7P3W','OPTIPLEX 3020SFF CORE I3 4160 3.6GHZ / 4GB / 500GB / NO MONITOR / DVD+RW / WIN 7 PRO- WIN 8.1 PRO 		',' ','PZA','MXN',0.16,8699.230000),('O304SFI3S450W7P3W','OPTIPLEX 3040SFF CORE I3 6100 3.7GHZ / 4GB / 500GB / NO MONITOR / DVD+RW / WIN 7 PRO- WIN 10 PRO,TECLADO NEGRO EN ESPAÑOL',' ','PZA','MXN',0.16,0.000000),('O304SFI3S450W7P3W785','OPTIPLEX 3040SFF CORE I3 6100 3.7GHZ / 8GB / 500GB / NO MONITOR / DVD+RW / WIN 7 PRO- WIN 10 PRO',' ','PZA','MXN',0.16,0.000000),('O304SFI5S450W7P3W','OPTIPLEX 3040SFF CORE I5 6500 HASTA 3.6GHZ / 4GB / 500GB / NO MONITOR/ NO DVD /WIN 7 PRO-WIN 10 PRO',' ','PZA','MXN',0.16,0.000000),('O704SFI7S81W7P3W','OPTIPLEX 7040 SFF  XCTO, SEXTA GENERACIÓN DEL PROCESADOR INTEL® CORE™ I7-6700 (8MB CACHÉ, HASTA 4.00GHZ)8GB DE MEMORIA DDR4 A 2133 MHZ ( 1 DIMM), WINDOWS 10 PRO, 64-BIT, INGLÉS, FRANCÉS, ESPAÑOL,  DISCO DE ESTADO SÓLIDO (M.2 SSD) SATA CON CIFRADO AUTOMÁTI','CO DE 256GB MONITOR  DELL 22 MONITOR P2217H  TECLADO DELL MULTIMEDIA KB216, NEGRO  Y MOUSE DELL ÓPTICO MS116, USB, COLOR NEGRO','PZA','MXN',0.16,17965.720000),('O704SFI7S850W7P3W','O704SFI7S850W7P3,CI7/8GB/500GB/WIN7PRO/WIN',' ','PZA','MXN',0.16,14096.000000),('O902SFI3S450W7','DT OPTIPLEX 9020 SFF CI3-4160 4G 500G W7P/W8.1P DVDRW 3WTY',' ','PZA','MXN',0.16,0.000000),('O902SFI7S81TW7P3W','OPTIPLEX 9020SFF CORE I7 4790 HASTA 4.0GHZ/ 8GB / 1TB/ DVDRW /WINDOWS 7 PRO - WINDOWS 8 PRO',' ','PZA','MXN',0.16,0.000000),('OPT3020MTI5_S450W7PD','DELL OPT3020, CORE I5, 4 GB RAM, 500 GB, WINDOWS 7',' ','Pza','MXN',0.16,8750.000000),('OPT7010SFI7_S450W7PD','DELL OPT7010SF, CORE I7, 4 GB, 500 GB, WINDOWS 7',' ','Pza','MXN',0.16,11210.000000),('OPT9020SFI7G_S850W7P','DELL OP9020, CORE I7, 8 GB RAM, 500 GB, WINDOWS 7',' ','Pza','MXN',0.16,12660.000000),('OPTIPLEX 7040','OPTIPLEX 7040 OPTIPLEX 7040 MICRO FORM FACTOR BTX, INTEL CORE I7-6700T PROCESSOR (QUADCORE, 8MB, 8T, 2.8GHZ, 35W), 8GB (1X8G) 2133MHZ DDR4 MEMORY, 500GB 2.5INCH SERIAL ATA (7,200 RPM) HARD DRIVE, W10P-DG7 DT 64 ENG/FRE/SPN ',' ','PZA','MXN',0.16,11933.180000),('OPTIPLEX 7440','OPTIPLEX 7440 MICRO FORM FACTOR BTX, INTEL COREI7-6700 (QUAD CORE, 8MB, 8T, 2.8GHZ, 35W), 8GB(1X8G) 2133MHZ DDR4 MEMORY, 500GB 2.5INCH SERIAL ATA (7,200 RPM) DD',' ','PZA','MXN',0.16,0.000000),('P0B72LTBITD','I7-4600M, 2.90GHZ / 3.60GHZ TURBO, 8GB, 1TB, DVDRW, 14\", W7PRO/W8.1PRO(64BIT), 1/1/0 + BITDEFENDER TOTAL SECURITY1YR/BLUETOOTH 4.0 INCLUYE CARE PAKE P0B72LTBITDEF		',' ','PZA','MXN',0.16,0.000000),('P0B72LTBITDEF','P0B72LTBITDEF; I7-4600M, 2.90GHZ / 3.60GHZ TURBO, 8GB, 1TB, DVDRW, 14\", W7PRO/W8.1PRO(64BIT), 1/1/0 + BITDEFENDER TOTAL SECURITY1YR/BLUETOOTH 4.0',' ','PZA','MXN',0.16,17131.570000),('P1N51AA','HP 4 GB DDR4-2133 DIMM',' ','PZA','MXN',0.16,489.590000),('P2414H','MONITOR DELL P2414H PROFESSIONAL 23.8 FULLHD 1920X1080 /GIRATORIO/LED/ VGA/DISPLAYPORT/ USB/DVI',' ','PZA','MXN',0.16,3086.170000),('P5U49LTBIT4TB','HP ELITEDESK 800 G2 MT CORE I7-6700 3.40, 8MB CACHE, 4C/8T, INTEL HD GRAPHICS 4600, 500GB SATA,SIN OPTICO, RED 10/100/1000, 8GB (2X4GB) DDR3 1600 MHZ (2DIM), TECLADO Y MOUSE USB, WIN 110 PROF  DOWN WIN 7 PRO 64 BITS, GARANTIA 3-3-3 BITDEFENDER ANTIVIRUS P','LUS + 4TB ELIFE BACKUP','PZA','MXN',0.16,14537.850000),('P5V18LTBIT4TB','P5V18LTBIT4TB, HP 260 G1 DM CEL 2957U 4G ',' ','PZA','MXN',0.16,5278.570000),('P5V20LT','P5V20LT, HP ELITEDESK 705 G2 SFF HP ELITEDESK 705 G2 SFF AMD A8 PROCESADOR AMD A8 8650B 3.2 GHZ, DISCO DURO 500 GB, MEMORIA RAM 4GB, UNIDAD OPTICA SLIM SUPER MULTI, SISTEMA OPERATIVO WINDOWS 10 PROFESSIONAL 64 DOWNGRADE 7 PROFESSIONAL 64, GARANTIA 3/3/3 +',' BITDEFENDER ANTIVIRUS PLUS + 4TB E-LIFE','PZA','MXN',0.16,0.000000),('P5V21LTBIT4TB','HP PRODESK 600 G2 SFF CORE I5-6500 3.2 A 3.6GHZ, 500GB SATA,DVD-RW, RED 10/100/1000, 4GB (1X4GB) DDR3 1600 MHZ (1DIM), TECLADO Y MOUSE USB, WIN 10 PROF  DOWNGRADE WIN 7 PRO 64 BITS, GARANTIA 3-3-3 BITDEFENDER ANTIVIRUS PLUS 1 AÑO + 4 TB ELIFE BACKUP',' ','PZA','MXN',0.16,11320.410000),('P5V22LTBIT4TB','HP 600 MINI G2 (DM) CORE I5-6500T QUAD CORE 2.5 GHZ, 6MB 4C,SIN OPTICO, 10/100/1000, BROADCOM BCM943228Z 802.11N M.2 BT NIC, 1TB 7200 RPM SATA 6G 2.5 HDD, INTEL HD GRAPHICS, 8GB (2X4 GB) DDR3 1600 MHZ, TECLADO Y MOUSE USB, WIN 10 PRO DOWN 7 64 BITS, GARAN','TIA 3-3-3, BITDEFENDER ANTIVIRUS PLUS 1 AÑO + 4TB ELIFE BACKUP','PZA','MXN',0.16,0.000000),('P5W05LT#ABM','P5W05LT#ABM,HP 18 AIO BUSINESS (PENTIUM-J2900), 1TB 7200 RPM SATA 6G 3.5 HDD, SLIM 8X SUPERMULTI DVDRW SATA ODD, 18.5IN 16:9 1366X768 WLED NG NZ LCD, HP WLAN 802.11 B/G/N 1X1 MCARD BT, 4GB DDR3L-1600 SODIMM (1X4GB) RAM, HP BLACK 18.5IN NON-TOUCH CHASSIS ,',' 65W 19.5V/3.3A 2 PIN REG R-ANG EPS 2 I, WINDOWS 8.1 EM 64-BIT OS LTNA, 1/1/1 AIO WARRANTY LTNA','PZA','MXN',0.16,6026.850000),('P6D69AA#ABA','P6D69AA#ABA, HP 19.5\" 1920 X 1080, 1 VGA; 1 DISPLAYPORT 1.2, INCLINACIÓN: -5 A +22°, GARANTIA 3 AÑOS CONEXIÓN DE ALTA VELOCIDAD PARA IMÁGENES FHD IDEAL PARA THINCLIENT ',' ','PZA','MXN',0.16,1872.450000),('P73-05966','WINDOWS SVR STD 2012 R2 64BIT ENGLISH DVD 5 CLT',' ','Pza','MXN',0.16,15087.460000),('P73-05967','WINDOWS SVR STD 2012 R2 64BIT ENGLISH DVD 10 CLT',' ','Pza','MXN',0.16,17459.650000),('P73-06058','WINDOWS SVR STD 2012 R2 64BIT SPANISH DVD 5 CLT',' ','Pza','MXN',0.16,15087.560000),('P73-06077','WINDOWS SVR STD 2012 R2 64BIT SPANISH DVD 10 CLT',' ','Pza','MXN',0.16,17384.290000),('P73-06285','P73-06285, WINSVRSTD 2012R2 SNGL OLP NL 2PROC',' ','PZA','USD',0.16,809.380000),('P7P47LT#ABM','P7P47LT#ABM	HP ZBOOK 14 G2 CORE I5-5200U, LCD 14 LED HD SVA AG F/CAM, RAM 8GB 1600 DDR3L 1DM, HDD 1TB 7200RPM, BATT 3C 50 WHR LONG LIFE,WEBCAM INTEGRATED 720P HD,  FPR,WLAN I 7265 AC 2X2 +BT 4.0 LE WW, WIN 10 PRO 64 DG WIN 7 64, 3YR WARRANTY',' ','PZA','MXN',0.16,0.000000),('P7P55LT#ABM','HP ZBOOK 15 G2 CORE I7-4710MQ QUAD CORE, LCD 15.6 LED FHD SVA AG F/CAM, RAM 8GB 1600 DDR3L 1DM, HDD 1TB 7200RPM,ODD DVDSM 9.5 TRAY,GFX NVIDIA QUADRO K610M, TECLADO NUMERICO, WEBCAM INTEGRATED 720P HD,WLAN I 7260 AC 2X2 +BT 4.0 LE WW,BATT 8C 83 WHR, FPR, W','IN 10 PRO 64 DG WIN 7 64, 3YR WARRANTY','PZA','MXN',0.16,22090.000000),('P7P57LT#ABM','P7P57LT#ABM, HP ZBOOK 17 QUAD CORE I7-4710MQ, LCD 17.3 LED HD+ SVA AG F/CAM, GFX NVIDIA QUADRO K1100M, HDD 1TB 7200RPM, WEBCAM,TECLADO NUMERICO, RAM 8GB 1600 DDR3L 1DM, DVD+/-RW, WLAN I 7260 AC 2X2 +BT 4.0 LE WW,WEBCAM INTEGRATED 720P HD,  BATT 8C 83 WHR,',' FPR, WIN 10 PRO 64 DG WIN 7 64, 3YR WARRANTY','PZA','MXN',0.16,27719.950000),('PA03334-B665','FI-5530C2, 50 PPM/ 100 IPM SCANNER, 11.7X17, SCSI, USB 2.0, DUPLEX, 100 PAGE ADF, 64MB MEMORY, ULTRASONIC DOUBLE-FEED DETECTION,PAPERSTREAM IP (TWAIN/ISIS), PAPERSTREAM CAPTURE, CENTRAL ADMIN SUITE',' ','Pza','MXN',0.16,36402.400000),('PA03450-B565','FI-5950, 105 PPM SCANNER, 11.7X17, MULTIPLE INTERFACE (ULTRA WIDE SCSI, USB 2.0, 500 PAGE ADF, PAPERSTREAM IP (TWAIN/ISIS), PAPERSTREAM CAPTURE, CENTRAL ADMIN, ENERGY STAR V2.0',' ','Pza','MXN',0.16,265720.800000),('PA03544-B205','SCANSNAP NETWORK, FI-6010N ISCANNER, 25 PPM / 50 IPM NETWORK SCANNER, 8.5X14, B&W/24-BIT COLOR,DUPLEX, 50 PAGE ADF, LARGE 8.4\" TOUCH SCREEN DISPLAY, 101 KEYBOARD,JOB FUNCTION BUTTONS, CENTRAL ADMINISTRATION CONSOLE, SSL',' ','Pza','MXN',0.16,31846.400000),('PA03575-B065','FI-6800, 130 PPM SCANNER, 12X17, MULTIPLE INTERFACE (ULTRA WIDE SCSI, USB 2.0,  500 PAGE ADF, ENERGY STAR V2.0,PAPERSTREAM IP (TWAIN/ISIS),  PAPERSTREAM CAPTURE, CENTRAL ADMIN SUITE',' ','Pza','MXN',0.16,227754.180000),('PA03576-B165','FI-6770, 70 PPM / 140 IPM PORTRAIT COLOR SCANNER, 90 PPM / 180 IPM LANDSCAPE, DUPLEX, 200 PAGE ADF, USB 2.0, ULTRASONIC DFD W/ IMFF, ENERGY STAR V2.0, PAPERSTREAM IP (TWAIN/ISIS), PAPERSTREAM CAPTURE, CENTRAL ADMIN SUITE',' ','Pza','MXN',0.16,76495.150000),('PA03576-B665','FI-6670, 70 PPM / 140 IPM PORTRAIT COLOR SCANNER, 90 PPM / 180 IPM LANDSCAPE, DUPLEX, 200 PAGE ADF, SCSI AND USB 2.0, ULTRASONIC DFD W/ IMFF, ENERGY STAR V2.0, PAPERSTREAM IP (TWAIN/ISIS), PAPERSTREAM CAPTURE, CENTRAL ADMIN SUITE',' ','Pza','MXN',0.16,59182.370000),('PA03586-B205','SCANSNAP S1500, TRADE COMPLIANT, 20 PPM, 8.5X14, USB 2.0, 50 PAGE ADF, USB CABLE, CARRIER SHEET, ADOBE ACROBAT 10 STD., SCANSNAP ORGANIZER 4.0, CARDMINDER 4.0, ABBYY FINEREADER 4.0 FOR SCANSNAP, ULTRASONIC DFD',' ','Pza','MXN',0.16,6165.780000),('PA03595-B005','FI-65F, 1.0 SECOND SCANNING AT 200 DPI, B&W/24-BIT COLOR, 5.83X4.13, FLATBED, PAPERSTREAM IP (TWAIN/ISIS), USB CABLE',' ','Pza','MXN',0.16,3644.800000),('PA03607-B065','FI-6110, 20 PPM, 8.5X14, B&W/24-BIT COLOR USB 2.0, 50 PAGE ADF, ULTRASONIC DOUBLE-FEED DETECTION, DUPLEX, PAPERSTREAM IP (TWAIN/ISIS), PAPERSTREAM CAPTURE, USB CABLE, CENTRAL ADMIN',' ','Pza','MXN',0.16,9522.030000),('PA03609-B005','SCANSNAP N1800, 20 PPM/ 40 IPM NETWORK SCANNER, 8.5X14, B&W/24-BIT COLOR,DUPLEX, 50 PAGE ADF, LARGE 8.4\" TOUCH SCREEN DISPLAY,JOB FUNCTION BUTTONS, CENTRAL ADMINISTRATION CONSOLE, SSL',' ','Pza','MXN',0.16,20152.680000),('PA03610-B005','SCANSNAP S1100, 7.5 SECOND SCANNING AT 300 DPI, 8.5X14, USB 2.0, USB CABLE, USB POWER, SCANSNAP MANAGER, SCANSNAP ORGANIZER 4.1, CARDMINDER 4.1, CARDIRIS, ABBYY FINEREADER',' ','Pza','MXN',0.16,2718.410000),('PA03610-B015','SCANSNAP S1100, DELUXE BUNDLE, 7.5 SECOND SCANNING AT 300 DPI, 8.5X14, USB 2.0, USB CABLE, USB POWER, SCANSNAP MANAGER, SCANSNAP ORGANIZER 4.1, CARDMINDER 4.1,CARDIRIS, ABBYY FINEREADER, RACK2-FILER 5.0',' ','Pza','MXN',0.16,3219.570000),('PA03610-B205','SCANSNAP S1100, TRADE COMPLIANT, 7.5 SECOND SCANNING AT 300 DPI, 8.5X14, USB 2.0, USB CABLE, USB POWER, SCANSNAP MANAGER, SCANSNAP ORGANIZER 4.1, CARDMINDER 4.1, CARDIRIS, ABBYY FINEREADER',' ','Pza','MXN',0.16,2870.280000),('PA03641-B005','SCANSNAP SV600,  3 SECONDS A PAGE, USB 2.0, POWER ADAPTER, US CABLE, RACK2-FILER SMART WITH MAGIC DESKTOP, BACKGROUND PAD,CARDMINDER 5.0, ABBYY FINEREADER FOR SCANSNAP 5.0, SCANSNAP ORGANIZER V5.1,  ADOBE ACROBAT XI STANDARD FOR PC',' ','Pza','MXN',0.16,8443.780000),('PA03643-B005','SCANSNAP S1300I, 12 PPM, 8.5X14, USB 2.0, 10 PAGE ADF,  USB CABLE, AC ADAPTER, USB, POWER, SCANSNAP MANAGER, SCANSNAP ORGANIZER 4.1, CARDMINDER 4.1, ABBYY FINEREADER FOR SCANSNAP 4.1, CARDIRIS 4.0',' ','Pza','MXN',0.16,3584.050000),('PA03643-B015','SCANSNAP S1300I, DELUXE BUNDLE, 12 PPM, 8.5X14, USB 2.0, 10 PAGE ADF,  USB CABLE, AC ADAPTER, USB, POWER, SCANSNAP MANAGER, SCANSNAP ORGANIZER 4.1, CARDMINDER 4.1, ABBYY FINEREADER FOR SCANSNAP 4.1, CARDIRIS 4.0, RACK2-FILER V5.0',' ','Pza','MXN',0.16,4070.020000),('PA03643-B205','SCANSNAP S1300I, TRADE COMPLIANT, 12 PPM, 8.5X14, USB 2.0, 10 PAGE ADF,  USB CABLE, AC ADAPTER, USB, POWER, SCANSNAP MANAGER, SCANSNAP ORGANIZER 4.1, CARDMINDER 4.1, ABBYY FINEREADER FOR SCANSNAP 4.1, CARDIRIS 4.0',' ','Pza','MXN',0.16,3735.920000),('PA03656-B005','SCANSNAP IX500, 25 PPM, 8.5X14, USB 3.0, 50 PAGE ADF, USB CABLE, CARRIER SHEET, ADOBE ACROBAT 10 STD. FOR PC,  SCANSNAP ORGANIZER 5.0, CARDMINDER 5.0, ABBYY FINEREADER FOR SCANSNAP, ULTRASONIC DFD',' ','Pza','MXN',0.16,6013.910000),('PA03656-B015','SCANSNAP IX500, DELUXE BUNDLE, 25 PPM, 8.5X14, USB 3.0, 50 PAGE ADF, USB CABLE, CARRIER SHEET, RACK2-FILER SMART V1.0, MAGIC DESKTOP 1.0, ADOBE ACROBAT 10 STD. FOR PC,  SCANSNAP ORGANIZER 5.0, CARDMINDER 5.0, ABBYY FINEREADER FOR SCANSNAP, ULTRASONIC DFD',' ','Pza','MXN',0.16,6332.830000),('PA03656-B205','SCANSNAP IX500, TRADE COMPLIANT, 25 PPM, 8.5X14, USB 3.0, 50 PAGE ADF, USB CABLE, CARRIER SHEET, ADOBE ACROBAT 10 STD. FOR PC,  SCANSNAP ORGANIZER 5.0, CARDMINDER 5.0, ABBYY FINEREADER FOR SCANSNAP, ULTRASONIC DFD',' ','Pza','MXN',0.16,6165.780000),('PA03670-B005','FI-7180, 80 PPM, 8.5X14, B&W/24-BIT COLOR, USB 3.0, DUPLEX, 80 PAGE ADF,PAPERSTREAM IP (TWAIN/ISIS), USB CABLE, PAPERSTREAM CAPTURE, 2D BARCODE SUPPORT, LED LIGHT-SOURCE, ACOUSTIC AND TIMING PAPER PROTECTION FUNCTIONALITY, CENTRAL ADMIN',' ','Pza','MXN',0.16,21215.750000),('PA03670-B055','FI-7160, 60 PPM, 8.5X14, B&W/24-BIT COLOR, USB 3.0, DUPLEX, 80 PAGE ADF,PAPERSTREAM IP (TWAIN/ISIS), USB CABLE, PAPERSTREAM CAPTURE, LED LIGHT-SOURCE, ACOUSTIC AND TIMING PAPER PROTECTION FUNCTIONALITY, CENTRAL ADMIN',' ','Pza','MXN',0.16,12696.040000),('PA03670-B505','FI-7280, 80 PPM, 8.5X14, B&W/24-BIT COLOR, USB 3.0, DUPLEX, 80 PAGE ADF, BUILT-IN FLATBED,PAPERSTREAM IP (TWAIN/ISIS), USB CABLE, PAPERSTREAM CAPTURE, 2D BARCODE SUPPORT, LED LIGHT-SOURCE, ACOUSTIC AND TIMING PAPER PROTECTION FUNCTIONALITY, CENTRAL ADMIN',' ','Pza','MXN',0.16,26531.080000),('PA03670-B555','FI-7260, 60 PPM, 8.5X14, B&W/24-BIT COLOR, USB 3.0, DUPLEX, 80 PAGE ADF, BUILT-IN FLATBED, PAPERSTREAM IP (TWAIN/ISIS), USB CABLE, PAPERSTREAM CAPTURE,LED LIGHT-SOURCE, ACOUSTIC AND TIMING PAPER PROTECTION FUNCTIONALITY, CENTRAL ADMIN',' ','Pza','MXN',0.16,18178.420000),('PA03688-B005','SCANSNAP IX100, 5.2 SECOND SCANNING AT 300 DPI 8.5X14.17, USB 2.0, LI-ION BATTERY, USB CABLE, SCANSNAP MANAGER, CARDMINDER V5.2, SCANSNAP RECEIPT V1.0, SCANSNAP ORGANIZER V5.2, ABBYY FINEREADER FOR SCANSNAP',' ','Pza','MXN',0.16,2779.160000),('PAGO POR DIFERENCIA','DIFERENCIA DE PRECIOS POR TIPO DE CAMBIO CORRESPONDIENTE A LA ORDEN',' ','No aplica','MXN',0.16,0.000000),('PAP-BOND','PAPEL BOND MULTIPURPOSE CTA 75G 96%',' ','PZA','MXN',0.16,335.000000),('PAPEL 3M2040','PAPEL XEROX 3M2040, 94% DE BLANCURA',' ','PZA','MXN',0.16,357.000000),('PAPEL BOND','PAPEL BOND TAMAÑO CARTA MARCA FOTOBOND',' ','PZA','MXN',0.16,335.000000),('PAPEL/CARTA','CAJA PAPEL TAMAÑO CARTA NEXTEP 75 GR',' ','PZA','MXN',0.16,0.000000),('PAPM3S','PAPM3S, SILVER ALUMINUM POLE MOUNT BRACKET W/O STRAPS',' ','PZA','USD',0.16,66.830000),('PAQ-ETIQ1','CONSUMIBLES DE ETIQUETAS Y SUAJE. 35 MILLARES DE ETIQUETAS DE 150MM X 45MM, SUAJADAS (EN 17 ROLLOS DE 2 MILLARES Y 1 ROLLO DE 1 MILLAR)10 MILLARES DE ETIQUETAS DE 140MM X 90MM, SUAJADAS(EN 10 ROLLOS DE 1 MILLAR)36 ROLLOS DE 300MTS DE RIBBON DE CERA COLOR ','NEGRO','Impresiones','MXN',0.16,0.000000),('PAQVID001','DISTRIBUCIÓN DE VÍDEO HDMI. SALA DE JUNTAS 1 Y 2. INSTALACIÓN Y EQUIPO DE SWITCHEO C/ CONTROL REMOTO.',' ','servicio','MXN',0.16,0.000000),('PC-110293','MICROFONO PERFECTCHOICE 3.5 MM OMNIDIRECCIONAL BASE AJUSTABLE',' ','PZA','MXN',0.16,0.000000),('PC-111641','BOCINAS PERFECTCHOICE STEREO 400W PMPO IN/OUT 3.5MM ACABADO PIAN',' ','PZA','MXN',0.16,0.000000),('PC-200963','TECLADO MULTIMEDIA ICONIC ACABA ACABADO ALUMINIO',' ','PZA','MXN',0.16,0.000000),('PC-2189','IDEACENTRE AIO B50-30 CORE I5 4460S 2.9G/8GBX1/2TB/23.8 TOUCH/NVIDIA 840A 2GB/WIN 8.1 64 EM/PLATA',' ','PZA','MXN',0.16,0.000000),('PC-2448','PC-2448, O7440AIOI7S850W7P3W,OPTIPLEX AIO 7440 , OPTIPLEX AIO 7440 CORE I7 6700 4.0GHZ / 8GB / 500GB / DVDRW / 23.8 / WINDOWS 7 PRO - 10 PRO ',' ','PZA','MXN',0.16,17805.000000),('PC-2625','OPTIPLEX 7040 GABINETE MICRO CORE I7 6700T 3.6GHZ/ 8GB / 500GB / NO DVD / WIN 10 PRO',' ','PZA','MXN',0.16,0.000000),('PCI1P2','TARJETA DE PUERTO PARALELO',' ','PZA','MXN',0.16,0.000000),('PEX1P','ADAPTADOR TARJETA PCI EXPRESS PARALELO 1 PUERTO DB25 IEEE 1284',' ','PZA','MXN',0.16,0.000000),('PG-40  ','CARTUCHO NEGRO P/IMP/ CANON PG 40 IP 16',' ','PZA','MXN',0.16,0.000000),('PGTR09','PAGO POR SERVICIO DE REPARACION Y MANTENIMIENTO DE TRITURADORA EN EL CENTRO FOTOCOPIAD',' ','PZA','MXN',0.16,0.000000),('PJWX5140','RICOH PJ WX5140, 3200 LUMENS',' ','PZA','MXN',0.16,0.000000),('PLUMAS PZ','PLUMA PERTEGAZ TINTA AZUL',' ','PZA','MXN',0.16,0.000000),('POH1100','POH1100, FIXED ENVIRONMENTAL INDOOR/OUTDOOR IP66 HOUSING WITH FEED-THRU WALL/POLE MOUNT. IK10 (NO SUN SHIEL)',' ','PZA','USD',0.16,107.170000),('POL-199','POL-199,POLIZA DE GARANTIA HP 3 AÑOS IN SITUA AL SIG. DIA HABIL PARA PORTATILES (ELECTRONICA)',' ','PZA','MXN',0.16,2464.460000),('POWER BANK','POWER BANK DE 10400 MAH',' ','PZA','MXN',0.16,520.000000),('pruebanva1','','','PZA','MXN',0.16,120.320000),('PS1261','PS1261, 12 VDC POWER SUPPLY FOR S4000, S1808/16E AND S1704/8/12/24E SERIES ENCODERS',' ','PZA','USD',0.16,58.090000),('PSD12X15','PLUMI. REF. MAGNÉTICO MARCO DURANODIK 1.20 X 1.50 (CON INSTALACIÓN INCLUIDA)',' ','PZA','MXN',0.16,1923.100000),('PSKT4M-063TM1','LAPTOP CORE I5-4210U15.6\"8GB1TBWINDOWS 8.1 PRO',' ','PZA','MXN',0.16,0.000000),('PSKT4M-065TM1','LAPTOP TOSHIBA L55-B5270SM CI3 15.6\" 8GB WIN  PRO 1T HDD ( UN AÑO GARANTIA)',' ','PZA','MXN',0.16,0.000000),('PT-E300','BROTHER P-TOUCH EDGE PT-E300',' ','PZA','MXN',0.16,0.000000),('PWB045','POWER BANK DE 10400 MAH (RECOM. BY DRIFT)',' ','PZA','MXN',0.16,0.000000),('PWCP-009','CARGADOR USB DE PARED INTELIGEN 2 PUERTOS BLANCO',' ','PZA','MXN',0.16,0.000000),('PWM20GS','PWM20GS, ALUMINUM GOOSENECK WALL MOUNT BRACKET FOR OUTDOOR PTZ SILVER',' ','PZA','USD',0.16,75.850000),('PWR-IE50W-AC=','PWR-IE50W-AC=, IE3000/2000 AC POWER MODULE (UPDATED)',' ','PZA','USD',0.16,227.920000),('Q1338A','TONER P/ IMPRESORA 4100-4200 Q1338A, REN',' ','PZA','MXN',0.16,0.000000),('Q2011A','PAQUETE DE ETIQUETAS CON CODIGO DE BARRAS HP LTO-5 ULTRIUM RW',' ','PZA','MXN',0.16,0.000000),('Q2046A',' CARTUCHO RDX DE 2TB MARCA HP',' ','PZA','MXN',0.16,3936.030000),('Q2612A','TONER HP 1015 1010   ',' ','PZA','MXN',0.16,0.000000),('Q5942A','TONER P/IM H.P. L.J. 4250/4350 Q5942A',' ','PZA','MXN',0.16,0.000000),('Q5950A','HP COLOR LASERJET 4700 BLACK CARTRIDGE Q5950A',' ','PZA','MXN',0.16,0.000000),('Q5951A','HP COLOR LASERJET 4700 CYAN CARTRIDGE Q5951A',' ','PZA','MXN',0.16,0.000000),('Q5952A','HP COLOR LASERJET 4700 YELLOW CARTRIDGE Q5952A',' ','PZA','MXN',0.16,0.000000),('Q5953A','HP COLOR LASERJET 4700 MAGENTA CARTRIDGE Q5953A',' ','PZA','MXN',0.16,0.000000),('Q7551A','Q7551A, CARTUCHO 51 X/A LASERJET M3035XS MFP',' ','PZA','MXN',0.16,1622.040000),('Q7553A','TONER P/IMP H.P. LASERJET P2014',' ','PZA','MXN',0.16,0.000000),('Q7Y-00003','Q7Y-00003, O365PROPLUSOPEN SHRDSVR SNGL SUBSVL OLP NL ANNUAL QLFD',' ','PZA','MXN',0.16,2177.590000),('QL-700','ETIQUETADORA ELECTRÓNICA BROTHER QL700-GRIS',' ','PZA','MXN',0.16,0.000000),('QLN320','IMP. PORTATIL QLN320 DT/3IN/203DPI/BT/RED',' ','PZA','MXN',0.16,0.000000),('QN3-AU1A0M00-00','DT PRINTER QLN320 CPCL,ZPL,XML .',' ','PZA','MXN',0.16,0.000000),('QN3-AUCA0M00-00','DT PRINTER QLN320, COCL, XML. BLUETOOTH,3.0 MFIM ETHERNET',' ','PZA','MXN',0.16,0.000000),('R18-04092','WINDOWS SERVER CAL 2012 ENGLISH MLP 5 DEVICE CAL',' ','Pza','MXN',0.16,2306.710000),('R18-04093','WINDOWS SERVER CAL 2012 ENGLISH MLP 20 DEVICE CAL',' ','Pza','MXN',0.16,9226.860000),('R18-04094','WINDOWS SERVER CAL 2012 ENGLISH MLP 5 USER CAL',' ','Pza','MXN',0.16,2652.680000),('R18-04095','WINDOWS SERVER CAL 2012 ENGLISH MLP 20 USER CAL',' ','Pza','MXN',0.16,10610.880000),('R18-04101','WINDOWS SERVER CAL 2012 SPANISH MLP 20 DEVICE CAL',' ','Pza','MXN',0.16,9226.860000),('R18-04118','WINDOWS SERVER CAL 2012 SPANISH MLP 20 USER CAL',' ','Pza','MXN',0.16,10610.880000),('R18-04206','WINDOWS SERVER CAL 2012 SPANISH MLP 5 DEVICE CAL',' ','Pza','MXN',0.16,2306.710000),('R18-04225','WINDOWS SERVER CAL 2012 SPANISH MLP 5 USER CAL',' ','Pza','MXN',0.16,2652.680000),('RAM-2318','RAM-2318, MEMORIA ADATA SODIMM DDR3L 4GB PC3-12800 1600MHZ CL11 204PIN 1.35V P/LAPTOP',' ','PZA','MXN',0.16,0.000000),('RAM-2319','RAM-2319, MEMORIA ADATA SODIMM DDR3L 8GB PC3-12800 1600MHZ CL11 204PIN 1.35V P/LAPTOP',' ','PZA','MXN',0.16,0.000000),('RAM-2598','FUENTE DE PODER REDUNDANTE HP 500W FS PLAT HT PLG ',' ','PZA','MXN',0.16,0.000000),('REPARACION','REPARACION DE EQUIPO DE COMPUTO',' ','PZA','MXN',0.16,0.000000),('RGG9M','NB LATITUDE E5450 CI5-5300U VPRO 4G 500G W7P/W8.1P 14\"FHD 3WTY',' ','PZA','MXN',0.16,0.000000),('RIB154','RIBBON CALIDAD RESINA 154X300',' ','PZA','MXN',0.16,0.000000),('RIB154X30','RIBBON 154X300 EN CALIDAD DE CERA ESTANDAR.',' ','PZA','MXN',0.16,0.000000),('RM1-6274','RM1-6274 , HP LJ P3010/P3015 FUSER 110V		',' ','PZA','MXN',0.16,0.000000),('RV320-K9-NA','RV320-K9-NA, CISCO RV320 DUAL GIGABIT WAN VPN ROUTER',' ','PZA','USD',0.16,167.400000),('S041892','PHOTO PAPER GLOSS 250  17\" X 100\'',' ','PZA','MXN',0.16,656.600000),('S050190','TONER EPSON NEGRO C1100 CX11NF ',' ','PZA','MXN',0.16,0.000000),('S050193','TONER EPSON CYAN ACULASER C1100 MFC CX11NF ',' ','PZA','MXN',0.16,0.000000),('S1816E','S1816E, H.264 STREAMLINED AND HIGH-RESOLUTION 16-PORT VIDEO ENCODER',' ','PZA','USD',0.16,2475.000000),('S26-05029','ONENOTE 2013 32-BIT/X64 ENGLISH DVD',' ','Pza','MXN',0.16,817.440000),('S26-05038','ONENOTE 2013 32-BIT/X64 SPANISH LATAM NOT TO PUERTO RICO DVD',' ','Pza','MXN',0.16,817.440000),('SBC-06D2X-U/BL','BLU-RAY EXT SLIM ASUS 6X 2D/3D USB NEGRO COMPATIBLE C/MAC BDXL',' ','PZA','MXN',0.16,0.000000),('SCP7000SE','SCP7000SE, IMPRESORA EPSON SURE COLOR P7000 11 TINTAS Y 24   ',' ','PZA','MXN',0.16,56957.830000),('SCP800SE','SCP800SE, IMPRESORA EPSON SURE COLOR P800 9 TINTAS Y 17”  		',' ','PZA','MXN',0.16,17387.400000),('SCRI93','SCRIBE CARTA 93%,75 G/M² PAPEL BOND MULTIPROPOSITO VERDE T / CARTA (21.6CM X 27.9CM) ',' ','PZA','MXN',0.16,0.000000),('SCS-HW-LENOVO','SERVICIO DE IMPLEMENTACIÓN, (INSTALACIÓN FÍSICA, CONFIGURACIÓN E INTEGRACIÓN AL CMM, IMPLEMENTACIÓN BÁSICA DEL SISTEMA OPERATIVO)',' ','PZA','USD',0.16,605.000000),('SCS-HW-LNVO','IMPLEMENTACIÓN DE EXPANSIÓN PARA UN IBM STORWISE V3700 (INSTALACIÓN FÍSICA DE DISCOS (MAX 10), INTEGRACIÓN DE NUEVO ESPACIO, CONFIGURACIÓN DE DISK GROUP Y VOLÚMENES)',' ','PZA','USD',0.16,423.500000),('SCS-HW-LNVO 1','PRESENTACIÓN DE VOLÚMENES A HOST (CONFIGURACIÓN DE PARÁMETROS DE COMUNICACIÓN HACIA STORAGES EN BLADES, PRESENTACIÓN DE ESPACIO A SO)',' ','PZA','USD',0.16,400.000000),('SCT3070LA','SURECOLOR T3070, PLOTTERS',' ','Pza','MXN',0.16,29587.630000),('SCT5070LA','SURECOLOR T5070, PLOTTERS',' ','Pza','MXN',0.16,38969.070000),('SCT7070LA','SURECOLOR T7070, PLOTTERS',' ','Pza','MXN',0.16,49432.990000),('SCV-5083R','SCV-5083R, SAMSUNG/ANALOG IR VANDAL DOME CAMERA',' ','PZA','USD',0.16,177.000000),('SDA10/128GB','KINGSTON 128G SDXC CLASE 10 UHS-I LECTURA 90 / ESCRITURA 45',' ','PZA','MXN',0.16,0.000000),('SDC4/32GB','MEMORIA MICRO DE 32 GB .',' ','PZA','MXN',0.16,0.000000),('SDC4/4GB','KINGSTON 4GB MICROSDHC CLASS 4 FLASH CARD',' ','PZA','MXN',0.16,0.000000),('SDC4/4GBSP','SDC4/4GBSP KINGSTON 4GB MICROSD SIN ADAPTADOR',' ','PZA','MXN',0.16,0.000000),('SDC4/8GB','KINGSTON 8GB MICROSDHC CLASS 4 FLASH CARD',' ','PZA','MXN',0.16,0.000000),('SDCX10/64GB','MEMORIA KINGSTON MICRO SDXC 64G CLASE 10',' ','PZA','MXN',0.16,0.000000),('SDCZ58-008G-B3','SANDISK USB CRUZER ORBIT 8 GB .',' ','PZA','MXN',0.16,0.000000),('SDCZ600-032G-G','USB CRUZER GLIDE 3.0 32 GB .',' ','PZA','MXN',0.16,0.000000),('SDSQUNB-032G-GN3MA','MEMORIA SANDISK 32GB MICRO SDHC ULTRA 48MB/S CLASE 10',' ','PZA','MXN',0.16,0.000000),('SE2416H','MONITOR DELL 24 SE2416H',' ','PZA','MXN',0.16,0.000000),('SER-656','SERVIDOR HPE DL360 GEN9 E5-2630V4 1P 16GB 8SFF VR',' ','PZA','MXN',0.16,0.000000),('SERV-009','SERVICIO Y REPARACIÓN DE CÁMARAS DE AUDIO Y VÍDEO DRIFT',' ','PZA','MXN',0.16,0.000000),('SERV-PROY','SERVICIO DE INSTALACIÓN DE 2 PANTALLAS, 2 PROYECTORES, 5 MONITORES, CABLEADO HDMI/VGA Y MATERIAL	',' ','PZA','MXN',0.16,0.000000),('SERVICIO','IMPRESIONES B/N Y COLOR VOLUMEN INCLUIDO ',' ','servicio','MXN',0.16,0.000000),('SERVICIO IMP I','LECTURAS FÍSICAS JULIO 2015',' ','Impresiones','MXN',0.16,0.000000),('SERVICIO IMPRESIONES','LECTURAS AREMOTE JULIO 2015',' ','Impresiones','MXN',0.16,0.000000),('SERVICIO MANT','SERVICIO DE MANTENIMIENTO EQUIPOS OFICINA CUERNAVACA',' ','servicio','MXN',0.16,0.000000),('SERVICIOS RICOH','SERVICIOS A CLIENTES RICOH MEXICANA',' ','servicio','USD',0.16,0.000000),('SF100D-08-NA','SF100D-08-NA, SF100D-08 8-PORT 10/100 DESKTOP SWITCH',' ','PZA','USD',0.16,29.520000),('SF100D-16','SWITCH DE 16 PUERTOS MARCA CISCO',' ','PZA','MXN',0.16,0.000000),('SF302-08MPP-K9','SF302-08MPP 8-PORT 10/100 MAX POE+ MANAGED SWITCH',' ','PZA','MXN',0.16,0.000000),('SF302-08PP-K9-NA','SF302-08PP 8-PORT 10/100 POE+ MANAGED SWITCH				',' ','PZA','MXN',0.16,0.000000),('SG20T','LECTORAS INTERMEC SG20T 2D001',' ','PZA','MXN',0.16,0.000000),('SKYPLASMA','SOPORTE A TECHO, TELESCÓPICO 40 A 70 CM',' ','PZA','MXN',0.16,0.000000),('SLD3000DR','SURELAB D3000 DUAL ROLL, PLOTTERS',' ','Pza','MXN',0.16,267010.310000),('SLD3000SR','SURELAB D3000 SINGLE ROLL, PLOTTERS',' ','Pza','MXN',0.16,238144.330000),('SM-1','SELLADORA DE PEDAL SELLO ASTRIADO DE MORDAZA',' ','PZA','MXN',0.16,0.000000),('SM-J105B,','SM-J105B, TELÉFONO SAMSUNG J105 GALAXY J1 MINI COLOR DORADO GARANTÍA 1 ',' ','PZA','MXN',0.16,0.000000),('SM-P550NZWAMXO','SM-P550NZWAMXO TABLET SAMSUNG GALAXY TAB A SM-P550NZWAMXO, 9.7 PULGADAS,16GB, WIFI, S PEN, ANDROID , BLANCO/VEL 1.2 GHZ',' ','PZA','MXN',0.16,0.000000),('SM-T113N/DWUT','SAMSUNG GALAXY TAB E 7\" ',' ','PZA','MXN',0.16,0.000000),('SM-T113NDWUTCE','GALAXY TAB 3 (7\") PLUS, QUAD-CORE, 1.3 GHZ, ANDROID 4.4 MICROSD (UP TO 32 GB) 1 GB RAM',' ','PZA','MXN',0.16,1768.000000),('SM-T560NZWAMXO','SAMSUNG GALAXY TAB E 9.6\" QC 1.3GHZ 1.0GB+8GB',' ','PZA','MXN',0.16,3194.000000),('SMART1200LCD','NOBREAK TRIPP-LITE SMART1200LCD, DE 120V, 700WATTS, TORRE/RACK, USB 8 CONTACTOS NEG',' ','No aplica','MXN',0.16,3540.000000),('SMART2200SLT','NOBREAK TRIPP-LITE SMART2200SLT 2200VA//1600 WATTS//120V// TOMACORRIENTES 6 (5-15/20R), 1 (L5- 20R',' ','PZA','MXN',0.16,0.000000),('SMART550USB','NOBREAK TRIPP-LITE SMART550USB, DE 120V Y 300W, AVR, TORRE, USB, 6 CONTACTOS 3 C/R,P/FM,N',' ','PZA','MXN',0.16,0.000000),('SMI-AR32','SOPORTE PARA PANTALLAS DE 32“, PARA MONTAJE A MURO MACIZO, CHAPA DE SEGURIDAD BANCARIA,  FABRICADO EN ACERO AL CARBÓN CALIBRE 14, FABRICADO EN ACERO AL CARBÓN CALIBRE 14FABRICADO EN ACERO AL CARBÓN CALIBRE 14,  PINTURA ELECTROSTÁTICA COLOR NEGRO, ',' ','PZA','MXN',0.16,0.000000),('SON-CDI-W830','SON-CDI-W830, 20.1 MP , SUPER HAD CCD™ TIPO 1/2.3\" (7.76 MM) , 8X		',' ','PZA','MXN',0.16,0.000000),('SOP-PROY','SOPORTE PARA PROYECTOR (SOPORTA DE 32-55 KILOS)',' ','PZA','MXN',0.16,0.000000),('SP 6099','SERVICE PACK SOPORTE 7X24 3 AÑOS IBM V3700',' ','PZA','USD',0.16,1030.000000),('SP-LAMP-069  ','LAMPARA INFOCUS 5,000 HRS PROY IN112, IN114, IN116, IN114ST',' ','PZA','MXN',0.16,0.000000),('SP11880K3','STYLUS PRO 11880, PLOTTERS',' ','Pza','MXN',0.16,113685.570000),('SP4900HDR','STYLUS PRO 4900, PLOTTERS, PLOTTERS',' ','Pza','MXN',0.16,24512.370000),('SP7890K3','STYLUS PRO 7890, PLOTTERS',' ','Pza','MXN',0.16,31973.200000),('SP7900HDR','STYLUS PRO 7900, PLOTTERS',' ','Pza','MXN',0.16,39978.660000),('SP9890K3','STYLUS PRO 9890, PLOTTERS',' ','Pza','MXN',0.16,52579.380000),('SP9900HDR','STYLUS PRO 9900, PLOTTERS',' ','Pza','MXN',0.16,60394.850000),('SPK-1097','AUDIFONO CON MICROFONO DE DIADEMA PLANTRONICS SP11 ALAMBRICA MONOAURAL RJ9',' ','PZA','MXN',0.16,0.000000),('SSO9020W7P020-AIO','DELL OP9020-ALL IN ONE, CORE I5, 4 GB RAM, 500 GB',' ','Pza','MXN',0.16,12375.000000),('ST100S','ADAPTADOR TARJETA PCI ETHERNET 1 PUERTO 10/100 RJ45 NIC',' ','PZA','MXN',0.16,0.000000),('ST2000DM001','ST2000DM001 DD 2 TB SATA SEAGATE 3.5 7200 RPM 64MB CACHE',' ','PZA','MXN',0.16,0.000000),('STBV400010','4TB STBV4000100 EXPANSION EXT 4TB 3.5 ES SEAGATE',' ','PZA','USD',0.16,157.000000),('STDR4000100','DISCO DURO EXTERNO USB 3.0 SEAGATE BACKUP SLIM 4TB PORTATIL',' ','PZA','MXN',0.16,0.000000),('STEB2000100','DD EXT 2 TB SEAGATE 3.5 EXPANSION ESCRITORIO USB 3.0 NEGRO C/ADAPT ELEC, WIN',' ','PZA','MXN',0.16,0.000000),('SUPP5888','SUPPOLSRT 2C BTE 58X88 300GR 1000 CORTE',' ','PZA','MXN',0.16,0.000000),('SURTA3000XL','SURTA3000XL,APC SMART-UPS RT 3000VA 120V',' ','PZA','MXN',0.16,17510.400000),('SWS-1688','LICENCIA ILO ADV HP INCL3YR TS V E-LTU',' ','PZA','MXN',0.16,0.000000),('T103320-AL','CARTUCHO EPSON MAGENTA P/ T40W / TX600FW / TX515FN / TX550 / T1110',' ','PZA','MXN',0.16,0.000000),('T1B45LTBITDEF',' PROBOOK 440 G3 CORE I5 6200U 2.30-2.80 GHZ/ 0,00% 10,954.67 10,954.678GB / 1TB/ 14 LED HD/ NO DVD / WIN 10-7 PRO 64/ 1-1-0',' ','PZA','MXN',0.16,13632.310000),('T1C03LTBITDEF','T1C03LTBITDEF,HP 250 G4, COREI3-5005U (2.0GHZ) , 4GB (2X2GB) 1600, HDD 1TB 5400, 15.6 LED HD SVA AG , ODD, UMA: HD 5500, RT RTL8723BE B/G/N 1X1 , BT 4.0 LE SDIO, HD WEBCAM 720P,  W10PRO64, NO, 4C 41WHR, 1/1/0 + BITDEFENDER TOTAL SECURITY1YR		',' ','PZA','MXN',0.16,6799.000000),('T1C05LTBITDEF','HP 240 G4, CELERONN3050 (1.60GHZ/2.16GHZ/T) , 4GB 1600',' ','PZA','MXN',0.16,4829.590000),('T1C06LTBITDEF',' T1C06LTBITDEF,HP 240 G4, COREI3-5005U (2.0GHZ) , 8GB 1600 (2D), HDD 1TB 5400, 14 LCD LED HD SVA BV SLIM, ODD, UMA: HD 5500, WLAN B/G/N 1X1 , BT 4.0, HD WEBCAM 720P,  W10HM64 SINGLE LANGUAGE, NO, 4C 41WHR, 1/1/0 + BITDEFENDER TOTAL SECURITY1YR',' ','PZA','MXN',0.16,7264.290000),('T255','PODÓMETRO CONTADOR DE PASOS (6.5 X 5.0 X 2.5CM) INCLUYE BATERÍA Y CLIP PARA SUJETAR AL CINTURON',' ','PZA','MXN',0.16,0.000000),('T3L37LTBITDEF','ROBOOK 450 G3 CORE I5 6200U 2.30-2.80 GHZ/ 8GB / 1TB/ 15.6 LED HD/ DVD±RW / WIN 10 - 7 PRO 64/1-1-0',' ','PZA','MXN',0.16,15530.660000),('T3L38LTBITDEF','LAPTOP HP PROBOOK 440 G3 CI3-6100U 8GB 1TB 14¨ WIN 10 PRO 64 ',' ','PZA','MXN',0.16,0.000000),('T3L52LTBITDEF','T3L52LTBITDEF,HP ELITEBOOK 840 G2, COREI5-5200U (2.2GHZ/2.7GHZ/T) , 8GB 1600 (1D), 1TB 7200, 14.0 LED HD SVA AG , UMA: HD 5500, I 7265AN A/B/G/N 2X2 , BT 4.0 LE SDIO, WEBCAM 720P HD,  W10PRO64 DOWNGRADE WINDOWS 7 PROFESSIONAL, NO, 3C 50WHR LL, 1/1/0 + BIT','DEFENDER TOTAL SECURITY1YR		','PZA','MXN',0.16,20595.570000),('T4L98LTBITDEF','T4L98LTBITDEF, HP X2 210 G1 TABLET, INTEL® ATOM™Z8300, W10H64 SMALL SCREEN, INTEL® HD GRAPHICS, I 3165NGWG AC 1X1 +BT 4.0 LE WW, , 2 GB , 32GB EMBEDDED MULTI-MEDIA CARD, LCD 10.1 LED WXGA UWVA AG USLIM TS, NO, 1/1/0',' ','PZA','MXN',0.16,4586.000000),('T4M91LT#ABM','HP ELITEBOOK 745 G3, AMD A12-8800B (2.1 GHZ, 2MB L2 CACHE, 4 CORES)8GB, 14.0 LED FHD UWVA AG,  UMA: RADEON R7, 1TB 5400RPM,NO OPTICAL, 802.11 A/B/G/N/AC (2X2); BT 4.0 BT, SC+TPM+FS720P HD WEBCAM, WIN7PRO 64 WITH WIN10 PRO LIC, DASH3-CELL, 44WHTR, 1/1/0',' ','PZA','MXN',0.16,0.000000),('T5000R','T5000R, IMPRESORA TÉRMICA, TARJETA DE RED (ETHERNET 10/100BASE), USB ADAPTER Y SERIAL/PARALLEL ADAPTER',' ','PZA','USD',0.16,1870.000000),('T53X6','IMPRESORA TÉRMICA T5000R, PRINTRONIX, MODELO SL/T5R, NUMERO DE SERIE 4ES1502013.IMPRIME HASTA 10\" POR SEGUNDODISPONE DE FUNCIONES DE GESTIÓN REMOTA MEDIANTE WEB.INCLUYE TARJETA DE RED (ETHERNET 10/100BASE),USB ADAPTER Y SERIAL/PARALLEL ADAPTER.EMULACIÓN P','ARA ZEBRA, TEC, SATO, AND INTERMEC, XML.                                                PROPORCIONA FLEXIBILIDAD OPERATIVA AL IMPRIMIR A UNA RESOLUCIÓN DE 300 DPI  CON CABEZALES DE IMPRESIÓN QUE EL USUARIO PUEDE INTERCAMBIAR. OFRECE COMPATIBILIDAD CON BA','PZA','MXN',0.16,47028.800000),('T54FJ','T54FJ, ORIGINAL BATTERY, DELL LATITUDE E5420 E5520 E6420 E6520, 11.1V, 6CEL, 5400MAHCÓDIGO: 6040198',' ','PZA','USD',0.16,55.000000),('T5D-01600','OFFICE HOME AND BUSINESS 2013 32/64 ENGLISH LATAM EM NOTTOPUERTORICO DVD',' ','Pza','MXN',0.16,2724.750000),('T5D-01634','OFFICE HOME AND BUSINESS 2013 32/64 SPANISH LATAM EM NOTTOPUERTORICO DVD',' ','Pza','MXN',0.16,2204.000000),('T5D-01634-2','T5D-01634-2, OFFICE HOME & BUSINESS 2013',' ','PZA','USD',0.16,150.000000),('T5D-02294','T5D-02294 HOME AND BUSINESS 2016 PARA PC ',' ','PZA','MXN',0.16,2173.600000),('T5D-02713','T5D-02713, OFFICEHOME&BUSINESS 2016',' ','PZA','MXN',0.16,3182.000000),('T6F07LA#ABM','HP PROBOOK 640 I5-6200U 14.0 4GB/500 PC CORE I5-6200U, 14.0 HD AG LED SVA, UMA, 4GB DDR4 RAM, 500GB HDD, DVD+/-RW, BT, 3C BATTERY, FPR, WIN 10 PRO 64 DG WIN 7 64, 3YR WARRANTY',' ','PZA','MXN',0.16,0.000000),('T8Y07LA','T8Y07LA, HP PROBOOK 440 I7-6500U 14.0 8GB/1T PC, LOC W10P6 LTNA, LCD 14 LED HD SVA F/CAM 2ANT TS, WLAN B 943228 ABGN 2X2 +BT 4.0 LE WW, WARR 1/1/0 LTNA',' ','PZA','MXN',0.16,12911.580000),('TABLETA','FABRICACIÓN DE SOPORTE ARTICULADO PARA TABLETA,FABRICACIÓN ESPECIAL DE SOPORTE. BRAZO ARTICULADO CON 6 - 38 CM.INCLINACIÓN -5°-15°. COLOR NEGRO. CASE ANTIRROBO PARA TABLETA. EN ACERO AL CARBÓN TERMINADO EN PINTURA ELECTROSTÁTICA COLOR NEGRO INCLUYE: KIT D','E INSTALACIÓN','PZA','MXN',0.16,1658.000000),('TBCCOMUNV-P','TBCCOMUNV-P,COMUNIVERSAL TOP LOAD CASE FOR ALL TOUGHBOOK (MINIMUM ORDER QUANTITY 1)',' ','PZA','USD',0.16,65.000000),('TBCG1AONL-P','TBCG1AONL-P, PANASONIC TOUGHMATE ALWAYS-ON CASE FOR FZ-G1 ',' ','PZA','USD',0.16,102.000000),('TC110','DIADEMA PLANTRONICS MODELO TC110',' ','PZA','MXN',0.16,0.000000),('TC138HP','TEC138 TECLADO COLOR NEGRO (SP) PARA HP DM1-3000 (WITH FRAME',' ','PZA','MXN',0.16,0.000000),('TD5-02294','MICROSOFT OFFICE HOME AND BUSINESS 2016 32/64 ES LATAM EM NO ',' ','PZA','MXN',0.16,0.000000),('TEC-01312','TEC-01312,TELEFONO FIJO PANASONIC KX-TS500',' ','PZA','MXN',0.16,259.010000),('TEC-04065','SWITCH CISCO CATALYST 2960X ',' ','PZA','MXN',0.16,0.000000),('TEC-05710','TEC-05710, BATERIA PARA LAP TOP ',' ','PZA','USD',0.16,65.000000),('TEC-05831','LENOVO TAB 2 7-30HC TABLET 7\"',' ','PZA','MXN',0.16,1920.000000),('TG2CE91449N1','CARGADOR 18.5V 3.5ª PIN CENTRAL HP',' ','PZA','MXN',0.16,0.000000),('TH-50PH30U ','PANASONIC TH-50PH30U 50\" CLASS HD PROFESSIONAL PLASMA DISPLAY ',' ','PZA','MXN',0.16,0.000000),('TL-SG1008D','SWITCH TP-LINK 8 PUERTOS 10/100/1000 MBPS PARA ESCRITORIO',' ','PZA','MXN',0.16,0.000000),('TL-SG1024','TL-SG1024, \"SWITCH TP-LINK 24 PUERTOS RJ45 10/100/1000 CON AUTO MDI/MDI PARA RACK 19 PULGADAS\"		',' ','PZA','MXN',0.16,0.000000),('TL-WN781ND','TL-WN781ND, TARJETA DE RED INALAMBRICA PCI EXPRESS, N 150MBPS, CHIPSET ATHEROS',' ','PZA','MXN',0.16,0.000000),('TL200','POWERVAULT TL2000 TAPE LIBRARY, 2U, 24 SLOT, 1 OR 2 DRIVES (225-4565 )DOCUMENTATION AND SHIPPING (340-AKUK )LTO6 TAPE LABELS 1 - 60 (412-1107 )LTO-6 FC TAPE DRIVE (445-BBBM )THANK YOU CHOOSING DELL PROSUPPORT. FOR TECH SUPPORT, VISIT HTTP://SUPPORT.DELL.C','OM/PROSUPPORT (911-6619 )PROACTIVE MAINTENANCE SERVICE DECLINED (926-5839 )NO INSTALLATION (950-9609 )DELL HARDWARE LIMITED WARRANTY PLUS ON SITE SERVICE INITAL YR (912-0167 )PRO SUPPORT: NEXT BUSINESS DAY ONSITE SERVICE AFTER PROBLEM DIAGNOSIS, INITIAL ','PZA','MXN',0.16,123090.000000),('TM-200','MOUSE OPTICO MICROSOFT ALAMBRICO 200 USB NEGRO FOR BUSINESS',' ','PZA','MXN',0.16,98.010000),('TN1060','TONER BROTHER TN-1060',' ','PZA','MXN',0.16,0.000000),('TOUGH54','PANASONIC TOUGHBOOK 54, PROCESADOR INTEL CORE I7 A 2.6 GHZ, TECNOLOGÍA VPROTM,DISCO DURO DE 500 GB HOT-SWAP Y ANTI-SHOCK,MEMORIA DE 8GB,PANTALLA LED DE 14.0“HD WXGA CON TRATAMIENTO ANTI REFLEJANTE, PUERTOS: HDMI,USBX4, AUDÍFONOS/ALTAVOCES, VIDEO., ETHERNE','T, WIRELESS WI-FI Y BLUETOOTH.( AL102MP, MICROSOFT WINDOWS® 7 PRO ( WIN 8.1 PRO COA),3 AÑOS DE GARANTÍA','PZA','USD',0.16,0.000000),('TOUGHBOOK 54','PANASONIC TOUGHBOOK 54, PROCESADOR INTEL CORE I7 A 2.6 GHZ, TECNOLOGÍA VPRO™,DISCO DURO DE 500 GB HOT-SWAP Y ANTI-SHOCK,MEMORIA DE 8GB,PANTALLA LED DE 14.0“HD WXGA CON TRATAMIENTO ANTI REFLEJANTE, PUERTOS: HDMI,USBX4, AUDÍFONOS/ALTAVOCES, VIDEO., ETHERNET',', WIRELESS WI-FI Y BLUETOOTH.( AL102MP, MICROSOFT WINDOWS® 7 PRO ( WIN 8.1 PRO COA),3 AÑOS DE GARANTÍA ','PZA','MXN',0.16,0.000000),('TS-10306','SOPORTE DE SEGURIDAD TIPO PEDESTAL TS-10306',' ','PZA','MXN',0.16,1500.000000),('TS550MEW','TS550MEW,TELEFONO ANALOGO PANASONIC',' ','PZA','MXN',0.16,259.010000),('TSD-01634','OFFICE HOME & BUSINESS 32-BIT/X64 SPANISH',' ','PZA','MXN',0.16,0.000000),('TSP100','TSP100 ECO,THERMAL, AUTO-CUTTER USB,GRAY,USB CABLE, INT PSTSP143IIU',' ','PZA','MXN',0.16,0.000000),('TV-287','TV-287, TELEVISION LED HAIER 55, SERIE M600, FULL HD 1800P, 3 HDMI, 1 USB, 1 (VGA/PC), 60 HZ',' ','PZA','MXN',0.16,6999.000000),('TV-355','TELEVISION LED HAIER 50, SERIE B7000, FULL HD 1080P, 3 HDMI, 1 USB, 1 (VGA/PC), 60 HZ',' ','PZA','MXN',0.16,5999.000000),('TV-357','TELEVISION LED HAIER 40, SERIE B7000, FULL HD 1080P, 3 HDMI, 1 USB, 1 (VGA/PC), 60 HZ',' ','PZA','MXN',0.16,0.000000),('TV-390','TELEVISION LED SAMSUNG 60 SMART TV, SERIE 6103, FULL HD , 2 HDMI,2 USB, WIFI',' ','PZA','MXN',0.16,0.000000),('TV-393','TELEVISION LED SAMSUNG 55 SMART TV, SERIE H6400, FHD 1,920 X 1,080 ,3D, 120 HZ',' ','PZA','MXN',0.16,0.000000),('TV-422','TELEVISION LED LG 43\" FULL HD, 2 HDMI, 1 USB, 60 HZ, ENERGY SAVING',' ','PZA','MXN',0.16,0.000000),('TV-440','TELEVISION LED GHIA 32 SERIE 1500, GDE232HX5, HD 720P, 3 HDMI, 1 USB, (VGA/PC), 60 HZ',' ','PZA','MXN',0.16,0.000000),('TV-IP762IC','TRENDNET CAMARA WIFI CLOUD DIA Y NOCHE INTERIOR',' ','PZA','MXN',0.16,0.000000),('TZCKL01','TZCKL01 CABLE CON CANDADO DE LLAVE',' ','PZA','MXN',0.16,143.620000),('TZCKL01-BULK','	TECHZONE CANDADO SEG. DE ACE INOX DE 1.8 M C/CERRADURA DE LLAVE',' ','PZA','MXN',0.16,0.000000),('TZEST01N','MALETIN TECHZONE ESSENTIAL NYLON NEGRO 15.6\"',' ','PZA','MXN',0.16,0.000000),('U4414E','HHP 3Y NEXTBUSDAYONSITE NOTEBOOK ONLY SVC',' ','PZA','MXN',0.16,0.000000),('U4414E‏','HP 3Y NEXTBUSDAYONSITE NOTEBOOK ONLY SVC',' ','PZA','MXN',0.16,0.000000),('U4MA1E','HPE 3Y PC NBD EXCH 580X-48 SWT PDT SVC',' ','PZA','MXN',0.16,0.000000),('U4MJ5PE','HPE 1Y REN PC NBD EXCH 580X-48 ST PD SVC',' ','PZA','MXN',0.16,0.000000),('U6578E','U6578E EXTENSION GARANTIA HP 3 AÑOS DX2300- DX2400 9X5 ATN SIG DIA',' ','PZA','MXN',0.16,392.170000),('U6Z65E','HP 3Y NBD + DMR LJ PRO M521/435MFP SUPP',' ','PZA','MXN',0.16,0.000000),('U7986E','U7986E,HP INSTALLATION NAS/PROLIANT STORSVR SVC',' ','PZA','MXN',0.16,7839.280000),('U7AE8E','U7AE8E,HPE 3Y PC 24X7 DL380 GEN9 SVC',' ','PZA','MXN',0.16,20251.730000),('U8JL9E','HPE TOP OF RACK STARTUP SERVICE',' ','PZA','MXN',0.16,0.000000),('U8JT4E','U8JT4E,HPE 3Y FC NBD STORE 1450 SVC',' ','PZA','MXN',0.16,11213.610000),('U9BA7E','U9BA7E , HP 3Y NEXTBUSDAYONSITE NOTEBOOK ONLY SVC',' ','PZA','MXN',0.16,1122.910000),('UCS-EP-MDS9148S-1','SWITCH 12 ACTIVE PORTS 8G',' ','PZA','USD',0.16,0.000000),('UCS-MR-1X0','8GB DDR4-2133-MHZ RDIMM, NO. SERIE (SC03N00043839307370, SC03600043839300273, SC036000438392FFE38, SC03600043839300060, SC0360004383930025E, SC03600043839300262, SC03N00043839307F87, SC035000438392FDD36, SC03N0004383930867B, SC03600043839300064, SC03N0004','38393087A6, SC03N00043839308976)','PZA','USD',0.16,0.000000),('UCS-MR-1X081RU-A=','8GB DDR4-2133-MHZ RDIMM',' ','PZA','USD',0.16,0.000000),('UCS-SPR-C2','UCS C220M4S W/2XE52640V3',' ','PZA','USD',0.16,0.000000),('UCS-SPR-C220M4-V1','UCS C220M4S W/2XE52640V3',' ','PZA','USD',0.16,0.000000),('UE332E','HP 3 YEAR NEXT BUSINESS DAY ONSITE PLUS, DEFECTIVE MEDIA RETENTION DESKTOP ONLY',' ','PZA','USD',0.16,143.500000),('UHF440480','RADIO ANALÓGICO SUPER COMPACTO, 1.5 W, UHF 440-480 MHZ, 4 CANALES PRECONFIGURADOS Y REPROGRAMABLE',' ','PZA','USD',0.16,0.000000),('UK703E','UK703E, HP 3 YEAR NEXT BUSINESS DAY ONSITE NOTEBOOK ONLY SERVICE',' ','PZA','MXN',0.16,942.480000),('UK726E','HP 3 YEAR NEXT BUSINESS DAY ONSITE WITH ADP (ACCIDENTAL DAMAGE PROTECTION) NOTEBOOK ONLY SERVICE',' ','PZA','USD',0.16,1002.900000),('UL657E','HP 3 YEAR NEXT BUSINESS DAY ONSITE WITH DEFECTIVE MEDIA RETENTION COMMERCIAL NOTEBOOK ONLY SERVICE',' ','PZA','USD',0.16,492.330000),('UN32J4300AFXZX','TELEVISION LED SAMSUNG 32 SMART TV SERIE J4300, HD 1,366 X 768, WIDE COLOR, 2 HDMI, 1 USB',' ','PZA','MXN',0.16,0.000000),('UN55J5300AFXZX','TV LED 55\" SAMSUNG WIFI FHD 1920X1080 3HDMI/2USB',' ','PZA','MXN',0.16,0.000000),('UNIDOCKU33','BASE DE ACOPLAMIENTO PARA DISCO DURO DOCKING STATION USB 3.0',' ','PZA','MXN',0.16,0.000000),('UNIFORMES','COMISIONES CONTRATO FINCA ',' ','PZA','MXN',0.16,0.000000),('UP-DOWN BKT','6340516 LEDASC156A03 DISPLAY LED 15.6 SLIM 1366X768 40 PINS RIGHT CONN(13.6X7.6)',' ','PZA','MXN',0.16,0.000000),('UPC-315','UPC-315 MICA PROTECTORA PARA PANEL  ',' ','PZA','USD',0.16,22.000000),('UPC-V315-QM77-C','UPC-V315-QM77-C/R/2G-R10 PANEL PC INDUSTRIAL PANTALLA LCD DE 15”, RESOLUCIÓN DE 1024 X 768, PROTECCIÓN IP65 COMPLETA, CHASIS DE ALUMINIO DE FUNDICIÓN A PRESIÓN, BRILLO 400 CD/M², TOUCHCREEN RESISTIVO, PROCESADOR INTEL CELERON DUAL CORE @ 1.40 GHZ), (DOBLE',' NÚCLEO), FANLESS, 4 GB EN RAM, EXPANDIBLE A 8 GB, DISCO DE ESTADO SÓLIDO DE 120 GB, 1 X RS-422/485 (RJ-45), ','PZA','USD',0.16,1681.000000),('UX986E','HP 3 YEAR ONE TIME BATERRY REPLACEMENT FOR NOTEBOOK PRIMARY ORIGINAL BATERRY SERVICE',' ','PZA','USD',0.16,729.300000),('V11H265920','POWERLITE PRO Z8050WNL SIN LENTE, VIDEOPROYECTOR',' ','Pza','MXN',0.16,63815.460000),('V11H266920','POWERLITE PRO Z8000WUNL SIN LENTE, VIDEOPROYECTOR',' ','Pza','MXN',0.16,93813.710000),('V11H319320','POWERLITE PRESENTER L DVD / AUDIO INTEGRADO , VIDEOPROYECTOR',' ','Pza','MXN',0.16,4175.260000),('V11H335121','POWERLITE PRESENTER HD  DVD / AUDIO INTEGRADO, VIDEOPROYECTOR',' ','Pza','MXN',0.16,7215.770000),('V11H347020','POWERLITE G5650W CON LENTE STANDARD S05, VIDEOPROYECTOR',' ','Pza','MXN',0.16,28143.610000),('V11H373120','POWERLITE HOME CINEMA 8350, VIDEOPROYECTOR',' ','Pza','MXN',0.16,13499.900000),('V11H386020','POWERLITE 910W, VIDEOPROYECTOR',' ','Pza','MXN',0.16,9947.220000),('V11H421021','HOME CINEMA 3010+ 3D / AUDIO INTEGRADO / 2 LENTES, VIDEOPROYECTOR',' ','Pza','MXN',0.16,12267.320000),('V11H424020','POWERLITE 1870, VIDEOPROYECTOR',' ','Pza','MXN',0.16,11329.180000),('V11H447020','POWERLITE 420, VIDEOPROYECTOR',' ','Pza','MXN',0.16,9380.720000),('V11H448020','POWERLITE 425W, VIDEOPROYECTOR',' ','Pza','MXN',0.16,10751.860000),('V11H452021','POWERLITE BRIGHTLINK 485WI (INTERACTIVO), VIDEOPROYECTOR',' ','Pza','MXN',0.16,19844.640000),('V11H453021','POWERLITE BRIGHTLINK 475WI (INTERACTIVO), VIDEOPROYECTOR',' ','Pza','MXN',0.16,18034.020000),('V11H458820','POWERLITE PRO Z8255NL  SIN LENTE, VIDEOPROYECTOR',' ','Pza','MXN',0.16,86429.070000),('V11H459920','POWERLITE PRO Z8150NL  SIN LENTE, VIDEOPROYECTOR',' ','Pza','MXN',0.16,67675.570000),('V11H460920','POWERLITE PRO Z8350WNL  SIN LENTE, VIDEOPROYECTOR',' ','Pza','MXN',0.16,81537.010000),('V11H462820','POWERLITE PRO Z8455WUNL  SIN LENTE, VIDEOPROYECTOR',' ','Pza','MXN',0.16,138613.710000),('V11H469020','POWERLITE 430, VIDEOPROYECTOR',' ','Pza','MXN',0.16,10751.860000),('V11H471020','POWERLITE 1945W , VIDEOPROYECTOR',' ','Pza','MXN',0.16,19844.330000),('V11H473020','POWERLITE 1960, VIDEOPROYECTOR',' ','Pza','MXN',0.16,16958.040000),('V11H476020','POWERLITE 1776W, VIDEOPROYECTOR',' ','Pza','MXN',0.16,13710.620000),('V11H477020','POWERLITE 1771W, VIDEOPROYECTOR',' ','Pza','MXN',0.16,11942.580000),('V11H478120','POWERLITE 1761W, VIDEOPROYECTOR',' ','Pza','MXN',0.16,9813.710000),('V11H479120','POWERLITE 1751 , VIDEOPROYECTOR',' ','Pza','MXN',0.16,8153.920000),('V11H480520','POWERLITE BRIGHTLINK PRO 1410WI (SOPORTE NO INCLUIDO), VIDEOPROYECTOR',' ','Pza','MXN',0.16,21324.740000),('V11H493020','POWERLITE W16 3D (NO INCLUYE LENTES), VIDEOPROYECTOR',' ','Pza','MXN',0.16,8803.090000),('V11H501021','HOME CINEMA 3020+ 3D  / AUDIO INTEGRADO / 2 LENTES, VIDEOPROYECTOR',' ','Pza','MXN',0.16,19483.810000),('V11H509020','POWERLITE PRO G6150 CON LENTE STANDARD (S06), VIDEOPROYECTOR',' ','Pza','MXN',0.16,28865.260000),('V11H511020','POWERLITE PROG6050W CON LENTE STANDARD (S06), VIDEOPROYECTOR',' ','Pza','MXN',0.16,29586.910000),('V11H513020','POWERLITE PRO G6550WU CON LENTE STANDARD (S06), VIDEOPROYECTOR',' ','Pza','MXN',0.16,45463.200000),('V11H514020','POWERLITE PRO G6900WU CON LENTE STANDARD (S06), VIDEOPROYECTOR',' ','Pza','MXN',0.16,56287.940000),('V11H532020','POWERLITE PRO G6800 CON LENTE STANDARD (S06), VIDEOPROYECTOR',' ','Pza','MXN',0.16,41854.950000),('V11H535020','POWERLITE PRO G6450WU CON LENTE STANDARD (S06), VIDEOPROYECTOR',' ','Pza','MXN',0.16,34638.450000),('V11H536020','POWERLITE BRIGHTLINK 436WI+  (INTERACTIVO), VIDEOPROYECTOR',' ','Pza','MXN',0.16,14432.270000),('V11H540020','POWERLITE BRIGHTLINK 421I+  (INTERACTIVO), VIDEOPROYECTOR',' ','Pza','MXN',0.16,12628.140000),('V11H542020','POWERLITE PRO G6750WU CON LENTE STANDARD (S06), VIDEOPROYECTOR',' ','Pza','MXN',0.16,51958.040000),('V11H543120','POWERLITE 4855WU, VIDEOPROYECTOR',' ','Pza','MXN',0.16,31391.030000),('V11H544020','POWERLITE 4750W, VIDEOPROYECTOR',' ','Pza','MXN',0.16,23236.390000),('V11H546021','POWERLITE G5910, VIDEOPROYECTOR',' ','Pza','MXN',0.16,22370.410000),('V11H550021','POWERLITE W18+  TECN. WXGA , LISTO PARA INTERNET, VIDEOPROYECTOR',' ','Pza','MXN',0.16,8659.070000),('V11H552021','POWERLITE S18+  SIN MODULO WIFI, VIDEOPROYECTOR',' ','Pza','MXN',0.16,4906.490000),('V11H553021','POWERLITE X24+ , VIDEOPROYECTOR',' ','Pza','MXN',0.16,7215.770000),('V11H561020','POWERLITE HOME CINEMA 2030  (NO INCLUYE LENTES), VIDEOPROYECTOR',' ','Pza','MXN',0.16,11220.930000),('V11H562020','POWERLITE HOME CINEMA 2000 (NO INCLUYE LENTES), VIDEOPROYECTOR',' ','Pza','MXN',0.16,10824.020000),('V11H565020','POWERLITE 935W, VIDEOPROYECTOR',' ','Pza','MXN',0.16,12988.970000),('V11H571020','POWERLITE X21, VIDEOPROYECTOR',' ','Pza','MXN',0.16,6401.030000),('V11H573020','POWERLITE W17 STULA22, VIDEOPROYECTOR',' ','Pza','MXN',0.16,6215.460000),('V11H577020','POWERLITE 98, VIDEOPROYECTOR',' ','Pza','MXN',0.16,7143.610000),('V11H578020','POWERLITE 99W, VIDEOPROYECTOR',' ','Pza','MXN',0.16,8226.080000),('V11H582020','POWERLITE 955W, VIDEOPROYECTOR',' ','Pza','MXN',0.16,9380.720000),('V11H583020','POWERLITE 965, VIDEOPROYECTOR',' ','Pza','MXN',0.16,9380.720000),('V11H585020','HOME CINEMA 5030UB (INCLUYE 2 LENTES), VIDEOPROYECTOR',' ','Pza','MXN',0.16,28143.610000),('V11H587020','HOME CINEMA 6030UB (INCLUYE 2 LENTES), VIDEOPROYECTOR',' ','Pza','MXN',0.16,28865.260000),('V11H589020','HOME CINEMA 4030 (INCLUYE 2 LENTES), VIDEOPROYECTOR',' ','Pza','MXN',0.16,23813.710000),('V11H719021','VIDEOPROYECTOR EPSON POWERLITE S31+ ',' ','PZA','MXN',0.16,5528.000000),('V1H52LA#ABM','HP ELITEBOOK 820 G3/ CORE I5 6300U / 8GB / 500 GB HDD / 12.5 PULG / WIN10 DG 7 64 BITS/ 3/3/3',' ','PZA','MXN',0.16,0.000000),('VA2037M-LED','MONITOR VIEWSONIC LED 20\" (19.5) WIDE 1600X900 10K:1 DIGITAL DVI-D CON BOCINAS',' ','PZA','MXN',0.16,0.000000),('VA2212M-LED','MONITOR LED 22\" 1920X1 FULL HD, 10M:1 VGA/DVI BOCINAS',' ','PZA','MXN',0.16,0.000000),('VC-583','VC-583,T.DE VIDEO PNY PCIE X16 2.0 QUADRO K620 SINGLE SLOT, LOW PROFILE',' ','PZA','USD',0.16,0.000000),('VCQK620','VCQK620-ESPPB, VIDEO CARD PNY NVIDIA QUADRO K620, 2GB 384 NUCLEOS DVI-DL+DP ',' ','PZA','MXN',0.16,0.000000),('VIÁTICOS','VIÁTICOS',' ','PZA','USD',0.16,263.440000),('VP-503-SOC','VIDEOPROYECTOR EPSON POWERLITE 965H, XGA, 3500 LUMENES, RED, WI-FI OPCIONAL, 3LCD, HDMI',' ','PZA','MXN',0.16,0.000000),('VPL-DX127','ADAPTADOR CABLE HIS QUICK DISCONECT (PARA TELEFONOS AVAYA)',' ','PZA','MXN',0.16,0.000000),('VPL-DX142XGA ','VIDEOPROYECTOR SONY VPL-DX142XGA 3200 LUMENS10,000 HRS 3LCD/BRIGHTERA/HDMI/CON MALETIN Y CONTROL',' ','PZA','MXN',0.16,0.000000),('VTH1560B','VTH1560B, VIDEOPORTERO IP TFT LCD DE 7 PULGADAS/ RED 10/100MBPS/ POE/ RANURA SD/ PANTALLA TOUCH CAPACITIVA',' ','PZA','MXN',0.16,0.000000),('W3J61LT#ABM','	HP PROBOOK 645 A10-8700B 14.0 8GB/1T PC AMD A10-8700B, 14.0 HD AG LED SVA, UMA, 8GB DDR3L RAM, 1.0TB HDD, DVD+/-RW, BT, 3C BATTERY, FPR, WIN 10 PRO 64 DG WIN 7 64, 3YR WARRANTY LATIN AMERICA - (120V)SPANISH LOCAL',' ','PZA','MXN',0.16,0.000000),('W6B85LT','W6B85LT,HP 250 I3-5005U 15.6 4GB/1T PC',' ','PZA','MXN',0.16,10155.550000),('W6B86LTBITDEF','W6B86LTBITDEF, HP 250 G5,INTEL® CORE™ I3-5005U ,WINDOWS® 10 PROFESSIONAL 64,NO,BGN 1X1 +BT 4.0 WW,8GB (1X8GB) 1600 DDR3L,HDD 1TB 5400RPM FIXED,LCD 15.6 LED HD SVA AG SLIM,DVD±RW SUPERMULTI DL DRIVE,1/1/0',' ','PZA','MXN',0.16,12433.000000),('W6B92LTBITDEF','PORTATIL HP PROBOOK 440 CI5-6200U 14¨ 12GB 1TB WIN 10 PRO 64 ',' ','PZA','MXN',0.16,0.000000),('W6B93LTBITDEF','W6B93LTBITDEF, HP PROBOOK 450 G3,INTEL® CORE™ I5-6200U ,W10P6 DG W7P6,AMD RADEON™ R7 M340,RT RTL8723BE BGN 1X1 +BT 4.0 LE WW,12GB 1600 2DM ,HDD 1TB 5400RPM,LCD 15.6 LED HD SVA AG F/CAM FLAT 1ANT,ODD DVDROM 9.5 TRAY,1/1/0		',' ','PZA','MXN',0.16,16475.360000),('W6F-00208','OFF MAC HOME BUSINESS 1PK 2011 ENGLISH LATAM EM NOT TO PUERTO RICO DVD',' ','Pza','MXN',0.16,2724.750000),('W6F-00209','OFF MAC HOME BUSINESS 1PK 2011 SPANISH LATAM EM NOT TO PUERTO RICO DVD',' ','Pza','MXN',0.16,3059.880000),('W730','W730. 83543-11 OVER-THE-EAR FOR UC, DECT 6.0 ',' ','PZA','MXN',0.16,5434.280000),('WAP300N-LA','LINKSYS ACCESS POINT INALAMBRIC DOBLE BANDA N300',' ','PZA','MXN',0.16,0.000000),('WD5000LPLX','DISCO DURO INTERNO WD BLACK 500GB, 2.5\" SATA 6GB/S,7200 RPM,32M',' ','PZA','MXN',0.16,0.000000),('WDBWLG0040HBK-NESN','DD EXT ESCRITORIO 4TB WD ELEMENTS NEGRO 3.5/USB3.0/WIN',' ','PZA','MXN',0.16,0.000000),('WMP1E','WMP1E, ORG.HORIZONTAL DOBLE 2 UR',' ','PZA','USD',0.16,48.770000),('WMPF1E','WMPF1E, ORG.HORIZONTAL SENCILLO 2 UR',' ','PZA','USD',0.16,30.040000),('WMPV45E','WMPV45E, ORG.VERTICAL DOBLE 45 UR',' ','PZA','USD',0.16,178.940000),('WN7-00578','WIN 8.1 32-BIT/64-BIT ENGLISH DVD',' ','Pza','MXN',0.16,1554.910000),('WN7-00943','WIN 8.1 32-BIT/64-BIT SPANISH DVD',' ','Pza','MXN',0.16,1548.150000),('WS-C2960+24PC-L','WS-C2960+24PC-L, CATALYST 2960 PLUS 24 10/100 POE + 2 T/SFP LAN BASE',' ','PZA','USD',0.16,1272.450000),('WS-C2960+24TC-L','CATALYST 2960 PLUS 24 10/100 + 2T/SFP LAN BASE',' ','PZA','USD',0.16,660.450000),('WS-C296024TC','CATALYST 2960 PLUS 24 SFOC1910Z249',' ','PZA','MXN',0.16,0.000000),('WS-C2960X-24PS-L','CATALYST 2960-X 24 GIGE POE 370W, 4 X 1G SFP, LAN BASE',' ','PZA','USD',0.16,1551.140000),('WS-C2960X-48FPS-L','WS-C2960X-48FPS-L,CATALYST 2960-X 48 GIGE P',' ','PZA','USD',0.16,3282.070000),('WV-CP314P','WV-CP314P, ANALOG DAY/NIGHT ANALOG BOX CAMERA WITH FOCUS ASSIST, ATW, ELECTRIC SENSITIVTY (32X), 24 VAC/12 VDC POWER',' ','PZA','USD',0.16,73.920000),('WV-CU950P','WV-CU950P, ETHERNET SYSTEM CONTROLLER FOR ASC970/ASM200',' ','PZA','USD',0.16,980.000000),('WV-CW594AP','WV-CW594AP, OUTDOOR PTZ ANALOG CAMERA WITH RAIN RESISTANT DOME (36X ZOOM)',' ','PZA','USD',0.16,1032.420000),('X340A11G','CARTUCHO TONER LEXMARK PRENATE X342N',' ','PZA','MXN',0.16,0.000000),('X340H22G','X340H22G,KIT FOTOCONDUCTOR LEXMARK X342N		',' ','PZA','MXN',0.16,1275.080000),('X3S72LT','X3S72LT,HP PROBOOK 450 I5-6200U 15.6 8GB/1T PC',' ','PZA','MXN',0.16,12945.170000),('X3T05LA','X3T05LA, HP PROBOOK 450 I5-6200U 15.6 8GB/1T PC',' ','PZA','MXN',0.16,12268.560000),('X8700_I581TBW8S','DELL X8700, CORE I5, 8 GB, 1TB, WINDOWS 8',' ','Pza','MXN',0.16,10990.000000),('XBOX 360','CONSOLA XBOX 360 4GB',' ','PZA','MXN',0.16,0.000000),('XEI-3220_DN','MFC XEROX 3220 30 PPM /MONOC./ESC/IMP CON GAR DE 2 AÑOS, SERIE (UAK526897)',' ','PZA','MXN',0.16,0.000000),('XEROX','CAJA DE PAPEL CON 89% A 90% BLANCURA',' ','PZA','MXN',0.16,0.000000),('XEROX ECOLOGICO ','CAJA DE PAPEL XEROX ECOLOGICO DE 89%-90% BLANCURA',' ','PZA','MXN',0.16,349.000000),('Z0PG009P2','COMPUTADORA ESCRITORIO IMC 27 I7/8GB/1TB SERIES ',' ','PZA','MXN',0.16,0.000000),('Z0PK MACPRO','PROCESADOR (065-C246) - 6 NÚCLEOS A 3.5 GHZ, CON 12 DE CACHÉ NIVEL 3, MEMORIA (065-C144) - 32 GB DE DDR3 ECC Y 1866 MHZ - 4X8GB, ALMACENAMIENTO - 512GB',' ','PZA','MXN',0.16,0.000000),('Z0PK0033U','COMPUTADORA ESCRITORIO MAC PRO 32GB/512GB SOLUCION',' ','PZA','MXN',0.16,0.000000),('Z0QN','Z0QN,MACBOOK PRO RETINA 13,(065-C2Q1) - CORE I5 DE INTEL DE DOBLE NÚCLEO A 2,7 GHZ (TURBO BOOST HASTA 3,1 GHZ),(065-C2Q6) - 16GB DE LPDDR3 SDRAM Y 1866 MHZ,(065-C2Q9) - 256 GB DE ALMACENAMIENTO FLASH PCIE,(065-C2Q7) - IRIS GRAPHICS 6100 DE INTEL,(065-C304',') - FORCE TOUCH TRACKPAD,(E065-C2T0) - TECLADO RETROILUMINADO (ESPAÑOL) / GUÍA DEL USUARIO (ESPAÑOL)','PZA','MXN',0.16,26090.000000),('Z0QP','Z0QP, (065-C2Q3) - CORE I7 DE INTEL DE DOBLE NÚCLEO A 3,1 GHZ (TURBO BOOST HASTA 3,4 GHZ),(065-C2Q6) - 16GB DE LPDDR3 SDRAM Y 1866 MHZ,(065-C2QC) - 512 GB DE ALMACENAMIENTO FLASH PCIE,(065-C2Q7) - IRIS GRAPHICS 6100 DE INTEL, (065-C304) - FORCE TOUCH TRAC','KPAD, (E065-C2T0) - TECLADO RETROILUMINADO (ESPAÑOL) / GUÍA DEL USUARIO (ESPAÑOL)','PZA','MXN',0.16,34299.000000),('Z0RG','Z0RG00069, MBP15RET/2.8GHZ/16GB/1TB/SOLUCIONES DE IMPRESION',' ','PZA','MXN',0.16,0.000000),('Z0RP','Z0RP , IMAC DE 21.5 PULGADASPROCESADOR (065-C362), CORE I5 DE INTEL DE DOBLE NÚCLEO A 1,6 GHZ ( TURBO BOOST  HASTA 2,7 GHZ 16 GB DISCO SERIAL ATA DE 1TB ,CON TECLADO ALAMBRICO  EXTENDIDO Y MOUSE ALAMBRICO. ',' ','PZA','MXN',0.16,20556.610000),('Z0RR','IMAC 21.5” ES PROCESADOR INTEL CORE I5 QC A 2.8 GHZ CON 1TB FUSION DRIVE Y 16 GB RAM, TECLADO ESPAÑOL ALAMBRICO EXTENDIDO, MOUSE INALAMBRICO',' ','PZA','MXN',0.16,23355.750000),('Z0RT','Z0RT, IMAC 27 \" CORE I5 INTEL DE CUATRO NUCLEOS A 3, 2 GHZ ( TURBO BOOST HASTA 3,6 GHZ MEMORIA 16 GB DE DDR3 DISCO SERIAL ATA DE 1 TB 		',' ','PZA','MXN',0.16,31999.000000),('Z0SC','Z0SC, PROCESADOR: (065-C3F6) - CORE I5 DE INTEL DE CUATRO NUCLEOS A 3,3 GHZ ( TURBO BOOST HASTA 3,9 GHZ), MEMORIA: (065-C3FH)- 16 GB DE LPDDR3 SDRAM Y 1867 MHZ - 2X8 GB, ALMACENAMIENTO: ( 065- C3EV) - FUSION DRIVE DE 2 TB, GRAFICOS: (065-C3EC) - AMD RADEO','N R9 M395 WITH 2GB GDDR5, MOUSE Y TRACKPAD: ( 065-C36H) - APPLE MAGIC MOUSE 2, TECLADO DE APPLE Y DOCUMENTACION: (E065-C375) - APPLE MAGIC KEYBOARD (ESPAÑOL) GUIA DEL USUARIO ( ESPAÑOL)		','PZA','MXN',0.16,39180.000000),('Z0SD','Z0SD,(065-C3F7) - CORE I7 DE INTEL DE CUATRO NÚCLEOS A 4,0 GHZ (TURBO BOOST HASTA 4,2 GHZ), (065-C3FH) - 16 GB DE DDR3 SDRAM Y 1867 MHZ - 2X8 GB, (065-C3FT) - FUSION DRIVE DE 1 TB, (065-C3F9) - AMD RADEON R9 M390 WITH 2GB GDDR5, (065-C36H) - APPLE MAGIC M','OUSE 2, (E065-C377) - TECLADO APPLE CON TECLADO NUMÉRICO (ESPAÑOL) / GUÍA DEL USUARIO (ESPAÑOL)','PZA','MXN',0.16,39592.000000),('Z32-00000200US00','Z32-00000200US00,ZEBRACARD, ENHANCED ZXP SERIES 3 DUAL-SIDED CARD PRINTER, USB, US CORD, ZXP3',' ','PZA','MXN',0.16,0.000000),('ZA0B0004MX','MTABLET LENOVO YT-850M, EBONY BLACK, QUAD CORE 1.1GHZ, 1GB MEMORIA RAM, 16GBDISCO DURO, PANTALLA 8\" TOUCH, ANDROID 5.0 LOLLIPOP, WIFI 802.11 A/B/G/N, WIFI/LTE, BLUTOOTH 4.0',' ','PZA','MXN',0.16,2694.280000),(' MLT-D119S     ','TONER PARA IMPRESORA SAMSUNG NO. MLT-D119S ',' ','PZA','MXN',0.16,0.000000);
/*!40000 ALTER TABLE `crm_item` ENABLE KEYS */;
UNLOCK TABLES;

--
-- Table structure for table `crm_model`
--

DROP TABLE IF EXISTS `crm_model`;
/*!40101 SET @saved_cs_client     = @@character_set_client */;
/*!40101 SET character_set_client = utf8 */;
CREATE TABLE `crm_model` (
  `crm_model_id` int(11) NOT NULL,
  `crm_brand_id` int(11) NOT NULL,
  `crm_business_line_id` int(11) NOT NULL,
  `description` varchar(45) DEFAULT NULL,
  PRIMARY KEY (`crm_model_id`),
  KEY `pk_crm_model_id` (`crm_model_id`),
  KEY `fk_crm_brand_id_idx` (`crm_brand_id`),
  CONSTRAINT `fk_crm_brand_id` FOREIGN KEY (`crm_brand_id`) REFERENCES `crm_brand` (`crm_brand_id`) ON DELETE NO ACTION ON UPDATE NO ACTION
) ENGINE=InnoDB DEFAULT CHARSET=latin1;
/*!40101 SET character_set_client = @saved_cs_client */;

--
-- Dumping data for table `crm_model`
--

LOCK TABLES `crm_model` WRITE;
/*!40000 ALTER TABLE `crm_model` DISABLE KEYS */;
/*!40000 ALTER TABLE `crm_model` ENABLE KEYS */;
UNLOCK TABLES;

--
-- Table structure for table `crm_mvs_contact`
--

DROP TABLE IF EXISTS `crm_mvs_contact`;
/*!40101 SET @saved_cs_client     = @@character_set_client */;
/*!40101 SET character_set_client = utf8 */;
CREATE TABLE `crm_mvs_contact` (
  `crm_client_id` int(11) NOT NULL,
  `crm_contact_id` int(11) NOT NULL,
  KEY `fk_crm_mvs_contact_crm_client1_idx` (`crm_client_id`),
  KEY `fk_crm_mvs_contact_crm_contact1_idx` (`crm_contact_id`),
  CONSTRAINT `fk_crm_mvs_contact_crm_client12` FOREIGN KEY (`crm_client_id`) REFERENCES `crm_client` (`crm_client_id`) ON DELETE NO ACTION ON UPDATE NO ACTION,
  CONSTRAINT `fk_crm_mvs_contact_crm_contact12` FOREIGN KEY (`crm_contact_id`) REFERENCES `crm_contact` (`crm_contact_id`) ON DELETE NO ACTION ON UPDATE NO ACTION
) ENGINE=InnoDB DEFAULT CHARSET=utf8;
/*!40101 SET character_set_client = @saved_cs_client */;

--
-- Dumping data for table `crm_mvs_contact`
--

LOCK TABLES `crm_mvs_contact` WRITE;
/*!40000 ALTER TABLE `crm_mvs_contact` DISABLE KEYS */;
INSERT INTO `crm_mvs_contact` VALUES (12,11);
/*!40000 ALTER TABLE `crm_mvs_contact` ENABLE KEYS */;
UNLOCK TABLES;

--
-- Table structure for table `crm_opportunities`
--

DROP TABLE IF EXISTS `crm_opportunities`;
/*!40101 SET @saved_cs_client     = @@character_set_client */;
/*!40101 SET character_set_client = utf8 */;
CREATE TABLE `crm_opportunities` (
  `crm_client_id` int(11) NOT NULL,
  `crm_diagnosis_id` int(11) NOT NULL,
  `comments` varchar(255) DEFAULT NULL,
  `next_step` varchar(255) DEFAULT NULL,
  PRIMARY KEY (`crm_client_id`,`crm_diagnosis_id`)
) ENGINE=InnoDB DEFAULT CHARSET=latin1;
/*!40101 SET character_set_client = @saved_cs_client */;

--
-- Dumping data for table `crm_opportunities`
--

LOCK TABLES `crm_opportunities` WRITE;
/*!40000 ALTER TABLE `crm_opportunities` DISABLE KEYS */;
INSERT INTO `crm_opportunities` VALUES (1,1,'Comentarios','Proximos pasos');
/*!40000 ALTER TABLE `crm_opportunities` ENABLE KEYS */;
UNLOCK TABLES;

--
-- Table structure for table `crm_position`
--

DROP TABLE IF EXISTS `crm_position`;
/*!40101 SET @saved_cs_client     = @@character_set_client */;
/*!40101 SET character_set_client = utf8 */;
CREATE TABLE `crm_position` (
  `id_position` int(11) NOT NULL,
  `position` varchar(45) NOT NULL,
  PRIMARY KEY (`id_position`)
) ENGINE=InnoDB DEFAULT CHARSET=utf8;
/*!40101 SET character_set_client = @saved_cs_client */;

--
-- Dumping data for table `crm_position`
--

LOCK TABLES `crm_position` WRITE;
/*!40000 ALTER TABLE `crm_position` DISABLE KEYS */;
INSERT INTO `crm_position` VALUES (1,'Director'),(2,'Gerente'),(3,'Jefe'),(4,'Comprador'),(5,'Tesorero'),(6,'Soporte'),(7,'Redes'),(8,'Infraestructura'),(9,'Desarrollo');
/*!40000 ALTER TABLE `crm_position` ENABLE KEYS */;
UNLOCK TABLES;

--
-- Table structure for table `crm_quotation`
--

DROP TABLE IF EXISTS `crm_quotation`;
/*!40101 SET @saved_cs_client     = @@character_set_client */;
/*!40101 SET character_set_client = utf8 */;
CREATE TABLE `crm_quotation` (
  `crm_quotation_id` int(11) NOT NULL,
  `crm_address_id` int(11) NOT NULL,
  `crm_client_id` int(11) NOT NULL,
  `currency` varchar(3) DEFAULT NULL,
  `exchange_rate` decimal(12,2) DEFAULT NULL,
  `crm_user_id` int(11) NOT NULL,
  `date_created` datetime DEFAULT NULL,
  `closing_date` datetime DEFAULT NULL,
  PRIMARY KEY (`crm_quotation_id`),
  KEY `fk_crm_quotation_crm_users1_idx` (`crm_user_id`),
  KEY `fk_crm_quotation_crm_address1_idx` (`crm_address_id`),
  KEY `fk_crm_quotation_crm_contact1_idx` (`crm_client_id`),
  CONSTRAINT `fk_crm_quotation_crm_address1` FOREIGN KEY (`crm_address_id`) REFERENCES `crm_address` (`crm_address_id`) ON DELETE NO ACTION ON UPDATE NO ACTION,
  CONSTRAINT `fk_crm_quotation_crm_client` FOREIGN KEY (`crm_client_id`) REFERENCES `crm_client` (`crm_client_id`) ON DELETE NO ACTION ON UPDATE NO ACTION,
  CONSTRAINT `fk_crm_quotation_crm_users1` FOREIGN KEY (`crm_user_id`) REFERENCES `crm_user` (`crm_user_id`) ON DELETE NO ACTION ON UPDATE NO ACTION
) ENGINE=InnoDB DEFAULT CHARSET=utf8;
/*!40101 SET character_set_client = @saved_cs_client */;

--
-- Dumping data for table `crm_quotation`
--

LOCK TABLES `crm_quotation` WRITE;
/*!40000 ALTER TABLE `crm_quotation` DISABLE KEYS */;
INSERT INTO `crm_quotation` VALUES (0,17,7,'MXN',0.00,2,'2017-01-23 12:46:27',NULL),(1,2,1,'MXN',0.00,2,'2017-01-24 00:00:00',NULL),(9,5,1,'MXN',0.00,2,'2017-01-25 00:00:00',NULL),(13,2,1,'MXN',0.00,2,'2017-01-26 00:00:00',NULL),(14,2,1,'MXN',0.00,2,'2017-01-27 00:00:00',NULL),(15,2,1,'MXN',0.00,2,'2017-01-27 00:00:00',NULL),(16,2,1,'MXN',0.00,2,'2017-01-26 00:00:00',NULL),(17,2,8,'MXN',0.00,2,'2017-01-25 00:00:00',NULL),(23,2,1,'MXN',0.00,2,'2017-01-24 00:00:00',NULL),(32,2,1,'MXN',0.00,2,'2017-01-23 00:00:00',NULL),(34,2,1,'USD',0.00,2,'2017-01-23 00:00:00',NULL),(36,2,1,'MXN',0.00,2,'2017-01-23 00:00:00',NULL),(37,1,1,'MXN',0.00,2,'2017-01-24 00:00:00',NULL),(38,2,7,'MXN',0.00,2,'2017-01-24 00:00:00',NULL),(40,2,1,'MXN',0.00,2,'2017-01-25 00:00:00',NULL),(41,11,9,'MXN',0.00,2,'2017-01-25 12:30:12',NULL),(42,18,12,'MXN',0.00,2,'2017-01-26 17:35:38',NULL),(47,2,1,'MXN',0.00,2,'2017-01-23 17:28:20','2017-01-24 00:00:00'),(49,17,7,'MXN',0.00,2,'2017-01-30 00:52:20','2017-01-11 00:00:00'),(50,18,8,'MXN',0.00,2,'2017-01-31 10:04:49','2017-01-21 00:00:00'),(51,17,7,'MXN',0.00,2,'2017-01-31 12:15:22','2017-02-02 00:00:00'),(52,17,7,'MXN',0.00,2,'2017-01-31 12:15:22','2017-02-02 00:00:00');
/*!40000 ALTER TABLE `crm_quotation` ENABLE KEYS */;
UNLOCK TABLES;

--
-- Table structure for table `crm_quotation_detail`
--

DROP TABLE IF EXISTS `crm_quotation_detail`;
/*!40101 SET @saved_cs_client     = @@character_set_client */;
/*!40101 SET character_set_client = utf8 */;
CREATE TABLE `crm_quotation_detail` (
  `crm_quotation_id` int(11) NOT NULL,
  `crm_item_id` varchar(45) NOT NULL,
  `warranty` varchar(45) DEFAULT NULL,
  `unit_price` decimal(12,2) DEFAULT NULL,
  `margin` decimal(12,2) DEFAULT NULL,
  `quantity` int(11) DEFAULT NULL,
  `estimatedShipping` varchar(45) DEFAULT NULL,
  PRIMARY KEY (`crm_quotation_id`,`crm_item_id`),
  KEY `fk_crm_quotation_detail_crm_item1_idx` (`crm_item_id`),
  CONSTRAINT `fk_crm_quotation_detail_crm_item1` FOREIGN KEY (`crm_item_id`) REFERENCES `crm_item` (`crm_item_id`) ON DELETE NO ACTION ON UPDATE NO ACTION,
  CONSTRAINT `fk_crm_quotation_detail_crm_quotation_id1` FOREIGN KEY (`crm_quotation_id`) REFERENCES `crm_quotation` (`crm_quotation_id`) ON DELETE NO ACTION ON UPDATE NO ACTION
) ENGINE=InnoDB DEFAULT CHARSET=utf8;
/*!40101 SET character_set_client = @saved_cs_client */;

--
-- Dumping data for table `crm_quotation_detail`
--

LOCK TABLES `crm_quotation_detail` WRITE;
/*!40000 ALTER TABLE `crm_quotation_detail` DISABLE KEYS */;
INSERT INTO `crm_quotation_detail` VALUES (0,' 960-000947','1 mes',3932.00,3.00,1,'1 semana'),(1,'1','1',1.00,5.00,1,'1'),(9,'1','1',1.00,6.00,1,'1'),(13,'10A6A0HGLS','1 mes',13456.00,7.00,1,'2 - 3 semanas'),(14,'10A6A0HGLS','1 mes',13456.00,8.00,1,'2 - 3 semanas'),(15,' 960-000947','1 mes',12134.00,9.00,1,'2-3 semanas'),(16,' 960-000947','1 mes',12134.00,4.00,1,'2-3 semanas'),(17,' 960-000947','1 mes',12134.00,2.00,1,'2-3 semanas'),(23,'pruebanva1','1 mes',120.32,3.00,1,'1 semana'),(32,' 960-000947','1 mes',120.32,4.00,9,'1 semana'),(34,' 960-000947','1 mes',120.32,5.00,1,'1 semana'),(36,' 960-000947','1 mes',120.32,6.00,1,'1 semana'),(37,' 960-000947','1 mes',120.32,7.00,1,'1 semana'),(38,' 960-000947','1 mes',120.32,8.00,1,'1 semana'),(40,' 944011L','1 mes',120.32,9.00,1,'1 semana'),(41,' 960-000947','1 mes',120.32,8.00,1,'1 semana'),(42,' 944011L','1 mes',120.32,7.00,1,'1 semana'),(42,' 960-000947','1',1.00,6.00,1,'1 semana'),(47,' 960-000947','2 meses',12454.40,10.00,6,'2 - 3 semanas'),(49,' 9930069','2 meses',9898.00,4.00,2,'2 - 3 semanas'),(49,'O302MCI3S450W7P3W','1 mes',342.30,12.00,1,'1 semana'),(50,'AD1022711','N/A',9898.00,4.00,1,'N/A'),(51,' 960-000947','2 meses',9898.00,4.00,1,'2 - 3 semanas'),(52,' 960-000947','2 meses',9898.00,4.00,1,'2 - 3 semanas');
/*!40000 ALTER TABLE `crm_quotation_detail` ENABLE KEYS */;
UNLOCK TABLES;

--
-- Table structure for table `crm_reg_req`
--

DROP TABLE IF EXISTS `crm_reg_req`;
/*!40101 SET @saved_cs_client     = @@character_set_client */;
/*!40101 SET character_set_client = utf8 */;
CREATE TABLE `crm_reg_req` (
  `client_id` int(11) NOT NULL,
  `id_requirement` int(11) NOT NULL,
  `path` varchar(255) DEFAULT NULL,
  `load_date` date DEFAULT NULL,
  `id_user` int(11) DEFAULT NULL,
  PRIMARY KEY (`client_id`,`id_requirement`),
  KEY `fk_reg_req_idx` (`id_user`),
  KEY `fk_requirement_2_idx` (`id_requirement`),
  CONSTRAINT `fk_requirement_2` FOREIGN KEY (`id_requirement`) REFERENCES `crm_requirement` (`id_requeriment`) ON DELETE NO ACTION ON UPDATE NO ACTION
) ENGINE=InnoDB DEFAULT CHARSET=latin1;
/*!40101 SET character_set_client = @saved_cs_client */;

--
-- Dumping data for table `crm_reg_req`
--

LOCK TABLES `crm_reg_req` WRITE;
/*!40000 ALTER TABLE `crm_reg_req` DISABLE KEYS */;
/*!40000 ALTER TABLE `crm_reg_req` ENABLE KEYS */;
UNLOCK TABLES;

--
-- Table structure for table `crm_registration_requirement`
--

DROP TABLE IF EXISTS `crm_registration_requirement`;
/*!40101 SET @saved_cs_client     = @@character_set_client */;
/*!40101 SET character_set_client = utf8 */;
CREATE TABLE `crm_registration_requirement` (
  `crm_registration_requirement_id` int(11) NOT NULL,
  `document_path` varchar(255) DEFAULT NULL,
  `crm_client_id` int(11) NOT NULL,
  PRIMARY KEY (`crm_registration_requirement_id`),
  KEY `fk_registration_requirement_crm_client1_idx` (`crm_client_id`),
  CONSTRAINT `fk_registration_requirement_crm_client1` FOREIGN KEY (`crm_client_id`) REFERENCES `crm_client` (`crm_client_id`) ON DELETE NO ACTION ON UPDATE NO ACTION
) ENGINE=InnoDB DEFAULT CHARSET=utf8;
/*!40101 SET character_set_client = @saved_cs_client */;

--
-- Dumping data for table `crm_registration_requirement`
--

LOCK TABLES `crm_registration_requirement` WRITE;
/*!40000 ALTER TABLE `crm_registration_requirement` DISABLE KEYS */;
/*!40000 ALTER TABLE `crm_registration_requirement` ENABLE KEYS */;
UNLOCK TABLES;

--
-- Table structure for table `crm_requirement`
--

DROP TABLE IF EXISTS `crm_requirement`;
/*!40101 SET @saved_cs_client     = @@character_set_client */;
/*!40101 SET character_set_client = utf8 */;
CREATE TABLE `crm_requirement` (
  `id_requeriment` int(11) NOT NULL,
  `requirement` varchar(100) DEFAULT NULL,
  PRIMARY KEY (`id_requeriment`)
) ENGINE=InnoDB DEFAULT CHARSET=latin1;
/*!40101 SET character_set_client = @saved_cs_client */;

--
-- Dumping data for table `crm_requirement`
--

LOCK TABLES `crm_requirement` WRITE;
/*!40000 ALTER TABLE `crm_requirement` DISABLE KEYS */;
INSERT INTO `crm_requirement` VALUES (1,'Acta constitutiva'),(2,'RFC'),(3,'R1'),(4,'COMPROBANTE DE DOMICILIO'),(5,'ESTADOS FINANCIEROS'),(6,'FORMATO ESPECIAL'),(7,'ID REPRESENTANTE LEGAL'),(8,'CARATULA CUENTA BANCO');
/*!40000 ALTER TABLE `crm_requirement` ENABLE KEYS */;
UNLOCK TABLES;

--
-- Table structure for table `crm_run_rate`
--

DROP TABLE IF EXISTS `crm_run_rate`;
/*!40101 SET @saved_cs_client     = @@character_set_client */;
/*!40101 SET character_set_client = utf8 */;
CREATE TABLE `crm_run_rate` (
  `crm_run_rate_id` int(11) NOT NULL,
  `crm_diagnosis_id` int(11) DEFAULT NULL,
  `cmr_client_id` int(11) DEFAULT NULL,
  `crm_run_rate_type` int(11) DEFAULT NULL,
  `crm_brand_id` varchar(45) DEFAULT NULL,
  `crm_model_id` varchar(45) DEFAULT NULL,
  `qty` int(11) DEFAULT NULL,
  `frequency` varchar(45) DEFAULT NULL,
  `other` varchar(255) DEFAULT NULL,
  PRIMARY KEY (`crm_run_rate_id`),
  KEY `crm_runrate_id` (`crm_run_rate_id`),
  KEY `crm_diagnosis_id_idx` (`crm_diagnosis_id`),
  KEY `crm_client_id_idx` (`cmr_client_id`),
  KEY `crm_brand_id_idx` (`crm_brand_id`),
  KEY `crm_model_id_idx` (`crm_model_id`),
  KEY `crm_run_rate_type_idx` (`crm_run_rate_type`),
  CONSTRAINT `crm_client_id` FOREIGN KEY (`cmr_client_id`) REFERENCES `crm_client` (`crm_client_id`) ON DELETE NO ACTION ON UPDATE NO ACTION,
  CONSTRAINT `crm_diagnosis_id` FOREIGN KEY (`crm_diagnosis_id`) REFERENCES `crm_bl_details` (`crm_diagnosis_id`) ON DELETE NO ACTION ON UPDATE NO ACTION,
  CONSTRAINT `crm_run_rate_type` FOREIGN KEY (`crm_run_rate_type`) REFERENCES `crm_run_rate_type` (`crm_run_rate_type_id`) ON DELETE NO ACTION ON UPDATE NO ACTION
) ENGINE=InnoDB DEFAULT CHARSET=latin1;
/*!40101 SET character_set_client = @saved_cs_client */;

--
-- Dumping data for table `crm_run_rate`
--

LOCK TABLES `crm_run_rate` WRITE;
/*!40000 ALTER TABLE `crm_run_rate` DISABLE KEYS */;
INSERT INTO `crm_run_rate` VALUES (1,2,1,1,NULL,NULL,500,'mensual',NULL),(2,2,1,6,NULL,NULL,NULL,NULL,'estan por licitar concurso de reparacion de sucursales');
/*!40000 ALTER TABLE `crm_run_rate` ENABLE KEYS */;
UNLOCK TABLES;

--
-- Table structure for table `crm_run_rate_type`
--

DROP TABLE IF EXISTS `crm_run_rate_type`;
/*!40101 SET @saved_cs_client     = @@character_set_client */;
/*!40101 SET character_set_client = utf8 */;
CREATE TABLE `crm_run_rate_type` (
  `crm_run_rate_type_id` int(11) NOT NULL,
  `name` varchar(45) DEFAULT NULL,
  PRIMARY KEY (`crm_run_rate_type_id`)
) ENGINE=InnoDB DEFAULT CHARSET=utf8;
/*!40101 SET character_set_client = @saved_cs_client */;

--
-- Dumping data for table `crm_run_rate_type`
--

LOCK TABLES `crm_run_rate_type` WRITE;
/*!40000 ALTER TABLE `crm_run_rate_type` DISABLE KEYS */;
INSERT INTO `crm_run_rate_type` VALUES (1,'Consumibles'),(2,'Refacciones'),(3,'Monitores/pantallas/videoproyectores'),(4,'Accesorios'),(5,'Energía'),(6,'Otros');
/*!40000 ALTER TABLE `crm_run_rate_type` ENABLE KEYS */;
UNLOCK TABLES;

--
-- Table structure for table `crm_tender`
--

DROP TABLE IF EXISTS `crm_tender`;
/*!40101 SET @saved_cs_client     = @@character_set_client */;
/*!40101 SET character_set_client = utf8 */;
CREATE TABLE `crm_tender` (
  `crm_tender_id` int(11) NOT NULL,
  `start_up_date` datetime DEFAULT NULL,
  `deadline` datetime DEFAULT NULL,
  `requirements` varchar(255) DEFAULT NULL,
  `comments` varchar(255) DEFAULT NULL,
  `crm_client_id` int(11) NOT NULL,
  `crm_user_id` int(11) NOT NULL,
  `crm_business_line_id` int(11) NOT NULL,
  `decision_maker` varchar(45) NOT NULL,
  `date_created` datetime DEFAULT NULL,
  `current_brand` varchar(45) DEFAULT NULL,
  PRIMARY KEY (`crm_tender_id`),
  KEY `fk_crm_tender_crm_client1_idx` (`crm_client_id`),
  KEY `fk_crm_tender_crm_user1_idx` (`crm_user_id`),
  KEY `fk_crm_tender_crm_business_line1_idx` (`crm_business_line_id`),
  CONSTRAINT `fk_crm_tender_crm_business_line1` FOREIGN KEY (`crm_business_line_id`) REFERENCES `crm_business_line` (`crm_business_line_id`) ON DELETE NO ACTION ON UPDATE NO ACTION,
  CONSTRAINT `fk_crm_tender_crm_client1` FOREIGN KEY (`crm_client_id`) REFERENCES `crm_client` (`crm_client_id`) ON DELETE NO ACTION ON UPDATE NO ACTION,
  CONSTRAINT `fk_crm_tender_crm_user1` FOREIGN KEY (`crm_user_id`) REFERENCES `crm_user` (`crm_user_id`) ON DELETE NO ACTION ON UPDATE NO ACTION
) ENGINE=InnoDB DEFAULT CHARSET=utf8;
/*!40101 SET character_set_client = @saved_cs_client */;

--
-- Dumping data for table `crm_tender`
--

LOCK TABLES `crm_tender` WRITE;
/*!40000 ALTER TABLE `crm_tender` DISABLE KEYS */;
INSERT INTO `crm_tender` VALUES (7,'2017-01-23 00:00:00','2017-04-23 00:00:00','REQ','OBS',7,2,2,'YO','2017-01-08 20:48:31','HP'),(8,'2017-01-24 00:00:00','2017-04-23 00:00:00','req','obs',1,2,4,'YO','2017-01-08 22:45:18','HP'),(9,'2017-01-27 00:00:00','2017-04-27 00:00:00','REQUISITOS','OBSERVACIONES',9,2,7,'PEDRO','2017-01-08 22:50:43','SAMSUNG'),(10,'2017-01-23 00:00:00','2017-04-23 00:00:00','REQUISITOS','OBSERVACIONES',9,2,6,'PEDRO','2017-01-08 22:59:44','SAMSUNG'),(11,'2017-01-20 00:00:00','2017-04-20 00:00:00','REQUISITOS','OBSERVACIONES',8,2,3,'PABLO','2017-01-08 23:03:12','EPSON'),(12,'2016-10-09 00:00:00','2017-01-09 00:00:00','REQUISITOS','OBSERVACIONES',7,2,3,'ANA','2017-01-09 02:46:58','LOGITECH'),(13,'2017-02-03 00:00:00','2017-05-03 00:00:00','Requisitos indispensables','Observaciones',7,2,2,'Rosa Mendiola','2017-01-30 00:53:34','HP'),(14,'2017-02-02 00:00:00','2017-05-02 00:00:00','RFC, etc','Cámaras y video',12,2,11,'Ramiro Pérez','2017-01-31 10:05:39','HP');
/*!40000 ALTER TABLE `crm_tender` ENABLE KEYS */;
UNLOCK TABLES;

--
-- Table structure for table `crm_user`
--

DROP TABLE IF EXISTS `crm_user`;
/*!40101 SET @saved_cs_client     = @@character_set_client */;
/*!40101 SET character_set_client = utf8 */;
CREATE TABLE `crm_user` (
  `crm_user_id` int(11) NOT NULL,
  `user` varchar(45) DEFAULT NULL,
  `password` varchar(45) DEFAULT NULL,
  `first_name` varchar(45) DEFAULT NULL,
  `last_name` varchar(45) DEFAULT NULL,
  `email` varchar(45) DEFAULT NULL,
  `dateCreated` datetime DEFAULT NULL,
  `status` varchar(45) DEFAULT NULL,
  PRIMARY KEY (`crm_user_id`)
) ENGINE=InnoDB DEFAULT CHARSET=utf8;
/*!40101 SET character_set_client = @saved_cs_client */;

--
-- Dumping data for table `crm_user`
--

LOCK TABLES `crm_user` WRITE;
/*!40000 ALTER TABLE `crm_user` DISABLE KEYS */;
INSERT INTO `crm_user` VALUES (1,'marisol.valencia','1234','Marisol','Valencia','marisolv@socia.com.mx','2016-10-23 00:00:00','A'),(2,'emma.lopez','1234','Emma','López','emmal@socia.com.mx','2016-10-23 00:00:00','A'),(3,'erly.serrano','1234','Erly','Serrano','erlys@socia.com.mx','2016-10-23 00:00:00','A'),(4,'yusbely.oramas','1234','Yusbely','Oramas','yusbelyo@socia.com.mx','2016-10-23 00:00:00','A'),(5,'marilu.valeriano','1234','Marilú','Valeriano','mariluv@socia.com.mx','2016-10-23 00:00:00','A'),(6,'karen.torres','1234','Karen','Torres','karent@socia.com.mx','2016-10-23 00:00:00','A'),(7,'ricardo.camacho','1234','Ricardo','Camacho','rcamacho@socia.com.mx','2016-12-10 00:00:00','A'),(8,'alejandro.perez','1234','Alejandro','Pérez','aperez@socia.com.mx','2016-12-10 00:00:00','A');
/*!40000 ALTER TABLE `crm_user` ENABLE KEYS */;
UNLOCK TABLES;

--
-- Table structure for table `crm_user_role`
--

DROP TABLE IF EXISTS `crm_user_role`;
/*!40101 SET @saved_cs_client     = @@character_set_client */;
/*!40101 SET character_set_client = utf8 */;
CREATE TABLE `crm_user_role` (
  `crm_user_role_id` int(11) NOT NULL,
  `roleDescription` varchar(45) DEFAULT NULL,
  PRIMARY KEY (`crm_user_role_id`)
) ENGINE=InnoDB DEFAULT CHARSET=utf8;
/*!40101 SET character_set_client = @saved_cs_client */;

--
-- Dumping data for table `crm_user_role`
--

LOCK TABLES `crm_user_role` WRITE;
/*!40000 ALTER TABLE `crm_user_role` DISABLE KEYS */;
INSERT INTO `crm_user_role` VALUES (1,'BDM'),(2,'Ejecutivo'),(3,'Administrador');
/*!40000 ALTER TABLE `crm_user_role` ENABLE KEYS */;
UNLOCK TABLES;

--
-- Table structure for table `crm_user_userrole`
--

DROP TABLE IF EXISTS `crm_user_userrole`;
/*!40101 SET @saved_cs_client     = @@character_set_client */;
/*!40101 SET character_set_client = utf8 */;
CREATE TABLE `crm_user_userrole` (
  `crm_user_id` int(11) NOT NULL,
  `crm_user_role_id` int(11) NOT NULL,
  KEY `fk_crm_mvs_users_crm_users1_idx` (`crm_user_id`),
  KEY `fk_crm_mvs_users_crm_user_role1_idx` (`crm_user_role_id`),
  CONSTRAINT `fk_crm_mvs_users_crm_user_role1` FOREIGN KEY (`crm_user_role_id`) REFERENCES `crm_user_role` (`crm_user_role_id`) ON DELETE NO ACTION ON UPDATE NO ACTION,
  CONSTRAINT `fk_crm_mvs_users_crm_users1` FOREIGN KEY (`crm_user_id`) REFERENCES `crm_user` (`crm_user_id`) ON DELETE NO ACTION ON UPDATE NO ACTION
) ENGINE=InnoDB DEFAULT CHARSET=utf8;
/*!40101 SET character_set_client = @saved_cs_client */;

--
-- Dumping data for table `crm_user_userrole`
--

LOCK TABLES `crm_user_userrole` WRITE;
/*!40000 ALTER TABLE `crm_user_userrole` DISABLE KEYS */;
INSERT INTO `crm_user_userrole` VALUES (1,1),(2,2),(3,1),(4,2),(5,2),(6,2),(7,3),(8,3);
/*!40000 ALTER TABLE `crm_user_userrole` ENABLE KEYS */;
UNLOCK TABLES;

--
-- Table structure for table `vendor`
--

DROP TABLE IF EXISTS `vendor`;
/*!40101 SET @saved_cs_client     = @@character_set_client */;
/*!40101 SET character_set_client = utf8 */;
CREATE TABLE `vendor` (
  `vendor_num` varchar(20) NOT NULL,
  `name` varchar(45) DEFAULT NULL,
  `stat` varchar(1) DEFAULT NULL,
  PRIMARY KEY (`vendor_num`)
) ENGINE=InnoDB DEFAULT CHARSET=utf8;
/*!40101 SET character_set_client = @saved_cs_client */;

--
-- Dumping data for table `vendor`
--

LOCK TABLES `vendor` WRITE;
/*!40000 ALTER TABLE `vendor` DISABLE KEYS */;
INSERT INTO `vendor` VALUES ('047','Epson','P'),('048','Xerox','P'),('4023','HP','P');
/*!40000 ALTER TABLE `vendor` ENABLE KEYS */;
UNLOCK TABLES;

--
-- Dumping routines for database 'socia'
--
/*!50003 DROP PROCEDURE IF EXISTS `getConsecutive` */;
/*!50003 SET @saved_cs_client      = @@character_set_client */ ;
/*!50003 SET @saved_cs_results     = @@character_set_results */ ;
/*!50003 SET @saved_col_connection = @@collation_connection */ ;
/*!50003 SET character_set_client  = utf8 */ ;
/*!50003 SET character_set_results = utf8 */ ;
/*!50003 SET collation_connection  = utf8_general_ci */ ;
/*!50003 SET @saved_sql_mode       = @@sql_mode */ ;
/*!50003 SET sql_mode              = 'STRICT_TRANS_TABLES,NO_AUTO_CREATE_USER,NO_ENGINE_SUBSTITUTION' */ ;
DELIMITER ;;
CREATE DEFINER=`root`@`localhost` PROCEDURE `getConsecutive`( IN conceptIn varchar(45), OUT consecutiveOut INT )
BEGIN
    SELECT 
      consecutive INTO consecutiveOut 
	FROM crm_consecutives
    WHERE 
      concept = conceptIn  FOR UPDATE  ;

    UPDATE crm_consecutives SET consecutive = consecutiveOut+1 WHERE concept = conceptIn;
END ;;
DELIMITER ;
/*!50003 SET sql_mode              = @saved_sql_mode */ ;
/*!50003 SET character_set_client  = @saved_cs_client */ ;
/*!50003 SET character_set_results = @saved_cs_results */ ;
/*!50003 SET collation_connection  = @saved_col_connection */ ;
/*!40103 SET TIME_ZONE=@OLD_TIME_ZONE */;

/*!40101 SET SQL_MODE=@OLD_SQL_MODE */;
/*!40014 SET FOREIGN_KEY_CHECKS=@OLD_FOREIGN_KEY_CHECKS */;
/*!40014 SET UNIQUE_CHECKS=@OLD_UNIQUE_CHECKS */;
/*!40101 SET CHARACTER_SET_CLIENT=@OLD_CHARACTER_SET_CLIENT */;
/*!40101 SET CHARACTER_SET_RESULTS=@OLD_CHARACTER_SET_RESULTS */;
/*!40101 SET COLLATION_CONNECTION=@OLD_COLLATION_CONNECTION */;
/*!40111 SET SQL_NOTES=@OLD_SQL_NOTES */;

-- Dump completed on 2017-02-11 13:55:48
